Customer ID,last_purchase,first_purchase,frequency,monetary,total_quantity,unique_products,recency,lifetime_days,aov,avg_days_between,return_qty,positive_qty,return_ratio,future_orders,churn
12346,2011-01-18 10:01:00,2009-12-14 08:34:00,12,77556.46,74285,27,163,400,6463.038333333334,36.36363636363637,74232.0,74285.0,0.9992865316012653,0,1
12347,2011-06-09 13:01:00,2010-10-31 14:20:00,5,2817.48,1822,101,21,220,563.496,55.0,0.0,1822.0,0.0,1,0
12348,2011-04-05 10:47:00,2010-09-27 14:59:00,4,1709.3999999999999,2497,25,86,189,427.34999999999997,63.0,0.0,2497.0,0.0,1,0
12349,2010-10-28 08:23:00,2010-04-29 13:20:00,3,2671.14,993,90,245,181,890.38,90.5,5.0,993.0,0.005035246727089627,0,1
12350,2011-02-02 16:01:00,2011-02-02 16:01:00,1,334.4,197,17,148,1,334.4,1.0,0.0,197.0,0.0,0,1
12351,2010-11-29 15:23:00,2010-11-29 15:23:00,1,300.93,261,21,213,1,300.93,1.0,0.0,261.0,0.0,0,1
12352,2011-03-22 16:08:00,2010-11-12 10:20:00,7,1905.61,442,38,100,130,272.22999999999996,21.666666666666668,66.0,442.0,0.1493212669683258,2,0
12353,2011-05-19 17:47:00,2010-10-27 12:44:00,2,406.76,212,23,42,204,203.38,204.0,0.0,212.0,0.0,0,1
12354,2011-04-21 13:11:00,2011-04-21 13:11:00,1,1079.4,530,58,70,1,1079.4,1.0,0.0,530.0,0.0,0,1
12355,2011-05-09 13:49:00,2010-05-21 11:59:00,2,947.61,543,35,52,353,473.805,353.0,0.0,543.0,0.0,0,1
12356,2011-04-08 12:33:00,2010-10-11 09:42:00,5,6313.38,3411,104,83,179,1262.676,44.75,0.0,3411.0,0.0,0,1
12357,2010-11-16 14:29:00,2010-11-16 10:05:00,2,12079.99,3879,165,226,1,6039.995,1.0,0.0,3879.0,0.0,0,1
12358,2010-11-29 10:56:00,2009-12-08 07:59:00,3,2719.01,831,52,213,356,906.3366666666667,178.0,0.0,831.0,0.0,1,0
12359,2011-06-03 12:26:00,2009-12-05 13:32:00,9,6059.09,2095,230,27,544,673.2322222222223,68.0,220.0,2095.0,0.10501193317422435,0,1
12360,2011-05-23 09:43:00,2010-02-22 09:32:00,6,2674.41,1728,108,38,455,445.73499999999996,91.0,1.0,1728.0,0.0005787037037037037,1,0
12361,2011-02-25 13:51:00,2010-01-26 14:37:00,4,511.25,235,18,125,394,127.8125,131.33333333333334,0.0,235.0,0.0,0,1
12362,2011-04-28 09:12:00,2009-12-01 10:10:00,3,1104.34,505,52,63,512,368.1133333333333,256.0,2.0,505.0,0.0039603960396039604,3,0
12363,2011-04-11 13:29:00,2011-04-11 13:29:00,1,299.1,282,16,80,1,299.1,1.0,0.0,282.0,0.0,1,0
12365,2011-02-21 14:04:00,2011-02-21 13:51:00,2,641.38,174,22,129,1,320.69,1.0,1.0,174.0,0.005747126436781609,0,1
12366,2010-03-16 10:28:00,2010-03-16 10:28:00,1,500.24,296,3,471,1,500.24,1.0,0.0,296.0,0.0,0,1
12368,2010-03-21 15:56:00,2010-03-21 15:56:00,1,917.6999999999999,330,18,466,1,917.6999999999999,1.0,0.0,330.0,0.0,0,1
12369,2010-10-22 13:13:00,2010-03-08 08:09:00,3,1791.15,1241,90,251,228,597.0500000000001,114.0,0.0,1241.0,0.0,0,1
12370,2011-03-10 12:48:00,2010-02-09 09:41:00,6,3577.28,2224,150,112,394,596.2133333333334,78.8,0.0,2224.0,0.0,0,1
12371,2010-10-26 13:37:00,2010-03-04 18:23:00,3,2179.42,845,91,247,235,726.4733333333334,117.5,0.0,845.0,0.0,0,1
12372,2011-05-11 10:43:00,2011-02-16 12:46:00,2,914.9200000000001,592,32,50,83,457.46000000000004,83.0,0.0,592.0,0.0,1,0
12373,2011-02-01 13:10:00,2010-02-04 12:08:00,3,1127.65,516,36,149,362,375.8833333333334,181.0,0.0,516.0,0.0,0,1
12374,2010-10-14 13:31:00,2010-04-30 14:01:00,3,2246.29,1020,47,259,166,748.7633333333333,83.0,0.0,1020.0,0.0,0,1
12376,2010-11-15 12:15:00,2010-10-18 08:42:00,2,503.15,240,11,227,28,251.575,28.0,0.0,240.0,0.0,0,1
12377,2011-01-28 15:45:00,2010-04-29 15:34:00,4,3426.32,2105,129,153,274,856.58,91.33333333333333,0.0,2105.0,0.0,0,1
12378,2010-05-26 14:07:00,2010-05-26 14:07:00,1,1407.7,787,82,400,1,1407.7,1.0,0.0,787.0,0.0,1,0
12379,2011-06-22 16:32:00,2010-06-23 12:49:00,3,1227.82,619,50,8,364,409.2733333333333,182.0,0.0,619.0,0.0,1,0
12380,2011-06-07 09:49:00,2010-02-15 12:05:00,8,7559.04,2521,125,23,476,944.88,68.0,29.0,2521.0,0.011503371677905593,1,0
12383,2011-06-08 08:02:00,2010-12-22 14:28:00,5,1850.56,1532,84,22,167,370.11199999999997,41.75,3.0,1532.0,0.0019582245430809398,0,1
12385,2010-11-25 15:14:00,2010-11-25 15:14:00,1,1938.4,612,65,217,1,1938.4,1.0,1.0,612.0,0.0016339869281045752,0,1
12386,2011-01-06 12:37:00,2010-12-08 09:53:00,2,401.9,354,10,175,29,200.95,29.0,0.0,354.0,0.0,0,1
12387,2010-10-20 16:27:00,2010-10-20 16:27:00,1,143.94,134,9,253,1,143.94,1.0,0.0,134.0,0.0,0,1
12388,2011-03-09 15:47:00,2010-05-06 12:54:00,5,1886.7,870,52,113,307,377.34000000000003,76.75,0.0,870.0,0.0,2,0
12389,2010-11-02 11:52:00,2010-02-22 10:15:00,3,1433.33,614,41,240,253,477.77666666666664,126.5,0.0,614.0,0.0,0,1
12391,2010-09-01 12:38:00,2010-02-15 10:12:00,5,2285.18,911,159,302,198,457.03599999999994,49.5,8.0,911.0,0.008781558726673985,0,1
12392,2010-04-27 14:04:00,2010-04-27 14:04:00,1,234.75000000000003,73,7,429,1,234.75000000000003,1.0,0.0,73.0,0.0,0,1
12393,2011-04-08 09:45:00,2010-10-07 13:49:00,5,1877.95,1017,53,83,182,375.59000000000003,45.5,6.0,1017.0,0.0058997050147492625,1,0
12394,2011-05-06 14:01:00,2011-05-06 14:01:00,1,381.08,182,21,55,1,381.08,1.0,0.0,182.0,0.0,0,1
12395,2011-06-30 16:52:00,2010-04-16 10:16:00,10,3436.16,2681,119,0,440,343.616,48.888888888888886,4.0,2681.0,0.0014919806042521448,1,0
12396,2010-02-03 13:22:00,2010-02-03 13:22:00,1,931.43,591,65,512,1,931.43,1.0,0.0,591.0,0.0,0,1
12399,2011-06-09 13:09:00,2010-03-05 08:45:00,6,1752.68,2023,58,21,461,292.11333333333334,92.2,0.0,2023.0,0.0,1,0
12400,2010-10-21 13:45:00,2010-10-21 13:45:00,1,205.25,91,11,252,1,205.25,1.0,0.0,91.0,0.0,0,1
12401,2011-02-09 13:50:00,2011-02-09 13:50:00,1,84.3,11,5,141,1,84.3,1.0,0.0,11.0,0.0,0,1
12402,2011-01-20 13:49:00,2010-02-07 12:41:00,6,1256.9,584,43,161,347,209.48333333333335,69.4,1.0,584.0,0.0017123287671232876,0,1
12403,2010-07-06 11:39:00,2010-07-06 11:39:00,1,591.6600000000001,164,4,359,1,591.6600000000001,1.0,0.0,164.0,0.0,0,1
12404,2010-01-26 16:25:00,2010-01-26 16:25:00,1,63.24,1,1,520,1,63.24,1.0,0.0,1.0,0.0,0,1
12406,2011-06-09 10:23:00,2010-01-11 14:04:00,4,4596.31,2391,81,21,513,1149.0775,171.0,24.0,2391.0,0.010037641154328732,0,1
12407,2011-04-18 12:25:00,2011-03-20 13:21:00,2,495.96,419,23,73,28,247.98,28.0,0.0,419.0,0.0,2,0
12408,2011-06-17 10:51:00,2010-07-29 13:27:00,6,2943.99,1554,86,13,322,490.66499999999996,64.4,42.0,1554.0,0.02702702702702703,1,0
12409,2011-06-10 12:19:00,2010-05-23 15:21:00,5,18553.7,10734,165,20,382,3710.7400000000002,95.5,108.0,10734.0,0.010061486864169928,2,0
12410,2011-02-04 10:39:00,2010-07-25 13:26:00,3,1013.71,341,36,146,193,337.90333333333336,96.5,2.0,341.0,0.005865102639296188,0,1
12411,2010-10-26 09:25:00,2010-10-26 09:25:00,1,346.9,138,22,247,1,346.9,1.0,0.0,138.0,0.0,0,1
12412,2011-06-23 13:51:00,2010-06-18 13:22:00,4,1884.55,1526,69,7,370,471.1375,123.33333333333333,6.0,1526.0,0.003931847968545216,2,0
12413,2011-04-17 15:33:00,2010-11-02 13:26:00,3,805.25,238,37,74,166,268.4166666666667,83.0,4.0,238.0,0.01680672268907563,0,1
12414,2011-05-06 14:51:00,2010-09-02 12:22:00,6,952.41,495,21,55,246,158.73499999999999,49.2,194.0,495.0,0.39191919191919194,0,1
12415,2011-06-15 13:37:00,2010-06-30 08:30:00,16,93854.55,61313,382,15,350,5865.909375,23.333333333333332,210.0,61393.0,0.0034205854087599563,6,0
12416,2010-02-21 10:19:00,2010-02-21 10:19:00,1,202.56,132,11,494,1,202.56,1.0,0.0,132.0,0.0,0,1
12417,2011-06-05 15:46:00,2009-12-06 10:30:00,16,5046.58,2027,210,25,546,315.41125,36.4,23.0,2037.0,0.011291114383897889,2,0
12418,2010-10-22 10:29:00,2010-03-19 14:47:00,3,1352.62,681,61,251,216,450.8733333333333,108.0,1.0,681.0,0.0014684287812041115,1,0
12419,2010-11-19 10:04:00,2010-10-22 10:40:00,2,503.01,231,23,223,27,251.505,27.0,0.0,231.0,0.0,0,1
12421,2011-06-19 13:54:00,2010-07-22 13:57:00,4,688.36,417,35,11,331,172.09,110.33333333333333,5.0,417.0,0.011990407673860911,1,0
12422,2011-06-24 13:20:00,2009-12-18 12:44:00,16,5084.1,2514,129,6,553,317.75625,36.86666666666667,5.0,2514.0,0.001988862370723946,1,0
12423,2011-06-01 09:26:00,2010-08-31 09:31:00,8,2214.77,1441,113,29,273,276.84625,39.0,0.0,1441.0,0.0,1,0
12424,2011-06-30 12:06:00,2010-06-09 15:15:00,4,3340.03,2025,78,0,385,835.0075,128.33333333333334,10.0,2025.0,0.0049382716049382715,0,1
12425,2010-09-17 14:10:00,2010-09-17 14:10:00,1,964.21,651,55,286,1,964.21,1.0,44.0,651.0,0.06758832565284179,1,0
12426,2011-05-29 12:26:00,2010-02-15 08:41:00,2,1345.21,584,73,32,468,672.605,468.0,7.0,584.0,0.011986301369863013,0,1
12427,2010-12-03 10:44:00,2010-12-03 10:44:00,1,303.5,79,10,209,1,303.5,1.0,9.0,79.0,0.11392405063291139,0,1
12428,2011-04-11 10:04:00,2011-03-01 09:33:00,6,6310.54,2773,228,80,41,1051.7566666666667,8.2,32.0,2773.0,0.01153984853948792,2,0
12429,2011-06-20 12:14:00,2010-06-11 13:28:00,7,5298.89,2378,107,10,373,756.9842857142858,62.166666666666664,120.0,2378.0,0.050462573591253154,0,1
12431,2011-05-23 09:14:00,2010-01-15 09:04:00,19,7103.3,2968,198,38,493,373.8578947368421,27.38888888888889,32.0,2968.0,0.01078167115902965,4,0
12432,2011-06-22 13:12:00,2011-06-20 13:27:00,3,4016.66,1427,75,8,1,1338.8866666666665,0.5,0.0,1427.0,0.0,0,1
12433,2010-12-08 16:49:00,2010-08-20 09:23:00,5,7205.39,6045,163,204,110,1441.078,27.5,1.0,6045.0,0.00016542597187758478,1,0
12434,2011-03-24 13:05:00,2010-11-23 13:38:00,2,583.54,215,34,98,120,291.77,120.0,21.0,215.0,0.09767441860465116,1,0
12435,2011-03-17 07:40:00,2009-12-02 13:58:00,5,10075.03,3782,81,105,469,2015.006,117.25,0.0,3782.0,0.0,1,0
12437,2011-06-15 09:01:00,2009-12-02 16:24:00,30,10208.72,6721,230,15,559,340.29066666666665,19.275862068965516,70.0,6721.0,0.010415116798095522,3,0
12439,2010-01-26 12:11:00,2009-12-14 08:40:00,2,1142.88,478,69,520,43,571.44,43.0,30.0,478.0,0.06276150627615062,0,1
12440,2010-09-03 13:11:00,2009-12-22 12:03:00,2,859.2,331,21,300,255,429.6,255.0,23.0,331.0,0.06948640483383686,0,1
12441,2010-12-08 10:45:00,2010-12-08 10:45:00,1,173.55,121,11,204,1,173.55,1.0,0.0,121.0,0.0,0,1
12443,2009-12-07 15:42:00,2009-12-07 15:42:00,1,485.31,182,21,570,1,485.31,1.0,0.0,182.0,0.0,0,1
12444,2011-06-21 14:00:00,2011-06-21 14:00:00,1,1870.2,582,90,9,1,1870.2,1.0,0.0,582.0,0.0,2,0
12445,2010-10-15 12:28:00,2010-10-15 12:28:00,1,301.58000000000004,144,20,258,1,301.58000000000004,1.0,2.0,144.0,0.013888888888888888,0,1
12447,2011-04-10 13:25:00,2011-04-10 13:25:00,1,476.49,190,26,81,1,476.49,1.0,0.0,190.0,0.0,0,1
12449,2011-06-05 15:37:00,2010-09-27 09:37:00,3,1627.53,1119,57,25,251,542.51,125.5,0.0,1119.0,0.0,2,0
12450,2011-06-19 14:36:00,2010-08-22 13:11:00,4,592.2,378,31,11,301,148.05,100.33333333333333,7.0,378.0,0.018518518518518517,1,0
12451,2011-05-05 17:34:00,2010-06-28 12:58:00,5,8942.18,6889,259,56,311,1788.4360000000001,77.75,13.0,6889.0,0.0018870663376397154,0,1
12454,2010-11-09 10:09:00,2010-10-14 17:33:00,4,13151.44,6697,9,233,25,3287.86,8.333333333333334,4465.0,6697.0,0.6667164401971032,0,1
12455,2011-06-03 11:33:00,2009-12-18 12:33:00,7,5376.39,2843,168,27,531,768.0557142857143,88.5,0.0,2843.0,0.0,3,0
12456,2011-03-30 09:12:00,2011-03-30 09:12:00,1,940.1700000000001,445,41,92,1,940.1700000000001,1.0,0.0,445.0,0.0,1,0
12457,2011-04-20 10:10:00,2010-09-30 17:59:00,4,1699.93,648,37,71,201,424.9825,67.0,114.0,649.0,0.17565485362095531,3,0
12458,2011-02-28 10:55:00,2010-08-09 10:33:00,3,1272.01,750,58,122,203,424.00333333333333,101.5,0.0,750.0,0.0,1,0
12459,2010-04-13 14:53:00,2010-04-13 14:53:00,1,454.36,258,23,443,1,454.36,1.0,0.0,258.0,0.0,0,1
12460,2010-09-09 13:51:00,2010-09-09 13:51:00,1,326.65,170,18,294,1,326.65,1.0,0.0,170.0,0.0,0,1
12462,2011-02-09 14:44:00,2011-02-09 14:44:00,1,762.11,287,40,141,1,762.11,1.0,4.0,287.0,0.013937282229965157,0,1
12463,2011-06-17 14:28:00,2011-04-12 12:47:00,3,985.79,577,51,13,66,328.59666666666664,33.0,6.0,577.0,0.010398613518197574,0,1
12464,2011-05-23 11:49:00,2011-02-03 13:30:00,4,544.8499999999999,54,6,38,108,136.21249999999998,36.0,0.0,54.0,0.0,2,0
12465,2011-06-23 13:37:00,2011-06-23 13:37:00,1,440.94,294,26,7,1,440.94,1.0,0.0,294.0,0.0,0,1
12466,2010-01-26 16:26:00,2010-01-26 16:26:00,1,56.73,1,1,520,1,56.73,1.0,0.0,1.0,0.0,0,1
12467,2010-10-12 15:41:00,2010-10-12 15:41:00,1,132.8,129,9,261,1,132.8,1.0,129.0,129.0,1.0,0,1
12468,2011-06-05 11:36:00,2010-01-26 10:09:00,5,3670.74,2201,127,25,495,734.1479999999999,123.75,15.0,2201.0,0.0068150840527033164,0,1
12469,2010-07-05 12:40:00,2010-06-21 10:30:00,2,3070.54,2552,76,360,14,1535.27,14.0,0.0,2552.0,0.0,0,1
12470,2010-01-19 11:01:00,2010-01-19 11:01:00,1,211.95,95,23,527,1,211.95,1.0,0.0,95.0,0.0,0,1
12471,2011-05-13 08:11:00,2009-12-07 10:41:00,62,28491.46,11695,189,48,521,459.5396774193548,8.540983606557377,326.0,11704.0,0.027853725222146276,8,0
12472,2011-06-13 14:13:00,2009-12-14 10:49:00,16,13992.68,8846,348,17,546,874.5425,36.4,374.0,8846.0,0.0422789961564549,1,0
12473,2011-06-01 10:15:00,2011-06-01 10:15:00,1,661.6899999999999,532,34,29,1,661.6899999999999,1.0,73.0,532.0,0.13721804511278196,1,0
12474,2011-06-26 15:36:00,2010-02-11 09:41:00,23,8239.8,5056,265,4,500,358.25217391304346,22.727272727272727,109.0,5056.0,0.02155854430379747,3,0
12475,2010-10-26 08:49:00,2010-10-26 08:49:00,1,426.26,236,25,247,1,426.26,1.0,0.0,236.0,0.0,0,1
12476,2011-05-05 17:13:00,2010-07-26 09:04:00,17,9712.59,4051,273,56,283,571.3288235294118,17.6875,38.0,4051.0,0.009380399901258949,2,0
12477,2011-04-14 13:59:00,2010-03-26 14:01:00,5,11633.6,3833,249,77,383,2326.7200000000003,95.75,2.0,3833.0,0.0005217845030002609,1,0
12480,2011-03-17 13:23:00,2010-07-20 13:21:00,5,3770.4900000000002,2007,120,105,240,754.0980000000001,60.0,5.0,2007.0,0.002491280518186348,1,0
12481,2011-06-13 10:52:00,2010-04-11 13:10:00,13,10690.95,6215,213,17,427,822.3807692307693,35.583333333333336,138.0,6215.0,0.022204344328238132,0,1
12482,2010-05-12 16:51:00,2010-02-24 10:24:00,29,23691.4,27042,42,414,77,816.944827586207,2.75,3.0,27042.0,0.00011093854004881296,0,1
12483,2011-06-09 12:20:00,2010-01-31 13:28:00,16,3926.81,1679,55,21,493,245.425625,32.86666666666667,19.0,1679.0,0.011316259678379988,1,0
12484,2011-06-16 11:30:00,2010-01-27 16:41:00,8,4103.44,2133,223,14,504,512.93,72.0,10.0,2133.0,0.0046882325363338025,2,0
12485,2010-06-28 15:22:00,2010-06-28 15:22:00,1,708.1,414,34,367,1,708.1,1.0,0.0,414.0,0.0,0,1
12486,2010-10-04 12:14:00,2010-10-04 12:14:00,1,1037.28,523,49,269,1,1037.28,1.0,0.0,523.0,0.0,0,1
12487,2009-12-09 11:36:00,2009-12-09 11:36:00,1,285.29999999999995,174,2,568,1,285.29999999999995,1.0,30.0,174.0,0.1724137931034483,0,1
12489,2011-01-07 13:13:00,2011-01-07 13:13:00,1,334.93,105,15,174,1,334.93,1.0,0.0,105.0,0.0,0,1
12490,2011-06-20 14:58:00,2009-12-01 12:52:00,14,6085.49,3765,142,10,566,434.67785714285714,43.53846153846154,4.0,3765.0,0.0010624169986719787,3,0
12492,2010-11-01 14:58:00,2010-11-01 14:58:00,1,452.0,252,22,241,1,452.0,1.0,0.0,252.0,0.0,1,0
12493,2011-06-27 10:17:00,2011-05-26 14:53:00,2,433.74,207,20,3,31,216.87,31.0,1.0,207.0,0.004830917874396135,0,1
12494,2011-05-27 13:49:00,2010-05-12 13:52:00,6,1284.81,557,54,34,379,214.135,75.8,20.0,557.0,0.03590664272890485,1,0
12495,2010-03-09 10:53:00,2010-03-09 10:53:00,1,357.4,130,17,478,1,357.4,1.0,4.0,130.0,0.03076923076923077,0,1
12496,2010-03-29 14:06:00,2010-03-29 13:57:00,2,45.34,30,10,458,1,22.67,1.0,0.0,30.0,0.0,0,1
12497,2010-11-04 12:31:00,2010-03-05 09:39:00,2,5205.400000000001,4449,30,238,244,2602.7000000000003,244.0,1.0,4449.0,0.0002247696111485727,1,0
12499,2010-05-28 15:12:00,2010-05-28 15:12:00,1,393.72,302,27,398,1,393.72,1.0,0.0,302.0,0.0,0,1
12500,2011-06-24 10:16:00,2010-02-04 15:05:00,13,3093.23,1680,71,6,504,237.94076923076923,42.0,10.0,1680.0,0.005952380952380952,1,0
12501,2011-01-07 12:28:00,2011-01-07 12:28:00,1,2169.39,1783,149,174,1,2169.39,1.0,61.0,1783.0,0.034212002243409985,0,1
12502,2011-05-06 08:19:00,2011-02-03 10:41:00,3,1842.65,434,61,55,91,614.2166666666667,45.5,0.0,434.0,0.0,2,0
12503,2010-05-04 13:59:00,2010-05-04 13:59:00,1,1126.0,561,2,422,1,1126.0,1.0,1.0,561.0,0.0017825311942959,0,1
12504,2010-10-18 15:09:00,2010-04-22 10:24:00,2,297.0,368,8,255,179,148.5,179.0,0.0,368.0,0.0,0,1
12505,2010-10-27 09:18:00,2010-10-27 09:18:00,1,955.2,324,42,246,1,955.2,1.0,11.0,324.0,0.033950617283950615,0,1
12506,2011-04-21 08:54:00,2011-04-21 08:54:00,1,73.5,23,23,70,1,73.5,1.0,0.0,23.0,0.0,0,1
12507,2011-02-14 09:24:00,2010-05-04 09:23:00,2,985.41,581,40,136,286,492.705,286.0,0.0,581.0,0.0,2,0
12509,2011-02-28 14:45:00,2011-02-28 14:45:00,1,176.5,55,7,122,1,176.5,1.0,0.0,55.0,0.0,0,1
12510,2011-01-18 14:04:00,2009-12-04 13:47:00,8,4876.5,1990,94,163,410,609.5625,58.57142857142857,31.0,1990.0,0.015577889447236181,1,0
12511,2010-10-07 10:39:00,2010-10-07 10:39:00,1,3084.02,1753,190,266,1,3084.02,1.0,5.0,1753.0,0.002852253280091272,0,1
12514,2011-03-17 16:38:00,2010-03-08 12:18:00,2,1597.76,840,76,105,374,798.88,374.0,0.0,840.0,0.0,0,1
12515,2010-12-21 15:43:00,2010-12-21 15:43:00,1,383.7,131,16,191,1,383.7,1.0,0.0,131.0,0.0,0,1
12516,2011-06-12 11:37:00,2010-04-19 14:14:00,3,1919.76,1422,42,18,418,639.92,209.0,0.0,1422.0,0.0,1,0
12517,2011-06-02 15:13:00,2011-06-02 15:13:00,1,749.7,413,125,28,1,749.7,1.0,0.0,413.0,0.0,2,0
12519,2010-08-20 08:21:00,2010-08-20 08:21:00,1,385.7,212,22,314,1,385.7,1.0,7.0,212.0,0.0330188679245283,0,1
12520,2011-05-19 09:37:00,2011-03-11 11:35:00,3,1697.56,945,94,42,68,565.8533333333334,34.0,9.0,945.0,0.009523809523809525,2,0
12523,2011-04-01 09:19:00,2009-12-07 13:46:00,16,3062.77,1669,127,90,479,191.423125,31.933333333333334,23.0,1669.0,0.01378070701018574,4,0
12524,2011-06-30 15:30:00,2010-02-08 14:41:00,15,9762.869999999999,5769,138,0,507,650.858,36.214285714285715,5.0,5769.0,0.0008667013347200555,0,1
12525,2010-07-29 16:08:00,2010-03-02 14:01:00,3,973.73,509,56,336,149,324.57666666666665,74.5,22.0,509.0,0.043222003929273084,0,1
12527,2011-02-18 09:41:00,2010-06-28 15:37:00,4,671.72,513,24,132,234,167.93,78.0,0.0,513.0,0.0,1,0
12528,2011-03-08 11:46:00,2011-01-31 09:05:00,2,771.66,358,38,114,36,385.83,36.0,2.0,358.0,0.00558659217877095,2,0
12529,2010-06-29 13:10:00,2010-06-29 13:10:00,1,316.48,192,21,366,1,316.48,1.0,2.0,192.0,0.010416666666666666,0,1
12530,2011-04-20 09:31:00,2010-03-07 14:37:00,7,2901.98,2127,76,71,408,414.56857142857143,68.0,2.0,2127.0,0.0009402914903620122,1,0
12531,2010-01-22 14:17:00,2010-01-22 14:17:00,1,1807.98,1074,110,524,1,1807.98,1.0,15.0,1074.0,0.013966480446927373,0,1
12533,2010-03-22 10:56:00,2009-12-01 11:50:00,2,1367.89,704,63,465,110,683.945,110.0,136.0,704.0,0.19318181818181818,0,1
12535,2011-06-06 12:47:00,2011-06-06 12:47:00,1,371.45,115,18,24,1,371.45,1.0,0.0,115.0,0.0,1,0
12537,2010-10-27 08:36:00,2010-10-27 08:36:00,1,732.94,449,43,246,1,732.94,1.0,0.0,449.0,0.0,0,1
12538,2010-11-26 13:02:00,2010-11-26 13:02:00,1,276.5,145,13,216,1,276.5,1.0,0.0,145.0,0.0,0,1
12539,2011-03-22 16:00:00,2009-12-23 13:00:00,6,10164.09,4089,247,100,454,1694.015,90.8,1.0,4089.0,0.00024455857177794083,0,1
12540,2011-06-06 16:23:00,2009-12-07 16:56:00,23,15356.77,7342,246,24,545,667.685652173913,24.772727272727273,8.0,7342.0,0.001089621356578589,6,0
12541,2011-06-19 15:59:00,2011-03-04 09:32:00,2,536.14,419,27,11,107,268.07,107.0,0.0,419.0,0.0,0,1
12542,2010-08-12 19:12:00,2010-03-09 16:26:00,2,481.88,522,39,322,156,240.94,156.0,8.0,522.0,0.01532567049808429,0,1
12543,2010-09-17 15:51:00,2010-09-17 15:51:00,1,980.25,688,43,286,1,980.25,1.0,0.0,688.0,0.0,0,1
12545,2011-03-25 12:04:00,2011-03-25 12:04:00,1,628.15,346,34,97,1,628.15,1.0,0.0,346.0,0.0,1,0
12547,2011-05-26 12:38:00,2010-07-27 13:55:00,3,383.58,309,13,35,302,127.86,151.0,0.0,309.0,0.0,0,1
12548,2011-06-26 15:35:00,2011-06-26 15:35:00,1,95.19999999999999,49,5,4,1,95.19999999999999,1.0,0.0,49.0,0.0,0,1
12549,2010-05-13 12:05:00,2010-01-11 12:29:00,6,1575.68,1366,38,413,121,262.61333333333334,24.2,0.0,1366.0,0.0,0,1
12551,2010-12-17 11:23:00,2010-12-17 11:23:00,1,168.0,100,10,195,1,168.0,1.0,0.0,100.0,0.0,0,1
12553,2011-05-19 12:29:00,2010-10-12 13:35:00,7,2651.09,1338,91,42,218,378.7271428571429,36.333333333333336,41.0,1338.0,0.030642750373692077,2,0
12554,2010-09-17 12:29:00,2010-09-17 12:29:00,1,468.5,240,26,286,1,468.5,1.0,0.0,240.0,0.0,0,1
12555,2010-01-26 16:26:00,2010-01-26 16:26:00,1,129.23,1,1,520,1,129.23,1.0,0.0,1.0,0.0,0,1
12557,2011-03-28 16:41:00,2009-12-17 10:39:00,6,10959.800000000001,3956,15,94,466,1826.6333333333334,93.2,0.0,3956.0,0.0,1,0
12559,2011-02-02 09:49:00,2011-01-24 10:12:00,2,561.71,283,21,148,8,280.855,8.0,2.0,283.0,0.007067137809187279,0,1
12561,2011-02-10 11:39:00,2011-02-10 11:39:00,1,238.85,177,16,140,1,238.85,1.0,0.0,177.0,0.0,0,1
12562,2011-06-16 15:22:00,2010-09-30 13:13:00,4,2140.41,1001,54,14,259,535.1025,86.33333333333333,0.0,1001.0,0.0,2,0
12563,2010-10-27 09:52:00,2010-10-27 09:52:00,1,249.24,113,13,246,1,249.24,1.0,0.0,113.0,0.0,0,1
12564,2011-03-23 14:55:00,2011-03-23 14:55:00,1,456.9,133,21,99,1,456.9,1.0,0.0,133.0,0.0,0,1
12565,2011-02-24 10:34:00,2011-02-24 10:34:00,1,145.92,80,9,126,1,145.92,1.0,5.0,80.0,0.0625,0,1
12567,2011-06-13 09:55:00,2010-02-11 10:30:00,12,8473.3,3621,263,17,486,706.1083333333332,44.18181818181818,222.0,3621.0,0.061309030654515324,2,0
12568,2010-03-05 09:15:00,2010-03-05 09:15:00,1,70.0,48,5,482,1,70.0,1.0,0.0,48.0,0.0,0,1
12569,2011-06-30 17:34:00,2011-04-01 13:47:00,7,1401.74,618,34,0,90,200.24857142857144,15.0,6.0,618.0,0.009708737864077669,8,0
12570,2010-01-26 17:28:00,2010-01-26 17:28:00,1,77.52,1,1,520,1,77.52,1.0,0.0,1.0,0.0,0,1
12573,2011-04-26 15:52:00,2010-08-31 17:25:00,5,717.41,479,107,65,237,143.482,59.25,0.0,479.0,0.0,0,1
12574,2011-01-28 09:20:00,2011-01-28 09:20:00,1,218.45,61,11,153,1,218.45,1.0,0.0,61.0,0.0,0,1
12575,2010-09-08 13:09:00,2010-07-01 09:15:00,2,622.8199999999999,315,34,295,69,311.40999999999997,69.0,0.0,315.0,0.0,0,1
12576,2011-05-05 15:08:00,2010-07-01 13:46:00,5,1248.54,842,74,56,308,249.708,77.0,12.0,842.0,0.014251781472684086,2,0
12577,2010-12-15 16:21:00,2009-12-03 19:31:00,6,1186.3899999999999,856,195,197,376,197.73166666666665,75.2,0.0,856.0,0.0,0,1
12578,2011-01-13 15:34:00,2010-09-22 11:19:00,3,3456.6,1932,109,168,113,1152.2,56.5,46.0,1932.0,0.023809523809523808,0,1
12580,2011-04-07 10:24:00,2010-05-12 11:45:00,2,1052.9,569,52,84,329,526.45,329.0,0.0,569.0,0.0,0,1
12582,2011-04-15 08:45:00,2010-05-11 09:55:00,4,1980.4,985,88,76,338,495.1,112.66666666666667,0.0,985.0,0.0,0,1
12583,2011-06-21 14:30:00,2009-12-06 11:57:00,19,9970.07,6567,108,9,562,524.7405263157895,31.22222222222222,2.0,6567.0,0.00030455306837216383,4,0
12584,2011-06-07 13:00:00,2011-03-04 15:15:00,2,622.74,115,23,23,94,311.37,94.0,6.0,115.0,0.05217391304347826,3,0
12585,2011-04-19 13:39:00,2010-12-23 12:58:00,2,2040.1,1279,77,72,117,1020.05,117.0,21.0,1279.0,0.01641907740422205,0,1
12586,2010-11-30 10:47:00,2009-12-16 13:15:00,3,1865.73,608,76,212,348,621.91,174.0,2.0,608.0,0.003289473684210526,0,1
12588,2010-11-05 12:53:00,2010-04-21 12:22:00,3,743.88,385,27,237,198,247.96,99.0,4.0,385.0,0.01038961038961039,0,1
12589,2010-10-14 11:54:00,2010-01-19 12:26:00,6,4048.98,1458,100,259,267,674.83,53.4,395.0,1458.0,0.2709190672153635,1,0
12590,2011-05-12 14:52:00,2011-05-12 14:46:00,2,9864.26,4283,68,49,1,4932.13,1.0,6.0,4283.0,0.0014008872285780996,0,1
12591,2011-01-26 14:35:00,2010-10-27 10:42:00,3,1338.95,653,63,155,91,446.31666666666666,45.5,0.0,653.0,0.0,0,1
12592,2011-05-10 13:44:00,2010-07-08 14:06:00,4,2376.86,1750,40,51,305,594.215,101.66666666666667,3.0,1750.0,0.0017142857142857142,1,0
12593,2011-05-05 09:29:00,2011-05-05 09:29:00,1,236.0,100,11,56,1,236.0,1.0,0.0,100.0,0.0,2,0
12594,2011-06-09 10:05:00,2010-03-03 13:51:00,12,3559.84,1910,73,21,462,296.65333333333336,42.0,25.0,1910.0,0.013089005235602094,1,0
12595,2010-07-23 09:10:00,2010-07-23 09:10:00,1,299.02,271,19,342,1,299.02,1.0,0.0,271.0,0.0,0,1
12596,2011-04-11 13:22:00,2011-04-11 13:22:00,1,269.95,156,15,80,1,269.95,1.0,0.0,156.0,0.0,0,1
12597,2011-06-09 16:04:00,2011-03-16 14:00:00,2,1428.81,675,72,21,85,714.405,85.0,0.0,675.0,0.0,0,1
12598,2011-05-03 10:09:00,2010-03-01 09:58:00,6,2796.75,1628,97,58,428,466.125,85.6,66.0,1628.0,0.04054054054054054,2,0
12599,2011-06-28 13:11:00,2010-05-11 10:42:00,10,1862.28,1770,41,2,413,186.228,45.888888888888886,0.0,1770.0,0.0,2,0
12600,2011-05-19 15:36:00,2009-12-07 13:37:00,17,3684.34,945,40,42,528,216.7258823529412,33.0,9.0,945.0,0.009523809523809525,3,0
12601,2011-06-03 10:17:00,2010-10-31 10:57:00,6,681.26,290,24,27,214,113.54333333333334,42.8,1.0,290.0,0.0034482758620689655,0,1
12604,2011-03-23 12:06:00,2011-03-23 12:06:00,1,178.5,137,10,99,1,178.5,1.0,0.0,137.0,0.0,1,0
12605,2010-11-28 14:18:00,2010-09-07 14:21:00,4,1232.95,929,63,214,81,308.2375,27.0,4.0,929.0,0.004305705059203444,0,1
12606,2010-01-26 16:23:00,2010-01-26 16:23:00,1,21.0,1,1,520,1,21.0,1.0,0.0,1.0,0.0,0,1
12608,2010-10-31 10:49:00,2010-10-31 10:49:00,1,415.79,323,16,242,1,415.79,1.0,0.0,323.0,0.0,0,1
12609,2011-06-06 15:31:00,2009-12-20 13:30:00,8,3109.7400000000002,1423,117,24,533,388.71750000000003,76.14285714285714,1.0,1423.0,0.0007027406886858749,1,0
12613,2011-05-26 09:18:00,2009-12-14 13:10:00,9,4935.51,3272,173,35,527,548.39,65.875,72.0,3272.0,0.022004889975550123,0,1
12614,2011-03-07 10:22:00,2011-03-07 10:22:00,1,315.6,76,20,115,1,315.6,1.0,0.0,76.0,0.0,0,1
12615,2011-06-24 13:35:00,2010-03-18 14:09:00,5,4084.53,2354,167,6,462,816.9060000000001,115.5,22.0,2354.0,0.009345794392523364,1,0
12616,2011-02-15 14:17:00,2010-11-16 11:38:00,2,673.4,312,26,135,91,336.7,91.0,14.0,312.0,0.04487179487179487,1,0
12619,2011-04-19 14:02:00,2010-05-28 12:52:00,3,771.8,652,21,72,326,257.26666666666665,163.0,0.0,652.0,0.0,5,0
12620,2011-05-19 12:10:00,2011-05-19 12:10:00,1,561.66,434,33,42,1,561.66,1.0,0.0,434.0,0.0,1,0
12621,2011-06-16 14:46:00,2010-02-09 12:01:00,27,18660.7,10555,246,14,492,691.1370370370371,18.923076923076923,41.0,10555.0,0.003884414969208906,5,0
12622,2011-04-21 16:39:00,2011-04-21 16:39:00,1,180.1,69,11,70,1,180.1,1.0,0.0,69.0,0.0,0,1
12623,2011-03-08 13:50:00,2010-01-12 11:45:00,7,3747.84,1971,112,114,420,535.4057142857143,70.0,6.0,1972.0,0.0030425963488843813,0,1
12624,2011-06-15 12:34:00,2011-06-15 12:34:00,1,299.94,208,19,15,1,299.94,1.0,0.0,208.0,0.0,1,0
12625,2011-05-12 09:54:00,2010-04-22 11:33:00,4,5164.88,3309,144,49,384,1291.22,128.0,35.0,3309.0,0.010577213659715926,0,1
12626,2011-06-30 17:59:00,2011-01-17 11:01:00,3,2088.84,1043,100,0,164,696.2800000000001,82.0,34.0,1043.0,0.032598274209012464,3,0
12629,2010-11-19 09:18:00,2010-10-12 16:40:00,2,1558.22,722,40,223,37,779.11,37.0,0.0,722.0,0.0,0,1
12631,2010-09-09 14:50:00,2010-01-15 14:50:00,5,2841.07,1371,105,294,237,568.214,59.25,14.0,1371.0,0.010211524434719184,0,1
12632,2010-07-07 09:39:00,2010-05-24 09:07:00,2,804.88,694,32,358,44,402.44,44.0,26.0,694.0,0.037463976945244955,0,1
12633,2011-05-27 10:29:00,2010-07-02 11:44:00,5,5243.73,3007,209,34,328,1048.7459999999999,82.0,31.0,3007.0,0.010309278350515464,1,0
12634,2010-06-22 10:05:00,2010-06-09 15:41:00,2,490.0,337,20,373,12,245.0,12.0,0.0,337.0,0.0,0,1
12635,2010-11-12 15:46:00,2010-09-09 10:50:00,2,1241.23,777,77,230,64,620.615,64.0,0.0,777.0,0.0,2,0
12636,2009-12-01 09:55:00,2009-12-01 09:55:00,1,141.0,1,1,576,1,141.0,1.0,0.0,1.0,0.0,0,1
12637,2011-04-14 14:15:00,2010-06-14 13:36:00,8,4668.06,2346,228,77,304,583.5075,43.42857142857143,12.0,2346.0,0.005115089514066497,3,0
12638,2010-03-10 10:30:00,2010-03-10 10:30:00,1,249.8,86,9,477,1,249.8,1.0,0.0,86.0,0.0,0,1
12639,2011-04-15 12:48:00,2010-03-22 09:05:00,3,1312.37,631,58,76,389,437.45666666666665,194.5,0.0,631.0,0.0,0,1
12643,2011-06-20 14:17:00,2010-04-07 14:16:00,11,7102.6,3966,14,10,439,645.6909090909091,43.9,308.0,3966.0,0.07766011094301563,1,0
12644,2010-10-05 10:23:00,2010-01-14 13:02:00,3,1440.58,707,76,268,263,480.1933333333333,131.5,31.0,707.0,0.04384724186704385,1,0
12645,2011-05-04 12:11:00,2010-02-09 10:49:00,6,2563.02,1516,91,57,449,427.17,89.8,24.0,1516.0,0.0158311345646438,1,0
12647,2011-05-24 10:19:00,2010-01-13 15:06:00,31,15535.039999999999,5964,223,37,495,501.13032258064516,16.5,74.0,5972.0,0.012391158740790355,4,0
12648,2010-09-28 10:35:00,2010-01-07 18:38:00,3,793.95,358,32,275,263,264.65000000000003,131.5,4.0,358.0,0.0111731843575419,1,0
12649,2011-05-11 14:37:00,2010-01-12 17:24:00,6,2046.1399999999999,1577,86,50,483,341.0233333333333,96.6,17.0,1577.0,0.01077996195307546,2,0
12651,2011-01-09 12:46:00,2010-08-31 15:21:00,4,377.75,265,30,172,130,94.4375,43.333333333333336,3.0,265.0,0.011320754716981131,0,1
12652,2011-01-12 15:00:00,2010-10-01 15:16:00,2,1017.03,536,51,169,102,508.515,102.0,3.0,536.0,0.005597014925373134,0,1
12653,2011-02-16 10:53:00,2010-07-01 09:56:00,2,2730.08,1048,55,134,230,1365.04,230.0,0.0,1048.0,0.0,1,0
12654,2011-05-26 10:43:00,2011-02-17 13:16:00,3,337.75,151,19,35,97,112.58333333333333,48.5,0.0,151.0,0.0,0,1
12655,2010-10-12 09:17:00,2010-10-12 09:17:00,1,261.35,80,16,261,1,261.35,1.0,0.0,80.0,0.0,0,1
12656,2011-05-20 11:34:00,2010-05-26 09:00:00,5,4016.26,1810,118,41,359,803.2520000000001,89.75,7.0,1810.0,0.0038674033149171273,2,0
12661,2010-09-29 16:46:00,2010-09-29 16:46:00,1,162.0,216,11,274,1,162.0,1.0,0.0,216.0,0.0,0,1
12662,2011-06-05 13:45:00,2010-04-01 09:50:00,14,4714.84,2394,125,25,430,336.7742857142857,33.07692307692308,21.0,2394.0,0.008771929824561403,2,0
12663,2010-03-25 09:40:00,2010-02-09 14:28:00,2,239.4,181,9,462,43,119.7,43.0,12.0,181.0,0.06629834254143646,0,1
12664,2011-04-21 14:33:00,2009-12-13 10:28:00,4,2491.7400000000002,609,5,70,494,622.9350000000001,164.66666666666666,0.0,609.0,0.0,2,0
12665,2011-01-19 08:34:00,2010-02-08 15:11:00,3,313.6,165,13,162,344,104.53333333333335,172.0,8.0,165.0,0.048484848484848485,0,1
12666,2010-11-10 16:40:00,2010-11-10 16:40:00,1,1248.42,370,31,232,1,1248.42,1.0,56.0,370.0,0.15135135135135136,0,1
12668,2011-03-25 14:53:00,2010-01-31 15:45:00,9,10500.35,4749,258,97,417,1166.7055555555555,52.125,24.0,4749.0,0.00505369551484523,0,1
12669,2011-04-05 09:45:00,2011-03-28 10:15:00,2,2272.6,849,70,86,7,1136.3,7.0,1.0,849.0,0.001177856301531213,1,0
12670,2011-05-24 09:25:00,2010-02-11 10:13:00,4,1790.6299999999999,718,44,37,466,447.65749999999997,155.33333333333334,0.0,718.0,0.0,1,0
12671,2010-04-12 16:30:00,2010-04-12 16:30:00,1,2622.481,1460,45,444,1,2622.481,1.0,0.0,1460.0,0.0,0,1
12672,2011-01-14 09:20:00,2010-04-23 09:57:00,2,437.05,138,22,167,265,218.525,265.0,7.0,138.0,0.050724637681159424,0,1
12673,2011-01-17 11:46:00,2010-11-03 10:46:00,2,840.4,520,52,164,75,420.2,75.0,0.0,520.0,0.0,0,1
12674,2011-06-22 09:43:00,2011-05-16 09:10:00,2,976.8,494,30,8,37,488.4,37.0,24.0,494.0,0.048582995951417005,1,0
12675,2010-06-04 09:49:00,2010-05-10 16:44:00,2,957.25,336,111,391,24,478.625,24.0,2.0,336.0,0.005952380952380952,0,1
12676,2011-06-02 18:06:00,2010-08-13 13:29:00,8,2340.65,1608,57,28,293,292.58125,41.857142857142854,2.0,1608.0,0.0012437810945273632,2,0
12677,2010-06-02 14:30:00,2010-02-11 13:55:00,2,395.1,176,13,393,111,197.55,111.0,2.0,176.0,0.011363636363636364,0,1
12678,2011-06-05 11:53:00,2010-01-07 16:46:00,15,22544.079999999998,15156,174,25,513,1502.9386666666664,36.642857142857146,139.0,15156.0,0.009171285299551333,4,0
12679,2011-05-18 12:18:00,2011-03-01 12:26:00,2,906.38,407,43,43,77,453.19,77.0,15.0,407.0,0.036855036855036855,1,0
12681,2011-06-05 13:13:00,2009-12-13 13:31:00,36,24802.06,14328,412,25,538,688.9461111111111,15.371428571428572,88.0,14328.0,0.006141820212171971,3,0
12682,2011-06-15 10:22:00,2009-12-01 09:28:00,34,16732.78,7504,262,15,561,492.1405882352941,17.0,9.0,7504.0,0.001199360341151386,9,0
12683,2011-06-08 09:39:00,2009-12-13 15:01:00,16,8244.06,5107,189,22,541,515.25375,36.06666666666667,9.0,5107.0,0.0017622870569806149,2,0
12684,2011-06-22 11:20:00,2011-05-10 12:55:00,4,1379.48,1274,37,8,42,344.87,14.0,0.0,1274.0,0.0,0,1
12686,2010-12-03 09:51:00,2010-12-03 09:51:00,1,89.14,107,7,209,1,89.14,1.0,0.0,107.0,0.0,0,1
12687,2010-08-16 12:12:00,2010-08-16 12:10:00,2,2138.91,1403,126,318,1,1069.455,1.0,0.0,1403.0,0.0,0,1
12690,2011-05-18 09:09:00,2011-05-18 09:09:00,1,389.01,106,16,43,1,389.01,1.0,0.0,106.0,0.0,0,1
12691,2011-01-25 15:59:00,2010-10-15 12:00:00,4,540.8,202,17,156,102,135.2,34.0,0.0,202.0,0.0,1,0
12692,2010-03-12 14:02:00,2010-03-12 14:02:00,1,110.95,36,13,475,1,110.95,1.0,0.0,36.0,0.0,0,1
12693,2011-05-12 08:52:00,2010-07-05 13:56:00,6,1477.88,502,59,49,310,246.31333333333336,62.0,11.0,502.0,0.021912350597609563,1,0
12694,2011-06-09 17:48:00,2010-10-14 19:39:00,2,1413.18,1169,62,21,237,706.59,237.0,2.0,1169.0,0.001710863986313088,1,0
12695,2011-05-13 13:15:00,2010-02-12 13:22:00,4,914.27,267,31,48,454,228.5675,151.33333333333334,0.0,267.0,0.0,1,0
12696,2010-10-01 10:43:00,2010-07-19 10:02:00,2,851.91,564,43,272,74,425.955,74.0,1.0,564.0,0.0017730496453900709,0,1
12697,2011-06-23 15:44:00,2011-06-23 15:44:00,1,390.5,162,19,7,1,390.5,1.0,0.0,162.0,0.0,1,0
12698,2010-04-28 15:51:00,2010-04-28 15:51:00,1,339.75,111,16,428,1,339.75,1.0,0.0,111.0,0.0,0,1
12699,2010-10-18 12:07:00,2010-10-18 12:07:00,1,638.11,373,41,255,1,638.11,1.0,0.0,373.0,0.0,0,1
12700,2011-05-08 16:10:00,2011-05-08 16:10:00,1,1092.43,779,62,53,1,1092.43,1.0,2.0,779.0,0.0025673940949935813,1,0
12701,2011-04-11 13:02:00,2010-03-16 13:23:00,5,1985.78,1295,92,80,390,397.156,97.5,0.0,1295.0,0.0,1,0
12703,2010-03-16 13:22:00,2010-01-24 12:05:00,3,722.98,431,44,471,51,240.99333333333334,25.5,53.0,431.0,0.12296983758700696,1,0
12704,2011-06-23 10:20:00,2011-06-23 10:20:00,1,329.56,157,13,7,1,329.56,1.0,0.0,157.0,0.0,3,0
12705,2011-05-22 14:03:00,2010-06-24 09:51:00,8,8057.91,4927,251,39,332,1007.23875,47.42857142857143,74.0,4927.0,0.015019281510046681,2,0
12707,2011-02-21 08:38:00,2011-02-21 08:38:00,1,603.42,256,33,129,1,603.42,1.0,0.0,256.0,0.0,0,1
12708,2011-06-13 10:33:00,2009-12-18 10:25:00,14,4032.69,1981,110,17,542,288.0492857142857,41.69230769230769,49.0,1981.0,0.024734982332155476,2,0
12709,2011-06-02 09:04:00,2009-12-09 13:49:00,27,25708.37,11898,177,28,539,952.1618518518518,20.73076923076923,141.0,11898.0,0.011850731215330307,4,0
12710,2011-05-22 14:05:00,2011-05-22 14:05:00,1,718.96,386,44,39,1,718.96,1.0,2.0,386.0,0.0051813471502590676,2,0
12711,2010-04-07 11:59:00,2010-02-01 11:30:00,2,1339.05,770,56,449,65,669.525,65.0,0.0,770.0,0.0,0,1
12712,2011-06-10 15:28:00,2009-12-09 10:46:00,17,5221.78,1857,118,20,548,307.16352941176467,34.25,44.0,1857.0,0.023694130317716746,2,0
12714,2011-06-13 11:41:00,2009-12-04 10:00:00,10,11660.03,7173,376,17,556,1166.0030000000002,61.77777777777778,0.0,7173.0,0.0,1,0
12717,2011-04-08 10:32:00,2010-04-28 14:34:00,2,887.6700000000001,356,43,83,344,443.83500000000004,344.0,0.0,356.0,0.0,1,0
12720,2011-06-23 10:56:00,2010-07-21 09:46:00,16,4624.25,3402,198,7,337,289.015625,22.466666666666665,67.0,3402.0,0.01969429747207525,7,0
12721,2011-06-09 17:53:00,2010-08-25 11:07:00,6,3055.86,1829,146,21,288,509.31,57.6,19.0,1829.0,0.01038819026790596,1,0
12724,2011-06-19 13:37:00,2010-06-22 14:00:00,5,1566.47,1112,72,11,361,313.294,90.25,0.0,1112.0,0.0,1,0
12725,2010-12-03 15:45:00,2010-05-04 13:59:00,4,2266.7599999999998,1142,92,209,213,566.6899999999999,71.0,0.0,1142.0,0.0,0,1
12726,2011-06-08 10:10:00,2010-03-25 16:25:00,9,2872.82,3417,52,22,439,319.20222222222225,54.875,0.0,3417.0,0.0,1,0
12727,2011-06-05 15:29:00,2010-02-23 09:54:00,8,4499.2300000000005,2342,113,25,467,562.4037500000001,66.71428571428571,13.0,2342.0,0.005550811272416738,1,0
12728,2011-03-27 13:07:00,2010-11-21 11:34:00,4,851.15,380,39,95,126,212.7875,42.0,0.0,380.0,0.0,1,0
12730,2010-07-06 12:19:00,2010-07-06 12:19:00,1,829.25,234,47,359,1,829.25,1.0,0.0,234.0,0.0,0,1
12731,2011-06-17 15:09:00,2010-03-02 09:23:00,12,16469.47,7805,111,13,472,1372.4558333333334,42.90909090909091,61.0,7805.0,0.007815502882767457,3,0
12732,2011-06-13 11:33:00,2011-06-13 11:33:00,1,236.26000000000002,111,12,17,1,236.26000000000002,1.0,0.0,111.0,0.0,0,1
12733,2011-04-19 16:19:00,2010-01-19 13:23:00,4,2424.87,896,117,72,455,606.2175,151.66666666666666,11.0,896.0,0.012276785714285714,0,1
12734,2010-12-22 12:47:00,2010-11-12 13:26:00,3,639.65,265,17,190,39,213.21666666666667,19.5,0.0,265.0,0.0,0,1
12735,2011-01-28 13:37:00,2011-01-06 14:26:00,2,779.5699999999999,368,38,153,21,389.78499999999997,21.0,0.0,368.0,0.0,0,1
12736,2011-01-11 07:57:00,2011-01-11 07:57:00,1,234.0,173,4,170,1,234.0,1.0,0.0,173.0,0.0,0,1
12737,2010-07-29 12:29:00,2010-07-29 12:27:00,2,3710.5,2,2,336,1,1855.25,1.0,0.0,2.0,0.0,0,1
12738,2010-12-02 18:27:00,2010-12-02 18:27:00,1,155.35,148,11,210,1,155.35,1.0,0.0,148.0,0.0,0,1
12739,2010-11-19 09:42:00,2010-11-10 14:27:00,2,1713.69,465,51,223,8,856.845,8.0,0.0,465.0,0.0,2,0
12741,2010-06-28 14:36:00,2010-06-24 16:24:00,2,406.07,214,16,367,3,203.035,3.0,0.0,214.0,0.0,0,1
12742,2010-03-24 12:43:00,2010-03-24 12:43:00,1,1201.52,1359,67,463,1,1201.52,1.0,10.0,1359.0,0.007358351729212656,0,1
12744,2011-04-05 10:58:00,2010-04-27 16:19:00,8,14300.42,4233,173,86,342,1787.5525,48.857142857142854,5.0,4233.0,0.0011811953697141507,1,0
12745,2010-08-10 10:14:00,2010-01-26 16:22:00,3,925.41,468,21,324,195,308.46999999999997,97.5,0.0,468.0,0.0,0,1
12746,2010-06-17 10:41:00,2010-06-17 10:41:00,1,254.55,97,17,378,1,254.55,1.0,6.0,97.0,0.061855670103092786,0,1
12747,2011-06-28 10:06:00,2009-12-07 13:23:00,22,7170.17,2165,79,2,567,325.9168181818182,27.0,25.0,2165.0,0.011547344110854504,1,0
12748,2011-06-30 11:02:00,2009-12-04 17:31:00,229,31847.89,19158,1731,0,572,139.07375545851528,2.508771929824561,741.0,19159.0,0.038676340101257894,37,0
12749,2011-05-10 15:25:00,2010-07-06 15:05:00,5,3665.58,1151,157,51,308,733.116,77.0,54.0,1151.0,0.04691572545612511,2,0
12751,2010-09-21 12:49:00,2010-09-21 12:49:00,1,268.27,189,61,282,1,268.27,1.0,0.0,189.0,0.0,0,1
12753,2011-04-05 13:56:00,2010-12-12 11:44:00,4,12940.51,7003,87,86,114,3235.1275,38.0,95.0,7003.0,0.013565614736541482,1,0
12754,2011-04-18 09:00:00,2011-02-04 10:31:00,3,3010.74,6481,49,73,72,1003.5799999999999,36.0,2.0,6481.0,0.00030859435272334514,0,1
12755,2011-03-04 12:42:00,2010-01-15 11:57:00,11,5236.259999999999,2293,34,118,413,476.0236363636363,41.3,1260.0,2293.0,0.5494984736153511,0,1
12757,2011-06-07 14:28:00,2011-05-12 19:01:00,6,4445.43,461,79,23,25,740.9050000000001,5.0,5.0,461.0,0.010845986984815618,1,0
12758,2011-03-08 12:05:00,2009-12-01 14:40:00,6,8681.84,5129,168,114,461,1446.9733333333334,92.2,64.0,5129.0,0.012478065899785533,1,0
12759,2011-06-21 09:26:00,2009-12-04 10:47:00,7,4571.82,2930,188,9,563,653.1171428571428,93.83333333333333,0.0,2930.0,0.0,0,1
12760,2010-09-10 08:50:00,2010-09-10 08:50:00,1,347.8,198,21,293,1,347.8,1.0,0.0,198.0,0.0,0,1
12761,2010-09-08 12:17:00,2010-09-01 10:47:00,2,782.95,281,27,295,7,391.475,7.0,0.0,281.0,0.0,0,1
12763,2010-12-05 15:46:00,2010-12-05 15:46:00,1,320.08,196,16,207,1,320.08,1.0,0.0,196.0,0.0,1,0
12764,2011-01-27 10:19:00,2011-01-27 10:19:00,1,1693.88,386,45,154,1,1693.88,1.0,0.0,386.0,0.0,0,1
12765,2010-08-24 13:51:00,2010-03-08 09:43:00,6,1404.58,1009,49,310,169,234.09666666666666,33.8,0.0,1009.0,0.0,0,1
12766,2011-04-13 13:15:00,2010-10-28 09:29:00,6,5945.07,3246,201,78,167,990.8449999999999,33.4,19.0,3246.0,0.00585335797905114,1,0
12767,2010-11-29 09:38:00,2010-11-29 09:38:00,1,949.82,598,43,213,1,949.82,1.0,0.0,598.0,0.0,0,1
12768,2010-09-15 12:08:00,2010-09-15 12:08:00,1,168.69000000000003,102,10,288,1,168.69000000000003,1.0,102.0,102.0,1.0,0,1
12769,2011-04-15 10:25:00,2011-04-15 10:25:00,1,1143.6,356,32,76,1,1143.6,1.0,0.0,356.0,0.0,0,1
12770,2011-05-13 09:33:00,2010-09-09 11:43:00,2,3246.45,1843,19,48,245,1623.225,245.0,72.0,1843.0,0.03906673901247965,0,1
12771,2010-08-11 11:51:00,2010-08-11 11:51:00,1,282.3,104,15,323,1,282.3,1.0,4.0,104.0,0.038461538461538464,0,1
12773,2010-05-24 17:30:00,2010-05-24 17:30:00,1,124.25,109,6,402,1,124.25,1.0,109.0,109.0,1.0,0,1
12774,2010-06-22 10:38:00,2010-06-22 10:38:00,1,98.7,53,6,373,1,98.7,1.0,0.0,53.0,0.0,0,1
12775,2011-06-03 07:48:00,2010-10-26 14:24:00,6,1464.76,946,45,27,219,244.12666666666667,43.8,24.0,946.0,0.02536997885835095,0,1
12776,2010-02-10 12:11:00,2010-02-10 12:11:00,1,55.5,46,4,505,1,55.5,1.0,0.0,46.0,0.0,0,1
12777,2010-09-08 11:35:00,2010-09-08 11:35:00,1,519.45,458,26,295,1,519.45,1.0,0.0,458.0,0.0,0,1
12778,2011-06-09 15:29:00,2010-04-16 09:57:00,7,1445.51,1368,66,21,419,206.50142857142856,69.83333333333333,0.0,1368.0,0.0,0,1
12779,2011-06-03 10:37:00,2009-12-03 07:25:00,13,5492.16,2862,123,27,547,422.4738461538461,45.583333333333336,161.0,2862.0,0.05625436757512229,0,1
12780,2010-04-20 09:40:00,2010-04-20 09:40:00,1,337.4,285,20,436,1,337.4,1.0,0.0,285.0,0.0,0,1
12781,2011-02-28 08:43:00,2011-02-28 08:43:00,1,549.26,346,15,122,1,549.26,1.0,39.0,346.0,0.11271676300578035,0,1
12782,2011-03-31 12:36:00,2010-07-08 13:31:00,9,3850.27,1535,121,91,265,427.8077777777778,33.125,32.0,1535.0,0.020846905537459284,1,0
12784,2010-06-28 13:06:00,2010-06-28 13:06:00,1,1230.33,582,72,367,1,1230.33,1.0,0.0,582.0,0.0,0,1
12785,2010-12-10 13:48:00,2009-12-08 13:56:00,3,1100.4,453,42,202,366,366.8,183.0,3.0,453.0,0.006622516556291391,0,1
12786,2010-04-09 12:12:00,2010-04-09 12:12:00,1,728.5,324,18,447,1,728.5,1.0,0.0,324.0,0.0,0,1
12787,2011-05-31 09:36:00,2010-10-22 14:57:00,2,556.62,314,28,30,220,278.31,220.0,1.0,314.0,0.0031847133757961785,1,0
12788,2010-09-02 14:21:00,2010-06-29 13:05:00,4,444.9,194,20,301,65,111.225,21.666666666666668,0.0,194.0,0.0,0,1
12789,2010-07-15 12:43:00,2010-01-15 12:06:00,2,181.5,32,2,350,181,90.75,181.0,0.0,32.0,0.0,0,1
12790,2011-05-31 14:14:00,2010-10-25 13:04:00,2,591.85,306,36,30,218,295.925,218.0,6.0,306.0,0.0196078431372549,0,1
12791,2010-12-01 11:27:00,2010-03-25 17:29:00,6,863.51,353,17,211,250,143.91833333333332,50.0,2.0,353.0,0.0056657223796034,0,1
12792,2011-03-28 11:36:00,2010-06-23 10:49:00,2,827.01,394,39,94,278,413.505,278.0,1.0,394.0,0.0025380710659898475,0,1
12793,2011-01-09 12:12:00,2010-11-03 13:05:00,3,885.53,461,34,172,66,295.1766666666667,33.0,0.0,461.0,0.0,0,1
12796,2010-03-21 15:49:00,2010-03-21 15:49:00,1,381.0,182,7,466,1,381.0,1.0,0.0,182.0,0.0,0,1
12797,2010-12-09 10:55:00,2010-10-11 12:53:00,2,552.08,215,27,203,58,276.04,58.0,43.0,215.0,0.2,0,1
12798,2011-06-22 10:11:00,2010-10-14 12:27:00,2,3140.93,5455,27,8,250,1570.465,250.0,0.0,5455.0,0.0,0,1
12799,2010-06-28 15:57:00,2010-06-28 15:57:00,1,219.35,137,15,367,1,219.35,1.0,0.0,137.0,0.0,0,1
12800,2010-08-26 14:11:00,2010-02-01 11:02:00,3,584.25,284,31,308,206,194.75,103.0,0.0,284.0,0.0,0,1
12801,2010-07-27 09:38:00,2010-07-27 09:38:00,1,1071.82,505,50,338,1,1071.82,1.0,1.0,505.0,0.0019801980198019802,0,1
12802,2011-06-06 09:36:00,2010-05-25 09:34:00,7,2416.42,1972,108,24,377,345.20285714285717,62.833333333333336,18.0,1972.0,0.009127789046653144,0,1
12803,2010-11-11 14:57:00,2010-11-11 14:57:00,1,1092.81,872,55,231,1,1092.81,1.0,0.0,872.0,0.0,0,1
12804,2010-08-31 11:58:00,2010-07-27 13:52:00,2,325.37,270,60,303,34,162.685,34.0,0.0,270.0,0.0,0,1
12805,2010-11-23 12:27:00,2010-02-03 09:06:00,4,1434.95,593,44,219,293,358.7375,97.66666666666667,0.0,593.0,0.0,0,1
12806,2010-09-30 13:34:00,2010-04-30 10:44:00,4,2878.96,2087,58,273,153,719.74,51.0,0.0,2087.0,0.0,0,1
12807,2010-11-21 14:21:00,2010-11-21 14:21:00,1,330.35,145,16,221,1,330.35,1.0,25.0,145.0,0.1724137931034483,0,1
12808,2011-06-08 12:21:00,2010-09-03 10:24:00,4,574.4,242,35,22,278,143.6,92.66666666666667,0.0,242.0,0.0,0,1
12809,2011-06-15 10:51:00,2010-03-02 14:19:00,3,1755.94,518,75,15,469,585.3133333333334,234.5,10.0,518.0,0.019305019305019305,0,1
12810,2010-06-23 10:53:00,2010-02-01 09:52:00,2,534.99,389,32,372,142,267.495,142.0,0.0,389.0,0.0,0,1
12811,2011-03-24 09:42:00,2010-10-08 12:20:00,5,1033.9,435,47,98,166,206.78000000000003,41.5,0.0,435.0,0.0,0,1
12813,2010-07-26 09:50:00,2010-01-15 16:52:00,3,1687.8,1141,37,339,191,562.6,95.5,0.0,1141.0,0.0,0,1
12815,2011-05-25 13:34:00,2011-05-25 13:34:00,1,615.36,239,31,36,1,615.36,1.0,0.0,239.0,0.0,1,0
12816,2011-06-16 13:24:00,2011-06-16 13:24:00,1,318.65000000000003,77,15,14,1,318.65000000000003,1.0,0.0,77.0,0.0,1,0
12817,2011-03-03 16:28:00,2010-10-01 08:57:00,3,690.98,219,16,119,153,230.32666666666668,76.5,0.0,219.0,0.0,0,1
12818,2011-03-23 12:06:00,2011-03-23 12:06:00,1,1542.08,929,14,99,1,1542.08,1.0,6.0,929.0,0.006458557588805167,0,1
12819,2010-09-07 15:20:00,2010-09-07 15:20:00,1,540.52,344,19,296,1,540.52,1.0,0.0,344.0,0.0,0,1
12820,2011-01-17 12:34:00,2009-12-05 13:37:00,8,1917.6399999999999,1388,91,164,407,239.70499999999998,58.142857142857146,38.0,1390.0,0.027338129496402876,1,0
12821,2011-05-09 15:51:00,2010-04-07 15:14:00,2,220.8,162,13,52,397,110.4,397.0,0.0,162.0,0.0,0,1
12823,2011-03-30 10:36:00,2010-01-29 12:52:00,16,5736.5,830,1,92,424,358.53125,28.266666666666666,0.0,830.0,0.0,2,0
12825,2010-07-06 13:56:00,2010-03-08 10:17:00,2,518.63,139,20,359,120,259.315,120.0,0.0,139.0,0.0,0,1
12826,2011-06-14 09:41:00,2009-12-18 10:43:00,9,2144.65,1578,86,16,542,238.29444444444445,67.75,6.0,1578.0,0.0038022813688212928,1,0
12829,2011-01-07 11:13:00,2010-06-07 15:04:00,3,385.3,550,17,174,213,128.43333333333334,106.5,1.0,550.0,0.0018181818181818182,0,1
12830,2011-06-21 10:53:00,2011-06-21 10:53:00,1,2221.84,2668,13,9,1,2221.84,1.0,0.0,2668.0,0.0,4,0
12831,2011-03-22 13:02:00,2010-09-02 15:58:00,3,451.11,303,16,100,200,150.37,100.0,0.0,303.0,0.0,0,1
12834,2011-03-02 09:49:00,2011-03-02 09:49:00,1,312.38,110,18,120,1,312.38,1.0,0.0,110.0,0.0,0,1
12835,2010-10-08 10:59:00,2009-12-03 12:13:00,41,5996.83,2349,138,265,308,146.2641463414634,7.7,14.0,2349.0,0.005959982971477224,0,1
12836,2011-05-04 15:08:00,2009-12-01 14:19:00,13,5610.77,1872,243,57,519,431.59769230769234,43.25,4.0,1872.0,0.002136752136752137,1,0
12837,2011-06-19 16:07:00,2010-05-19 15:10:00,2,662.66,194,83,11,396,331.33,396.0,0.0,194.0,0.0,0,1
12838,2010-12-01 11:57:00,2010-04-26 09:59:00,9,2694.75,1479,177,211,219,299.4166666666667,27.375,7.0,1479.0,0.004732927653820149,0,1
12839,2011-06-09 14:43:00,2009-12-07 09:18:00,17,5778.07,3885,125,21,549,339.8864705882353,34.3125,94.0,3885.0,0.024195624195624196,5,0
12840,2011-06-10 10:29:00,2010-02-03 14:51:00,6,3465.97,1906,102,20,491,577.6616666666666,98.2,14.0,1906.0,0.007345225603357817,1,0
12841,2011-06-12 12:20:00,2010-07-08 15:38:00,28,5106.08,3594,226,18,338,182.35999999999999,12.518518518518519,1.0,3594.0,0.0002782415136338342,5,0
12842,2011-02-04 12:36:00,2009-12-02 08:15:00,3,1109.73,497,27,146,429,369.91,214.5,0.0,497.0,0.0,1,0
12843,2011-06-24 15:59:00,2009-12-13 11:41:00,28,6279.11,2935,125,6,558,224.25392857142856,20.666666666666668,131.0,2935.0,0.04463373083475298,1,0
12844,2010-09-23 16:23:00,2010-04-25 11:51:00,2,322.64,98,43,280,151,161.32,151.0,0.0,98.0,0.0,1,0
12845,2011-03-17 13:34:00,2011-02-22 14:10:00,4,354.09,204,26,105,22,88.5225,7.333333333333333,0.0,204.0,0.0,0,1
12846,2010-01-26 16:29:00,2010-01-26 16:29:00,1,15.58,1,1,520,1,15.58,1.0,0.0,1.0,0.0,0,1
12847,2010-11-17 12:44:00,2010-11-17 12:44:00,1,765.36,624,34,225,1,765.36,1.0,0.0,624.0,0.0,0,1
12848,2010-02-02 12:45:00,2010-02-02 12:45:00,1,208.0,58,16,513,1,208.0,1.0,0.0,58.0,0.0,0,1
12849,2011-03-16 12:26:00,2010-04-27 13:44:00,5,2701.0299999999997,1747,110,106,322,540.2059999999999,80.5,0.0,1747.0,0.0,0,1
12850,2010-09-20 12:26:00,2010-09-20 12:26:00,1,330.0,200,2,283,1,330.0,1.0,0.0,200.0,0.0,0,1
12851,2010-08-19 15:13:00,2010-08-19 15:13:00,1,148.95,51,30,315,1,148.95,1.0,0.0,51.0,0.0,1,0
12852,2011-02-18 08:47:00,2011-02-18 08:47:00,1,311.55,149,17,132,1,311.55,1.0,4.0,149.0,0.026845637583892617,0,1
12853,2011-04-14 12:43:00,2010-02-05 11:57:00,8,2835.4,1194,81,77,433,354.425,61.857142857142854,17.0,1194.0,0.01423785594639866,3,0
12854,2011-04-12 14:17:00,2009-12-11 12:55:00,6,2465.09,1426,166,79,487,410.84833333333336,97.4,21.0,1426.0,0.014726507713884993,1,0
12855,2010-12-02 09:37:00,2010-11-02 18:16:00,4,612.84,240,65,210,29,153.21,9.666666666666666,0.0,240.0,0.0,0,1
12857,2011-05-13 10:20:00,2010-01-25 15:37:00,6,3688.0,1420,71,48,472,614.6666666666666,94.4,1.0,1420.0,0.0007042253521126761,0,1
12858,2010-11-21 12:55:00,2010-11-21 12:55:00,1,147.27,51,36,221,1,147.27,1.0,1.0,51.0,0.0196078431372549,0,1
12859,2010-09-07 12:20:00,2010-09-07 12:20:00,1,575.1,292,21,296,1,575.1,1.0,0.0,292.0,0.0,0,1
12860,2010-01-15 15:22:00,2010-01-15 15:22:00,1,54.22,26,16,531,1,54.22,1.0,0.0,26.0,0.0,0,1
12861,2010-03-30 11:39:00,2010-03-30 11:39:00,1,68.25,27,4,457,1,68.25,1.0,0.0,27.0,0.0,0,1
12862,2010-10-10 11:47:00,2010-08-01 15:20:00,2,984.62,611,119,263,69,492.31,69.0,0.0,611.0,0.0,0,1
12863,2010-11-25 17:47:00,2010-04-29 13:54:00,5,2271.35,707,23,217,210,454.27,52.5,2.0,707.0,0.002828854314002829,0,1
12864,2010-07-19 17:22:00,2010-07-19 17:22:00,1,152.45,231,4,346,1,152.45,1.0,0.0,231.0,0.0,1,0
12865,2010-11-26 15:37:00,2010-08-20 12:20:00,2,1755.24,1048,93,216,98,877.62,98.0,48.0,1048.0,0.04580152671755725,1,0
12866,2011-03-01 14:11:00,2010-07-25 11:37:00,3,1227.35,553,58,121,219,409.1166666666666,109.5,0.0,553.0,0.0,0,1
12867,2011-06-27 15:04:00,2009-12-16 16:25:00,11,6163.22,6186,326,3,557,560.2927272727273,55.7,5.0,6186.0,0.0008082767539605561,1,0
12868,2011-06-07 10:42:00,2010-11-12 10:05:00,8,2043.76,1170,86,23,207,255.47,29.571428571428573,0.0,1170.0,0.0,0,1
12869,2010-01-27 12:10:00,2010-01-27 12:10:00,1,337.66999999999996,144,35,519,1,337.66999999999996,1.0,0.0,144.0,0.0,0,1
12870,2010-11-29 13:42:00,2010-03-25 14:32:00,3,1676.95,906,85,213,248,558.9833333333333,124.0,2.0,906.0,0.002207505518763797,0,1
12871,2011-05-16 13:32:00,2010-09-26 10:34:00,2,495.38,364,9,45,232,247.69,232.0,0.0,364.0,0.0,1,0
12872,2011-01-17 10:52:00,2009-12-03 20:03:00,12,3283.96,1642,217,164,409,273.66333333333336,37.18181818181818,3.0,1642.0,0.0018270401948842874,0,1
12873,2011-03-02 14:58:00,2010-01-27 09:50:00,3,2027.3,786,33,120,399,675.7666666666667,199.5,0.0,786.0,0.0,0,1
12874,2010-11-19 15:23:00,2010-06-03 12:51:00,2,948.42,623,44,223,169,474.21,169.0,12.0,623.0,0.019261637239165328,0,1
12875,2010-12-12 12:03:00,2010-01-11 12:37:00,4,1307.52,4896,2,200,334,326.88,111.33333333333333,0.0,4896.0,0.0,1,0
12876,2011-05-27 13:34:00,2010-04-28 13:26:00,3,2590.2000000000003,1757,92,34,394,863.4000000000001,197.0,8.0,1757.0,0.004553215708594195,0,1
12877,2011-06-15 13:34:00,2010-01-18 10:23:00,16,2365.2000000000003,1624,91,15,513,147.82500000000002,34.2,0.0,1624.0,0.0,2,0
12878,2011-04-17 13:07:00,2011-03-18 14:02:00,2,854.99,547,38,74,29,427.495,29.0,0.0,547.0,0.0,0,1
12880,2010-11-23 10:50:00,2010-05-14 11:57:00,2,640.13,279,32,219,192,320.065,192.0,0.0,279.0,0.0,0,1
12881,2011-03-09 11:44:00,2011-03-09 11:44:00,1,298.0,21,7,113,1,298.0,1.0,0.0,21.0,0.0,0,1
12886,2011-05-04 11:21:00,2011-05-04 11:21:00,1,775.0,416,47,57,1,775.0,1.0,9.0,416.0,0.021634615384615384,0,1
12887,2010-11-21 11:18:00,2010-11-21 11:18:00,1,222.4,100,13,221,1,222.4,1.0,0.0,100.0,0.0,0,1
12888,2011-05-09 16:02:00,2011-03-29 14:31:00,2,354.12,76,4,52,41,177.06,41.0,8.0,76.0,0.10526315789473684,0,1
12889,2010-11-23 16:08:00,2010-07-25 14:32:00,4,385.46000000000004,124,25,219,121,96.36500000000001,40.333333333333336,4.0,124.0,0.03225806451612903,0,1
12890,2010-11-17 14:06:00,2010-11-17 14:05:00,1,329.3,201,56,225,1,329.3,1.0,0.0,201.0,0.0,0,1
12891,2011-06-07 12:31:00,2010-02-18 14:32:00,11,840.5,2325,2,23,473,76.4090909090909,47.3,50.0,2325.0,0.021505376344086023,0,1
12892,2010-11-08 09:51:00,2010-11-08 09:51:00,1,263.38,140,18,234,1,263.38,1.0,0.0,140.0,0.0,0,1
12894,2010-05-13 14:47:00,2010-05-13 14:47:00,1,157.35,33,21,413,1,157.35,1.0,0.0,33.0,0.0,0,1
12897,2011-05-19 12:13:00,2010-06-14 11:58:00,4,514.25,249,10,42,339,128.5625,113.0,0.0,249.0,0.0,0,1
12898,2010-09-02 08:08:00,2010-02-18 12:36:00,2,296.21000000000004,235,27,301,195,148.10500000000002,195.0,0.0,235.0,0.0,0,1
12899,2010-10-22 09:53:00,2010-10-22 09:53:00,1,366.4,108,17,251,1,366.4,1.0,0.0,108.0,0.0,0,1
12900,2010-10-13 15:17:00,2010-10-13 15:17:00,1,340.33,139,13,260,1,340.33,1.0,0.0,139.0,0.0,0,1
12901,2011-06-29 11:35:00,2011-03-14 10:41:00,16,9558.44,9585,27,1,107,597.4025,7.133333333333334,1620.0,9585.0,0.16901408450704225,4,0
12902,2011-03-20 12:06:00,2011-03-20 12:06:00,1,138.68,66,10,102,1,138.68,1.0,0.0,66.0,0.0,0,1
12903,2010-10-07 12:39:00,2010-10-07 12:39:00,1,833.53,493,41,266,1,833.53,1.0,0.0,493.0,0.0,0,1
12904,2011-06-20 13:18:00,2011-06-20 13:18:00,1,244.69,165,32,10,1,244.69,1.0,0.0,165.0,0.0,0,1
12905,2010-05-12 10:05:00,2010-01-26 14:06:00,2,1018.42,532,52,414,105,509.21,105.0,4.0,532.0,0.007518796992481203,0,1
12907,2010-11-09 12:08:00,2010-08-02 14:33:00,2,508.91,177,23,233,98,254.455,98.0,13.0,177.0,0.07344632768361582,0,1
12908,2011-06-16 15:39:00,2010-03-19 15:59:00,5,1776.0,3000,1,14,453,355.2,113.25,600.0,3000.0,0.2,0,1
12909,2011-05-22 11:52:00,2010-02-24 12:14:00,6,2452.89,1454,98,39,451,408.815,90.2,13.0,1454.0,0.008940852819807428,1,0
12910,2011-05-26 10:13:00,2010-03-28 13:10:00,8,3863.98,2594,53,35,423,482.9975,60.42857142857143,30.0,2594.0,0.01156515034695451,2,0
12911,2010-06-06 12:13:00,2010-06-06 12:13:00,1,1651.72,807,220,389,1,1651.72,1.0,0.0,807.0,0.0,0,1
12913,2011-03-02 10:49:00,2009-12-01 12:18:00,11,4666.0,2012,31,120,455,424.1818181818182,45.5,0.0,2012.0,0.0,0,1
12914,2010-11-04 12:28:00,2010-11-04 12:28:00,1,223.98,336,9,238,1,223.98,1.0,0.0,336.0,0.0,0,1
12915,2010-12-02 12:33:00,2010-04-29 19:36:00,3,811.1,359,40,210,216,270.3666666666667,108.0,18.0,359.0,0.05013927576601671,1,0
12916,2011-05-22 10:40:00,2010-01-24 11:26:00,6,3786.36,1418,75,39,482,631.0600000000001,96.4,8.0,1418.0,0.005641748942172073,1,0
12917,2010-11-04 15:56:00,2009-12-09 14:22:00,5,3765.2,984,44,238,330,753.04,82.5,6.0,984.0,0.006097560975609756,1,0
12918,2010-03-23 15:22:00,2010-03-23 15:22:00,1,10953.5,1,1,464,1,10953.5,1.0,2.0,1.0,2.0,0,1
12919,2011-06-23 09:22:00,2011-06-23 09:22:00,1,206.2,108,10,7,1,206.2,1.0,2.0,108.0,0.018518518518518517,2,0
12920,2010-05-17 12:57:00,2009-12-14 15:58:00,3,323.86,292,32,409,153,107.95333333333333,76.5,0.0,292.0,0.0,0,1
12921,2011-06-08 12:04:00,2009-12-01 13:43:00,52,24717.47,15645,232,22,553,475.33596153846156,10.843137254901961,412.0,15645.0,0.026334292106104187,12,0
12923,2010-11-14 13:16:00,2010-05-13 14:55:00,2,597.6,162,28,228,184,298.8,184.0,0.0,162.0,0.0,0,1
12924,2011-05-25 13:35:00,2009-12-09 12:40:00,11,2190.9700000000003,1227,45,36,532,199.17909090909095,53.2,11.0,1227.0,0.008964955175224124,1,0
12925,2010-04-26 10:32:00,2010-04-26 10:32:00,1,35.28,108,5,430,1,35.28,1.0,0.0,108.0,0.0,1,0
12926,2010-10-24 15:57:00,2009-12-14 14:35:00,4,1523.97,754,202,249,314,380.9925,104.66666666666667,0.0,754.0,0.0,0,1
12927,2010-11-10 10:02:00,2010-11-10 10:02:00,1,197.31,145,11,232,1,197.31,1.0,0.0,145.0,0.0,0,1
12928,2011-04-12 10:45:00,2010-06-08 10:16:00,9,3022.23,1913,76,79,308,335.80333333333334,38.5,0.0,1913.0,0.0,1,0
12929,2011-02-01 12:08:00,2011-02-01 12:08:00,1,117.85,37,8,149,1,117.85,1.0,0.0,37.0,0.0,0,1
12930,2011-06-21 13:25:00,2011-06-21 13:25:00,1,221.56,108,14,9,1,221.56,1.0,0.0,108.0,0.0,1,0
12931,2011-05-20 10:04:00,2009-12-01 11:46:00,49,54212.08,38172,23,41,534,1106.3689795918367,11.125,10134.0,38172.0,0.26548255265639736,4,0
12932,2010-06-18 14:22:00,2010-02-10 08:46:00,8,1698.56,1609,69,377,128,212.32,18.285714285714285,0.0,1609.0,0.0,0,1
12933,2011-06-21 16:13:00,2009-12-10 16:39:00,7,1386.59,828,178,9,557,198.0842857142857,92.83333333333333,55.0,828.0,0.06642512077294686,0,1
12934,2009-12-03 10:51:00,2009-12-03 10:51:00,1,181.65,31,2,574,1,181.65,1.0,0.0,31.0,0.0,0,1
12935,2011-05-20 12:38:00,2010-04-11 15:59:00,10,2949.39,1976,78,41,403,294.93899999999996,44.77777777777778,31.0,1976.0,0.01568825910931174,2,0
12937,2011-05-26 14:17:00,2009-12-03 15:43:00,7,2021.57,1244,81,35,538,288.79571428571427,89.66666666666667,0.0,1244.0,0.0,1,0
12939,2011-03-11 16:43:00,2010-01-12 11:27:00,15,20911.32,8276,24,111,423,1394.088,30.214285714285715,0.0,8276.0,0.0,3,0
12941,2009-12-15 13:12:00,2009-12-15 13:12:00,1,377.49,381,27,562,1,377.49,1.0,0.0,381.0,0.0,0,1
12942,2011-05-26 11:16:00,2010-12-09 09:34:00,2,396.52000000000004,104,23,35,168,198.26000000000002,168.0,0.0,104.0,0.0,1,0
12943,2010-05-30 13:52:00,2010-04-13 11:03:00,2,496.5,222,22,396,47,248.25,47.0,2.0,222.0,0.009009009009009009,0,1
12944,2010-12-20 10:41:00,2010-12-20 10:41:00,1,286.95,145,14,192,1,286.95,1.0,0.0,145.0,0.0,0,1
12945,2011-02-24 14:15:00,2010-02-21 15:18:00,2,900.11,446,47,126,367,450.055,367.0,0.0,446.0,0.0,0,1
12946,2010-09-29 10:14:00,2010-09-29 10:14:00,1,324.45,149,20,274,1,324.45,1.0,0.0,149.0,0.0,0,1
12947,2011-06-10 16:37:00,2010-12-01 16:21:00,5,1379.69,1081,73,20,191,275.938,47.75,8.0,1081.0,0.0074005550416281225,1,0
12948,2011-05-09 10:13:00,2009-12-02 12:28:00,5,1138.74,612,53,52,522,227.748,130.5,0.0,612.0,0.0,1,0
12949,2011-05-17 13:29:00,2009-12-03 15:56:00,17,13610.18,7131,311,44,529,800.5988235294118,33.0625,36.0,7131.0,0.005048380311316786,4,0
12951,2011-06-19 10:35:00,2010-01-10 12:43:00,14,2901.4300000000003,1490,104,11,524,207.24500000000003,40.30769230769231,12.0,1490.0,0.008053691275167786,0,1
12953,2010-07-05 13:37:00,2010-07-05 13:37:00,1,498.96000000000004,280,31,360,1,498.96000000000004,1.0,0.0,280.0,0.0,0,1
12954,2010-03-11 10:16:00,2010-03-11 10:16:00,1,162.45,83,10,476,1,162.45,1.0,0.0,83.0,0.0,0,1
12955,2011-06-24 10:26:00,2011-03-17 09:03:00,4,991.38,752,36,6,99,247.845,33.0,2.0,752.0,0.0026595744680851063,2,0
12956,2011-02-06 16:08:00,2009-12-15 19:03:00,4,521.89,340,42,144,417,130.4725,139.0,0.0,340.0,0.0,0,1
12957,2011-06-06 13:43:00,2009-12-11 12:01:00,9,6404.72,3385,296,24,542,711.6355555555556,67.75,18.0,3385.0,0.005317577548005908,2,0
12958,2010-11-04 16:16:00,2010-05-05 16:22:00,2,467.34,118,45,238,182,233.67,182.0,0.0,118.0,0.0,0,1
12959,2010-08-12 17:20:00,2010-08-12 17:20:00,1,150.95,109,8,322,1,150.95,1.0,1.0,109.0,0.009174311926605505,0,1
12960,2010-10-22 09:31:00,2010-02-16 13:32:00,4,1322.07,1379,49,251,247,330.5175,82.33333333333333,0.0,1379.0,0.0,0,1
12961,2010-11-25 16:44:00,2010-11-25 16:44:00,1,211.99,180,37,217,1,211.99,1.0,0.0,180.0,0.0,0,1
12963,2010-12-09 09:14:00,2010-07-08 14:45:00,5,1744.96,928,74,203,153,348.992,38.25,32.0,928.0,0.034482758620689655,1,0
12964,2010-09-28 17:47:00,2010-09-28 17:47:00,1,132.24,56,26,275,1,132.24,1.0,0.0,56.0,0.0,0,1
12967,2010-12-16 19:10:00,2010-11-21 11:03:00,3,2938.52,912,47,196,25,979.5066666666667,12.5,1.0,912.0,0.0010964912280701754,0,1
12969,2010-04-16 10:50:00,2010-04-16 10:50:00,1,122.45,55,5,440,1,122.45,1.0,0.0,55.0,0.0,0,1
12970,2011-01-21 14:21:00,2009-12-04 14:19:00,8,1071.93,694,181,160,413,133.99125,59.0,0.0,694.0,0.0,0,1
12971,2011-06-24 14:36:00,2009-12-15 19:04:00,75,9730.33,8927,80,6,555,129.73773333333332,7.5,1489.0,8927.0,0.1667973563347149,22,0
12972,2010-10-22 08:41:00,2010-02-16 14:30:00,4,1161.2,844,69,251,247,290.3,82.33333333333333,15.0,844.0,0.017772511848341232,0,1
12973,2010-10-22 10:14:00,2010-10-22 10:14:00,1,385.55,31,6,251,1,385.55,1.0,0.0,31.0,0.0,0,1
12974,2011-05-26 09:33:00,2010-05-23 11:45:00,2,408.95,104,27,35,367,204.475,367.0,0.0,104.0,0.0,0,1
12975,2010-09-29 09:46:00,2009-12-06 10:38:00,6,2100.09,911,92,274,296,350.01500000000004,59.2,8.0,911.0,0.008781558726673985,0,1
12976,2011-05-12 09:55:00,2010-02-12 15:46:00,8,3156.38,2684,106,49,453,394.5475,64.71428571428571,0.0,2684.0,0.0,0,1
12977,2010-07-26 12:34:00,2010-07-16 16:25:00,3,474.64,116,45,339,9,158.21333333333334,4.5,0.0,116.0,0.0,1,0
12978,2010-11-19 14:29:00,2009-12-10 12:10:00,5,2502.82,1394,126,223,344,500.564,86.0,1.0,1394.0,0.0007173601147776184,0,1
12979,2009-12-10 15:45:00,2009-12-10 15:45:00,1,517.7,520,56,567,1,517.7,1.0,36.0,520.0,0.06923076923076923,0,1
12980,2011-06-16 10:09:00,2009-12-02 11:26:00,20,15406.980000000001,1886,7,14,560,770.349,29.473684210526315,23.0,1886.0,0.012195121951219513,1,0
12982,2011-04-11 11:51:00,2010-04-12 13:50:00,8,2744.81,1729,139,80,363,343.10125,51.857142857142854,64.0,1729.0,0.03701561596298438,0,1
12983,2010-04-20 12:58:00,2010-04-20 12:58:00,1,490.08000000000004,638,30,436,1,490.08000000000004,1.0,0.0,638.0,0.0,0,1
12986,2010-10-07 11:57:00,2010-01-21 10:45:00,10,2729.84,1164,61,266,259,272.98400000000004,28.77777777777778,282.0,1164.0,0.2422680412371134,0,1
12987,2011-05-26 12:00:00,2010-01-20 09:57:00,4,1057.81,474,48,35,491,264.4525,163.66666666666666,2.0,474.0,0.004219409282700422,1,0
12988,2011-02-20 14:31:00,2011-02-20 14:31:00,1,505.82,126,75,130,1,505.82,1.0,0.0,126.0,0.0,0,1
12989,2011-05-23 15:00:00,2009-12-10 13:27:00,25,9955.58,5462,23,38,529,398.2232,22.041666666666668,146.0,5462.0,0.026730135481508606,2,0
12990,2011-06-07 14:27:00,2010-03-30 11:36:00,6,809.9,410,6,23,434,134.98333333333332,86.8,0.0,410.0,0.0,0,1
12991,2010-11-15 13:43:00,2010-11-15 13:43:00,1,261.06,78,14,227,1,261.06,1.0,0.0,78.0,0.0,1,0
12992,2009-12-14 16:46:00,2009-12-14 16:46:00,1,93.35000000000001,21,6,563,1,93.35000000000001,1.0,0.0,21.0,0.0,0,1
12993,2011-05-16 10:28:00,2010-02-18 10:35:00,6,1020.17,603,54,45,451,170.02833333333334,90.2,103.0,603.0,0.17081260364842454,1,0
12994,2011-03-16 08:31:00,2011-03-16 08:31:00,1,352.6,166,22,106,1,352.6,1.0,7.0,166.0,0.04216867469879518,1,0
12996,2010-11-29 09:27:00,2010-11-29 09:27:00,1,355.5,122,22,213,1,355.5,1.0,0.0,122.0,0.0,0,1
12997,2011-04-17 13:02:00,2010-04-06 11:06:00,6,1492.49,822,52,74,376,248.74833333333333,75.2,20.0,822.0,0.024330900243309004,1,0
12998,2010-08-04 08:05:00,2010-02-24 11:55:00,3,920.08,1124,58,330,160,306.6933333333333,80.0,22.0,1124.0,0.019572953736654804,0,1
12999,2011-05-27 13:24:00,2011-04-08 10:26:00,3,455.88,342,25,34,49,151.96,24.5,0.0,342.0,0.0,0,1
13000,2011-03-25 10:14:00,2009-12-14 17:03:00,3,956.1800000000001,476,56,97,465,318.7266666666667,232.5,10.0,476.0,0.02100840336134454,1,0
13001,2011-06-08 12:40:00,2009-12-03 16:21:00,30,22069.18,12427,295,22,551,735.6393333333333,19.0,21.0,12427.0,0.0016898688339905044,1,0
13002,2011-01-25 15:18:00,2010-10-01 11:58:00,3,414.13,201,19,156,116,138.04333333333332,58.0,0.0,201.0,0.0,0,1
13003,2011-05-09 08:23:00,2011-05-09 08:23:00,1,59.050000000000004,31,4,52,1,59.050000000000004,1.0,0.0,31.0,0.0,2,0
13004,2011-06-24 16:21:00,2009-12-15 09:44:00,28,9143.52,6744,339,6,556,326.55428571428575,20.59259259259259,312.0,6744.0,0.046263345195729534,3,0
13005,2011-06-19 10:53:00,2010-09-08 12:52:00,4,999.68,462,41,11,283,249.92,94.33333333333333,7.0,462.0,0.015151515151515152,0,1
13007,2010-05-09 10:38:00,2010-05-09 10:38:00,1,175.25,59,11,417,1,175.25,1.0,0.0,59.0,0.0,0,1
13008,2011-01-20 14:24:00,2009-12-16 16:07:00,3,612.13,379,31,161,399,204.04333333333332,199.5,67.0,379.0,0.17678100263852242,0,1
13009,2010-02-05 12:22:00,2010-02-05 12:22:00,1,234.0,120,4,510,1,234.0,1.0,0.0,120.0,0.0,0,1
13010,2010-11-30 15:09:00,2010-03-01 11:28:00,2,330.12,323,10,212,274,165.06,274.0,0.0,323.0,0.0,0,1
13011,2010-12-02 17:22:00,2010-12-02 17:22:00,1,50.550000000000004,13,3,210,1,50.550000000000004,1.0,0.0,13.0,0.0,0,1
13012,2011-05-10 13:33:00,2010-04-26 14:14:00,6,2018.38,1052,67,51,378,336.3966666666667,75.6,166.0,1052.0,0.15779467680608364,2,0
13013,2011-05-11 12:13:00,2009-12-14 10:34:00,20,8658.78,4671,246,50,513,432.939,27.0,0.0,4671.0,0.0,5,0
13014,2011-06-23 15:07:00,2010-10-03 11:35:00,5,3703.58,1596,138,7,263,740.716,65.75,23.0,1596.0,0.014411027568922305,2,0
13015,2011-05-26 16:25:00,2010-04-15 16:35:00,10,5003.18,2623,202,35,405,500.31800000000004,45.0,72.0,2623.0,0.02744948532215021,0,1
13018,2011-06-13 13:13:00,2010-03-01 12:34:00,19,6338.36,4079,288,17,469,333.5978947368421,26.055555555555557,5.0,4079.0,0.001225790634959549,9,0
13019,2010-11-25 14:56:00,2009-12-06 15:40:00,6,1229.95,397,46,217,353,204.99166666666667,70.6,2.0,397.0,0.005037783375314861,0,1
13020,2010-05-26 11:12:00,2010-02-18 10:35:00,2,618.96,278,38,400,97,309.48,97.0,7.0,278.0,0.025179856115107913,0,1
13021,2011-06-26 11:53:00,2009-12-05 12:02:00,12,3423.33,1721,116,4,567,285.2775,51.54545454545455,23.0,1721.0,0.01336432306798373,2,0
13022,2010-10-06 10:50:00,2010-10-06 10:50:00,1,65.3,35,5,267,1,65.3,1.0,0.0,35.0,0.0,0,1
13023,2010-06-29 09:52:00,2010-06-29 09:51:00,1,759.13,299,36,366,1,759.13,1.0,0.0,299.0,0.0,1,0
13024,2010-08-26 09:42:00,2010-05-06 14:25:00,2,555.87,181,26,308,111,277.935,111.0,7.0,181.0,0.03867403314917127,0,1
13025,2009-12-08 10:02:00,2009-12-08 10:02:00,1,323.39,241,13,569,1,323.39,1.0,0.0,241.0,0.0,0,1
13026,2011-05-03 10:51:00,2009-12-13 11:34:00,6,1001.44,1194,25,58,505,166.90666666666667,101.0,1.0,1194.0,0.0008375209380234506,1,0
13027,2011-04-20 09:48:00,2010-01-20 10:41:00,16,14167.2,35160,7,71,454,885.45,30.266666666666666,243.0,35160.0,0.006911262798634812,3,0
13029,2010-12-21 13:53:00,2010-07-04 13:46:00,3,1062.3,90,6,191,170,354.09999999999997,85.0,0.0,90.0,0.0,1,0
13030,2010-12-06 14:31:00,2010-12-06 14:31:00,1,402.36,174,50,206,1,402.36,1.0,0.0,174.0,0.0,0,1
13031,2010-10-28 15:34:00,2010-06-03 14:57:00,5,3292.84,2309,275,245,147,658.568,36.75,0.0,2309.0,0.0,0,1
13032,2010-11-12 12:49:00,2010-09-05 14:01:00,7,1805.78,899,110,230,67,257.9685714285714,11.166666666666666,4.0,899.0,0.004449388209121246,1,0
13033,2010-12-17 14:23:00,2010-10-06 09:37:00,2,220.55,98,12,195,72,110.275,72.0,0.0,98.0,0.0,0,1
13034,2010-12-05 14:52:00,2010-11-03 15:22:00,2,279.91,153,16,207,31,139.955,31.0,0.0,153.0,0.0,0,1
13035,2011-03-24 09:21:00,2010-10-04 15:41:00,2,775.32,494,22,98,170,387.66,170.0,0.0,494.0,0.0,1,0
13036,2010-01-24 11:35:00,2010-01-24 11:35:00,1,307.1,38,6,522,1,307.1,1.0,0.0,38.0,0.0,0,1
13037,2011-05-04 15:33:00,2009-12-03 17:04:00,11,3611.2000000000003,1993,174,57,516,328.2909090909091,51.6,25.0,1993.0,0.012543903662819869,1,0
13038,2011-06-09 10:31:00,2011-02-22 11:43:00,2,591.76,280,22,21,106,295.88,106.0,0.0,280.0,0.0,1,0
13039,2010-05-04 16:45:00,2009-12-17 16:43:00,4,1010.73,290,37,422,138,252.6825,46.0,0.0,290.0,0.0,0,1
13041,2010-09-15 11:44:00,2010-04-29 08:43:00,4,799.13,335,23,288,139,199.7825,46.333333333333336,0.0,335.0,0.0,0,1
13042,2010-04-20 13:43:00,2009-12-07 15:42:00,3,1488.59,812,164,436,133,496.19666666666666,66.5,5.0,812.0,0.006157635467980296,0,1
13043,2011-03-11 14:52:00,2011-03-11 14:52:00,1,516.42,254,13,111,1,516.42,1.0,3.0,254.0,0.011811023622047244,0,1
13044,2011-02-21 15:20:00,2010-01-08 14:46:00,11,4848.05,2548,356,129,409,440.7318181818182,40.9,2.0,2548.0,0.0007849293563579278,0,1
13045,2010-11-03 12:49:00,2010-08-10 13:02:00,2,503.64,184,25,239,84,251.82,84.0,0.0,184.0,0.0,1,0
13046,2011-03-18 15:43:00,2010-09-09 13:09:00,2,517.66,317,31,104,190,258.83,190.0,0.0,317.0,0.0,0,1
13047,2011-06-19 13:56:00,2009-12-16 11:43:00,21,7425.07,2792,168,11,550,353.5747619047619,27.5,43.0,2809.0,0.015307938768244928,1,0
13048,2011-04-15 13:31:00,2010-01-27 12:55:00,7,3153.14,2086,115,76,443,450.4485714285714,73.83333333333333,5.0,2086.0,0.0023969319271332696,1,0
13049,2011-01-25 16:33:00,2010-11-03 15:39:00,3,905.34,430,12,156,83,301.78000000000003,41.5,14.0,430.0,0.03255813953488372,0,1
13050,2011-06-07 13:37:00,2009-12-15 15:06:00,28,9608.79,5310,483,23,538,343.17107142857145,19.925925925925927,59.0,5310.0,0.011111111111111112,3,0
13051,2010-05-10 09:14:00,2010-03-30 11:11:00,2,155.8,72,4,416,40,77.9,40.0,0.0,72.0,0.0,0,1
13052,2011-05-11 14:12:00,2010-02-23 12:31:00,7,3119.33,1424,161,50,442,445.61857142857144,73.66666666666667,0.0,1424.0,0.0,0,1
13053,2010-03-28 11:28:00,2010-03-28 11:28:00,1,127.65,47,17,459,1,127.65,1.0,0.0,47.0,0.0,0,1
13055,2011-05-10 08:58:00,2010-10-06 08:17:00,2,1451.56,1179,99,51,216,725.78,216.0,13.0,1179.0,0.01102629346904156,2,0
13056,2010-06-06 14:10:00,2010-06-06 14:10:00,1,209.48,158,18,389,1,209.48,1.0,0.0,158.0,0.0,0,1
13057,2010-06-27 15:44:00,2010-03-18 12:14:00,3,709.59,456,34,368,101,236.53,50.5,13.0,456.0,0.02850877192982456,0,1
13059,2011-04-04 10:40:00,2010-03-31 12:23:00,10,2291.77,860,155,87,368,229.177,40.888888888888886,5.0,860.0,0.005813953488372093,0,1
13060,2011-03-31 11:37:00,2011-03-31 11:37:00,1,307.53,123,15,91,1,307.53,1.0,0.0,123.0,0.0,0,1
13062,2011-06-01 15:12:00,2011-06-01 15:12:00,1,346.98,343,11,29,1,346.98,1.0,0.0,343.0,0.0,0,1
13063,2010-08-16 12:27:00,2010-08-16 12:27:00,1,188.4,116,12,318,1,188.4,1.0,0.0,116.0,0.0,0,1
13064,2011-01-16 13:41:00,2010-04-27 10:08:00,3,764.55,214,21,165,264,254.85,132.0,0.0,214.0,0.0,2,0
13065,2010-12-01 16:52:00,2010-06-10 11:44:00,5,1055.05,381,49,211,174,211.01,43.5,1.0,381.0,0.0026246719160104987,0,1
13067,2010-10-26 12:15:00,2010-09-19 13:43:00,2,393.05,99,13,247,36,196.525,36.0,0.0,99.0,0.0,1,0
13068,2011-01-24 08:20:00,2011-01-24 08:20:00,1,165.0,100,1,157,1,165.0,1.0,0.0,100.0,0.0,0,1
13069,2011-06-12 12:34:00,2010-06-14 14:27:00,30,7758.26,12183,528,18,362,258.6086666666667,12.482758620689655,543.0,12183.0,0.04457030288106378,4,0
13070,2011-05-31 13:45:00,2009-12-07 14:44:00,4,751.7,372,12,30,539,187.925,179.66666666666666,4.0,372.0,0.010752688172043012,0,1
13071,2010-04-06 13:37:00,2010-04-06 13:37:00,1,129.22,30,12,450,1,129.22,1.0,0.0,30.0,0.0,0,1
13072,2011-03-18 08:12:00,2011-03-18 08:12:00,1,177.15,69,7,104,1,177.15,1.0,0.0,69.0,0.0,0,1
13073,2010-10-24 14:06:00,2010-09-28 09:27:00,2,418.08,261,25,249,26,209.04,26.0,0.0,261.0,0.0,0,1
13074,2010-07-16 16:53:00,2009-12-16 11:46:00,4,1378.74,826,26,349,212,344.685,70.66666666666667,2.0,826.0,0.002421307506053269,0,1
13076,2010-09-08 10:27:00,2010-09-08 10:27:00,1,135.4,44,9,295,1,135.4,1.0,0.0,44.0,0.0,0,1
13077,2011-02-22 16:19:00,2009-12-11 11:17:00,10,2588.82,2212,176,128,438,258.882,48.666666666666664,61.0,2212.0,0.027576853526220614,0,1
13078,2011-06-29 12:37:00,2009-12-01 09:06:00,43,21633.7,8164,137,1,575,503.10930232558144,13.69047619047619,105.0,8164.0,0.012861342479176875,5,0
13079,2010-10-18 14:15:00,2010-10-18 14:15:00,1,199.08,96,11,255,1,199.08,1.0,0.0,96.0,0.0,3,0
13080,2011-06-13 14:59:00,2010-04-09 13:07:00,4,280.73,193,17,17,430,70.1825,143.33333333333334,2.0,193.0,0.010362694300518135,0,1
13081,2011-05-06 08:10:00,2009-12-08 13:58:00,24,42964.5,30585,628,55,513,1790.1875,22.304347826086957,308.0,30633.0,0.010054516371233637,1,0
13082,2011-06-16 10:19:00,2009-12-22 15:37:00,19,5967.65,7100,98,14,540,314.08684210526314,30.0,53.0,7100.0,0.0074647887323943665,2,0
13083,2010-10-10 13:38:00,2010-10-10 13:38:00,1,91.67999999999999,120,4,263,1,91.67999999999999,1.0,0.0,120.0,0.0,1,0
13084,2010-08-05 08:49:00,2010-08-05 08:49:00,1,122.39999999999999,144,2,329,1,122.39999999999999,1.0,7.0,144.0,0.04861111111111111,0,1
13085,2011-02-17 13:57:00,2009-12-01 07:45:00,7,2295.3,900,46,133,443,327.90000000000003,73.83333333333333,109.0,900.0,0.12111111111111111,1,0
13086,2010-11-22 10:28:00,2010-11-22 10:28:00,1,439.33000000000004,155,47,220,1,439.33000000000004,1.0,0.0,155.0,0.0,0,1
13087,2009-12-13 15:16:00,2009-12-13 15:16:00,1,313.64,86,15,564,1,313.64,1.0,0.0,86.0,0.0,0,1
13088,2010-10-18 15:35:00,2010-10-18 15:35:00,1,236.11,76,19,255,1,236.11,1.0,0.0,76.0,0.0,0,1
13089,2011-06-22 14:24:00,2009-12-02 15:44:00,163,86279.0,44643,704,8,566,529.319018404908,3.493827160493827,929.0,44648.0,0.020807203010213222,21,0
13090,2011-06-17 10:12:00,2010-08-02 13:58:00,18,8124.54,1901,125,13,318,451.36333333333334,18.705882352941178,36.0,1901.0,0.01893740136770121,1,0
13091,2009-12-10 12:44:00,2009-12-10 11:50:00,2,1976.0,873,24,567,1,988.0,1.0,2408.0,873.0,2.7583046964490263,0,1
13092,2011-05-12 10:22:00,2010-02-10 08:44:00,11,2102.2,480,48,49,456,191.1090909090909,45.6,63.0,480.0,0.13125,1,0
13093,2011-03-09 12:14:00,2009-12-04 10:32:00,55,54144.25,25971,199,113,460,984.4409090909091,8.518518518518519,172.0,25971.0,0.006622771552885911,0,1
13094,2011-06-01 12:22:00,2010-11-15 14:15:00,9,1375.2,1128,5,29,197,152.8,24.625,174.0,1128.0,0.15425531914893617,3,0
13096,2010-11-10 14:08:00,2010-11-10 14:08:00,1,419.70000000000005,6,1,232,1,419.70000000000005,1.0,0.0,6.0,0.0,0,1
13097,2011-06-19 11:26:00,2009-12-01 13:31:00,25,11320.64,4656,356,11,564,452.82559999999995,23.5,41.0,4656.0,0.008805841924398625,2,0
13098,2011-06-23 14:36:00,2011-01-26 13:46:00,11,9574.22,5445,103,7,148,870.3836363636364,14.8,34.0,5445.0,0.006244260789715335,8,0
13101,2011-04-19 14:37:00,2010-01-27 15:49:00,4,695.4,478,48,72,446,173.85,148.66666666666666,0.0,478.0,0.0,0,1
13102,2011-06-19 14:15:00,2010-05-06 13:12:00,29,8961.61,4845,173,11,409,309.02103448275864,14.607142857142858,66.0,4845.0,0.013622291021671827,4,0
13103,2010-09-28 11:48:00,2010-05-11 14:41:00,2,465.70000000000005,344,21,275,139,232.85000000000002,139.0,0.0,344.0,0.0,0,1
13104,2011-03-17 13:27:00,2010-02-24 15:06:00,5,824.34,462,5,105,385,164.868,96.25,0.0,462.0,0.0,2,0
13105,2010-09-29 13:41:00,2010-09-29 13:41:00,1,72.0,100,1,274,1,72.0,1.0,0.0,100.0,0.0,0,1
13106,2010-10-22 13:10:00,2010-10-22 13:10:00,1,526.96,213,15,251,1,526.96,1.0,0.0,213.0,0.0,1,0
13107,2011-06-17 08:57:00,2010-02-04 10:50:00,7,4656.67,3839,127,13,497,665.2385714285714,82.83333333333333,61.0,3839.0,0.015889554571502994,1,0
13108,2010-12-02 10:35:00,2010-09-30 17:09:00,2,748.46,745,27,210,62,374.23,62.0,0.0,745.0,0.0,0,1
13109,2010-06-06 12:59:00,2010-06-06 12:59:00,1,347.49,237,23,389,1,347.49,1.0,1.0,237.0,0.004219409282700422,1,0
13110,2011-03-27 16:08:00,2009-12-01 14:14:00,8,2201.29,580,128,95,481,275.16125,68.71428571428571,6.0,580.0,0.010344827586206896,2,0
13111,2009-12-21 09:00:00,2009-12-21 09:00:00,1,321.88000000000005,180,12,556,1,321.88000000000005,1.0,0.0,180.0,0.0,0,1
13112,2010-06-16 17:03:00,2010-06-16 17:03:00,1,20.6,11,2,379,1,20.6,1.0,12.0,11.0,1.0909090909090908,0,1
13113,2011-06-30 10:52:00,2010-03-28 16:13:00,31,15628.13,3667,164,0,458,504.1332258064516,15.266666666666667,199.0,3672.0,0.054193899782135076,2,0
13114,2009-12-09 09:56:00,2009-12-09 09:56:00,1,234.38,74,16,568,1,234.38,1.0,0.0,74.0,0.0,0,1
13115,2011-06-08 16:15:00,2010-04-19 13:29:00,7,4078.4700000000003,2988,161,22,415,582.6385714285715,69.16666666666667,17.0,2988.0,0.005689424364123159,0,1
13117,2011-05-06 10:45:00,2010-03-26 13:50:00,16,2022.12,1518,113,55,405,126.3825,27.0,2.0,1518.0,0.0013175230566534915,1,0
13118,2011-05-15 13:22:00,2010-09-26 15:46:00,7,2017.3,698,85,46,230,288.18571428571425,38.333333333333336,11.0,698.0,0.015759312320916905,0,1
13119,2010-02-09 08:38:00,2010-02-09 08:38:00,1,134.9,110,11,506,1,134.9,1.0,0.0,110.0,0.0,0,1
13120,2011-04-15 10:19:00,2011-04-15 10:19:00,1,30.599999999999998,12,1,76,1,30.599999999999998,1.0,0.0,12.0,0.0,0,1
13121,2011-03-15 16:47:00,2011-03-15 16:47:00,1,283.73,252,50,107,1,283.73,1.0,25.0,252.0,0.0992063492063492,0,1
13122,2011-04-13 14:12:00,2011-04-13 14:12:00,1,903.67,537,54,78,1,903.67,1.0,0.0,537.0,0.0,1,0
13123,2010-08-24 10:18:00,2010-06-28 12:43:00,2,506.75,268,36,310,56,253.375,56.0,0.0,268.0,0.0,0,1
13124,2011-04-01 14:58:00,2010-11-19 15:50:00,3,3401.8,2220,163,90,132,1133.9333333333334,66.0,0.0,2220.0,0.0,1,0
13125,2010-07-04 11:58:00,2010-07-04 11:58:00,1,148.62,53,20,361,1,148.62,1.0,0.0,53.0,0.0,0,1
13126,2011-03-31 16:40:00,2010-03-02 12:24:00,10,2752.59,2208,123,91,394,275.259,43.77777777777778,27.0,2208.0,0.012228260869565218,1,0
13128,2010-03-18 15:08:00,2010-03-18 15:08:00,1,263.5,31,1,469,1,263.5,1.0,0.0,31.0,0.0,0,1
13129,2010-09-13 13:47:00,2010-06-28 11:54:00,2,233.25,296,10,290,77,116.625,77.0,0.0,296.0,0.0,0,1
13131,2011-06-05 10:54:00,2010-02-09 09:47:00,5,2565.37,1204,98,25,481,513.074,120.25,0.0,1204.0,0.0,1,0
13132,2011-03-23 12:44:00,2011-03-23 12:44:00,1,77.3,20,3,99,1,77.3,1.0,0.0,20.0,0.0,0,1
13133,2011-03-11 10:31:00,2010-09-06 15:30:00,3,200.45000000000002,55,12,111,185,66.81666666666668,92.5,0.0,55.0,0.0,0,1
13134,2011-06-09 11:37:00,2010-10-19 13:21:00,5,1567.39,635,61,21,232,313.478,58.0,11.0,635.0,0.01732283464566929,1,0
13135,2011-05-27 10:52:00,2010-08-05 17:28:00,2,3371.45,4423,18,34,294,1685.725,294.0,0.0,4423.0,0.0,0,1
13136,2011-05-11 12:47:00,2009-12-08 18:30:00,9,4241.41,2057,160,50,518,471.2677777777778,64.75,56.0,2057.0,0.027224112785610113,3,0
13137,2011-04-01 11:34:00,2010-07-25 15:40:00,10,4831.09,2560,482,90,249,483.10900000000004,27.666666666666668,0.0,2560.0,0.0,3,0
13138,2011-04-13 09:59:00,2010-11-08 11:45:00,3,698.47,317,31,78,155,232.82333333333335,77.5,1.0,317.0,0.0031545741324921135,2,0
13139,2011-05-08 16:03:00,2010-09-28 09:12:00,3,4308.06,2647,123,53,222,1436.0200000000002,111.0,0.0,2647.0,0.0,2,0
13140,2010-12-08 15:12:00,2010-08-05 19:05:00,3,790.71,461,68,204,124,263.57,62.0,0.0,461.0,0.0,2,0
13141,2011-05-09 15:33:00,2009-12-09 13:34:00,16,6668.36,4553,259,52,516,416.7725,34.4,35.0,4553.0,0.007687239182956293,1,0
13143,2010-05-04 12:22:00,2010-05-04 12:22:00,1,405.1,198,23,422,1,405.1,1.0,2.0,198.0,0.010101010101010102,0,1
13144,2011-01-11 11:15:00,2010-10-04 14:14:00,2,135.35,29,6,170,98,67.675,98.0,0.0,29.0,0.0,0,1
13145,2010-12-02 18:06:00,2010-04-19 11:11:00,4,805.0,121,2,210,227,201.25,75.66666666666667,0.0,121.0,0.0,2,0
13148,2011-04-21 08:43:00,2009-12-07 15:26:00,20,6593.9400000000005,3353,376,70,499,329.697,26.263157894736842,175.0,3353.0,0.05219206680584551,4,0
13149,2011-02-23 13:57:00,2011-02-23 13:57:00,1,376.74,276,18,127,1,376.74,1.0,0.0,276.0,0.0,2,0
13150,2010-08-12 12:59:00,2010-03-19 09:03:00,3,449.96999999999997,171,7,322,146,149.98999999999998,73.0,1.0,171.0,0.005847953216374269,0,1
13151,2011-02-17 12:29:00,2010-03-22 10:26:00,3,2465.21,813,131,133,332,821.7366666666667,166.0,7.0,813.0,0.008610086100861008,0,1
13152,2010-10-18 13:44:00,2010-01-14 10:01:00,7,2146.38,977,114,255,277,306.6257142857143,46.166666666666664,8.0,977.0,0.008188331627430911,0,1
13154,2010-11-05 16:00:00,2009-12-04 08:46:00,3,1624.84,976,78,237,336,541.6133333333333,168.0,3.0,976.0,0.0030737704918032786,0,1
13155,2011-01-17 11:21:00,2010-08-05 09:30:00,4,967.92,506,68,164,165,241.98,55.0,0.0,506.0,0.0,1,0
13156,2010-11-19 13:09:00,2010-02-01 13:45:00,3,1586.54,914,94,223,290,528.8466666666667,145.0,0.0,914.0,0.0,0,1
13157,2011-04-12 14:04:00,2010-03-08 11:59:00,7,4444.08,3797,128,79,400,634.8685714285714,66.66666666666667,9.0,3797.0,0.00237029233605478,1,0
13158,2011-01-25 09:58:00,2010-11-16 17:12:00,2,563.53,343,37,156,69,281.765,69.0,0.0,343.0,0.0,3,0
13161,2011-01-30 14:03:00,2010-07-27 12:44:00,2,472.13,105,30,151,187,236.065,187.0,0.0,105.0,0.0,0,1
13162,2011-06-08 15:38:00,2009-12-04 13:59:00,15,8892.64,5438,172,22,551,592.8426666666667,39.357142857142854,87.0,5438.0,0.015998528870908423,1,0
13163,2010-04-08 16:21:00,2010-04-08 16:21:00,1,17.65,3,2,448,1,17.65,1.0,3.0,3.0,1.0,0,1
13164,2010-05-19 13:52:00,2010-02-10 11:52:00,2,372.2,120,7,407,98,186.1,98.0,6.0,120.0,0.05,0,1
13165,2010-12-23 14:06:00,2010-10-22 17:04:00,2,784.32,856,20,189,61,392.16,61.0,0.0,856.0,0.0,0,1
13166,2011-03-01 15:16:00,2010-10-21 14:29:00,2,875.93,522,55,121,131,437.965,131.0,2.0,522.0,0.0038314176245210726,0,1
13167,2010-11-14 12:58:00,2010-11-14 12:58:00,1,333.82,222,16,228,1,333.82,1.0,0.0,222.0,0.0,2,0
13168,2011-05-24 13:56:00,2010-06-15 15:00:00,4,1494.2,773,119,37,342,373.55,114.0,2.0,773.0,0.00258732212160414,0,1
13169,2011-04-01 14:24:00,2010-05-26 15:58:00,2,632.4000000000001,120,11,90,309,316.20000000000005,309.0,0.0,120.0,0.0,0,1
13171,2011-02-13 14:16:00,2011-02-13 14:16:00,1,140.35,53,23,137,1,140.35,1.0,0.0,53.0,0.0,0,1
13172,2010-11-04 15:10:00,2010-11-04 15:10:00,1,69.6,48,1,238,1,69.6,1.0,0.0,48.0,0.0,0,1
13173,2010-12-07 14:30:00,2009-12-10 12:52:00,10,2212.11,1318,147,205,362,221.211,40.22222222222222,3.0,1318.0,0.002276176024279211,0,1
13174,2011-01-27 15:36:00,2009-12-04 15:40:00,11,7286.6,3369,564,154,418,662.4181818181819,41.8,0.0,3369.0,0.0,0,1
13175,2010-05-06 13:13:00,2009-12-04 12:11:00,2,831.45,423,40,420,153,415.725,153.0,31.0,423.0,0.07328605200945626,0,1
13177,2010-10-05 10:35:00,2010-10-05 10:35:00,1,229.75,89,13,268,1,229.75,1.0,0.0,89.0,0.0,0,1
13178,2011-06-21 14:53:00,2009-12-16 14:00:00,16,11644.65,7101,181,9,552,727.790625,36.8,29.0,7101.0,0.0040839318405858326,3,0
13179,2010-03-31 11:40:00,2010-03-31 11:40:00,1,572.3100000000001,368,34,456,1,572.3100000000001,1.0,0.0,368.0,0.0,0,1
13180,2010-04-11 13:37:00,2010-04-11 13:37:00,1,86.10000000000001,42,4,445,1,86.10000000000001,1.0,0.0,42.0,0.0,0,1
13181,2010-11-23 15:05:00,2010-11-23 15:05:00,1,359.69,171,19,219,1,359.69,1.0,0.0,171.0,0.0,0,1
13183,2011-05-15 12:46:00,2010-03-14 12:32:00,9,4605.4800000000005,2735,43,46,427,511.72,53.375,26.0,2735.0,0.009506398537477149,4,0
13184,2011-06-08 12:38:00,2011-02-22 17:25:00,5,919.97,942,76,22,105,183.994,26.25,6.0,942.0,0.006369426751592357,4,0
13185,2011-03-17 11:56:00,2011-03-17 11:56:00,1,71.4,12,1,105,1,71.4,1.0,0.0,12.0,0.0,0,1
13187,2011-01-06 18:57:00,2010-03-25 17:18:00,4,341.36,296,51,175,287,85.34,95.66666666666667,22.0,296.0,0.07432432432432433,0,1
13190,2010-06-13 15:47:00,2009-12-07 12:13:00,3,570.66,308,16,382,188,190.22,94.0,2.0,308.0,0.006493506493506494,0,1
13191,2010-02-19 17:02:00,2010-02-19 17:02:00,1,164.69,115,58,496,1,164.69,1.0,0.0,115.0,0.0,0,1
13192,2011-05-18 14:57:00,2010-01-22 08:37:00,5,2110.96,1332,113,43,481,422.192,120.25,11.0,1332.0,0.008258258258258258,1,0
13194,2010-10-14 11:54:00,2010-10-14 11:54:00,1,412.08,300,7,259,1,412.08,1.0,0.0,300.0,0.0,1,0
13195,2010-10-21 13:07:00,2010-10-21 13:07:00,1,136.73,70,43,252,1,136.73,1.0,0.0,70.0,0.0,0,1
13196,2011-03-22 14:24:00,2010-04-01 12:54:00,4,1783.19,1102,89,100,355,445.7975,118.33333333333333,2.0,1102.0,0.0018148820326678765,1,0
13197,2010-04-09 09:14:00,2010-04-09 09:14:00,1,373.01000000000005,204,19,447,1,373.01000000000005,1.0,0.0,204.0,0.0,0,1
13198,2011-04-04 09:55:00,2010-10-01 13:27:00,5,3660.7400000000002,2481,207,87,184,732.148,46.0,9.0,2481.0,0.0036275695284159614,2,0
13199,2011-06-20 15:06:00,2009-12-05 10:11:00,47,10312.65,8567,41,10,562,219.41808510638296,12.217391304347826,9.0,8567.0,0.001050542780436559,4,0
13201,2010-07-25 14:30:00,2010-03-07 11:01:00,4,1233.06,1036,65,340,140,308.265,46.666666666666664,0.0,1036.0,0.0,0,1
13202,2010-11-10 16:24:00,2009-12-09 10:48:00,7,1580.3,572,55,232,336,225.75714285714284,56.0,1.0,572.0,0.0017482517482517483,0,1
13203,2011-04-11 14:40:00,2009-12-17 14:15:00,7,1944.5,1758,115,80,480,277.7857142857143,80.0,6.0,1758.0,0.0034129692832764505,1,0
13204,2009-12-08 14:56:00,2009-12-08 14:56:00,1,966.6600000000001,428,57,569,1,966.6600000000001,1.0,0.0,428.0,0.0,0,1
13205,2010-09-22 16:26:00,2010-09-22 16:26:00,1,2803.2,256,1,281,1,2803.2,1.0,0.0,256.0,0.0,0,1
13206,2010-11-04 16:50:00,2009-12-07 13:48:00,13,8308.19,7086,393,238,332,639.0915384615384,27.666666666666668,277.0,7086.0,0.039091165678803275,0,1
13207,2010-09-14 15:44:00,2010-04-06 16:37:00,2,285.6,48,4,289,160,142.8,160.0,0.0,48.0,0.0,1,0
13208,2011-05-17 12:25:00,2009-12-03 13:25:00,6,1452.61,1024,162,44,529,242.10166666666666,105.8,0.0,1024.0,0.0,1,0
13209,2011-04-26 11:04:00,2010-01-24 14:30:00,8,4980.34,3391,170,65,456,622.5425,65.14285714285714,16.0,3391.0,0.004718372161604247,2,0
13211,2010-12-13 16:17:00,2009-12-06 15:24:00,8,1634.05,1057,75,199,372,204.25625,53.142857142857146,5.0,1057.0,0.004730368968779565,1,0
13213,2011-06-09 16:57:00,2010-05-20 14:50:00,9,2882.4700000000003,1927,136,21,385,320.2744444444445,48.125,10.0,1927.0,0.005189413596263622,1,0
13214,2010-10-18 10:00:00,2010-03-03 14:10:00,7,3264.23,2966,207,255,228,466.31857142857143,38.0,0.0,2966.0,0.0,0,1
13215,2010-11-02 18:26:00,2010-11-02 18:26:00,1,81.6,96,1,240,1,81.6,1.0,0.0,96.0,0.0,0,1
13216,2011-03-17 12:18:00,2011-03-17 12:18:00,1,333.74,297,5,105,1,333.74,1.0,0.0,297.0,0.0,0,1
13217,2010-02-22 12:49:00,2010-02-22 12:49:00,1,132.5,250,1,493,1,132.5,1.0,0.0,250.0,0.0,3,0
13219,2010-03-31 14:18:00,2010-03-31 14:18:00,1,76.23,11,11,456,1,76.23,1.0,0.0,11.0,0.0,0,1
13220,2011-06-07 11:10:00,2010-05-13 10:35:00,4,1243.29,332,43,23,390,310.8225,130.0,0.0,332.0,0.0,1,0
13221,2011-04-13 16:58:00,2010-12-15 13:24:00,2,847.41,244,62,78,119,423.705,119.0,0.0,244.0,0.0,0,1
13222,2010-05-11 13:54:00,2010-05-11 13:54:00,1,88.5,30,1,415,1,88.5,1.0,0.0,30.0,0.0,0,1
13223,2011-05-23 13:03:00,2010-02-12 13:27:00,6,969.1200000000001,568,8,38,464,161.52,92.8,0.0,568.0,0.0,0,1
13225,2011-05-27 12:38:00,2009-12-17 09:09:00,13,13538.11,5853,54,34,526,1041.393076923077,43.833333333333336,64.0,5853.0,0.010934563471723903,1,0
13226,2011-03-11 14:35:00,2010-11-11 13:46:00,2,312.46,179,28,111,120,156.23,120.0,0.0,179.0,0.0,0,1
13227,2011-05-22 11:47:00,2011-05-22 11:47:00,1,257.7,99,9,39,1,257.7,1.0,0.0,99.0,0.0,0,1
13229,2011-04-28 12:07:00,2011-04-28 12:07:00,1,160.95,63,10,63,1,160.95,1.0,0.0,63.0,0.0,0,1
13230,2011-05-22 11:28:00,2010-03-18 20:02:00,25,5128.01,2778,542,39,429,205.12040000000002,17.875,0.0,2778.0,0.0,3,0
13232,2011-06-12 11:17:00,2011-04-10 13:48:00,4,861.45,547,105,18,62,215.3625,20.666666666666668,0.0,547.0,0.0,1,0
13233,2011-01-07 14:49:00,2010-01-14 14:10:00,3,875.58,1004,49,174,358,291.86,179.0,0.0,1004.0,0.0,1,0
13234,2010-02-05 11:41:00,2009-12-07 12:32:00,2,346.5,159,56,510,59,173.25,59.0,0.0,159.0,0.0,0,1
13235,2011-05-11 17:13:00,2011-05-11 17:13:00,1,1031.07,441,53,50,1,1031.07,1.0,1.0,441.0,0.0022675736961451248,0,1
13237,2010-11-17 10:07:00,2010-11-17 10:07:00,1,643.0,128,24,225,1,643.0,1.0,0.0,128.0,0.0,0,1
13238,2011-06-29 12:12:00,2010-04-28 15:02:00,4,624.75,281,19,1,426,156.1875,142.0,0.0,281.0,0.0,0,1
13239,2011-03-23 10:25:00,2010-07-25 13:34:00,5,1594.69,1151,86,99,240,318.938,60.0,3.0,1187.0,0.002527379949452401,0,1
13240,2011-06-19 15:33:00,2010-02-25 13:17:00,7,1365.75,652,151,11,479,195.10714285714286,79.83333333333333,13.0,652.0,0.019938650306748466,1,0
13241,2010-10-24 11:17:00,2010-10-24 11:17:00,1,112.53,46,40,249,1,112.53,1.0,0.0,46.0,0.0,0,1
13242,2011-05-10 12:28:00,2010-02-09 13:12:00,6,533.0,270,15,51,454,88.83333333333333,90.8,0.0,270.0,0.0,1,0
13243,2011-05-20 13:14:00,2010-03-18 13:10:00,5,1220.38,554,165,41,428,244.07600000000002,107.0,0.0,554.0,0.0,0,1
13245,2010-10-03 14:03:00,2010-10-03 14:03:00,1,558.72,246,29,270,1,558.72,1.0,0.0,246.0,0.0,0,1
13246,2011-06-16 12:51:00,2010-07-02 13:36:00,10,3228.74,2742,214,14,348,322.87399999999997,38.666666666666664,21.0,2742.0,0.007658643326039387,0,1
13248,2011-06-03 13:05:00,2011-06-03 13:05:00,1,387.46999999999997,251,21,27,1,387.46999999999997,1.0,0.0,251.0,0.0,1,0
13249,2011-03-23 15:26:00,2010-01-24 12:11:00,7,1189.3600000000001,940,2,99,423,169.90857142857143,70.5,0.0,940.0,0.0,2,0
13250,2010-09-05 11:33:00,2010-07-25 14:01:00,2,253.09,107,17,298,41,126.545,41.0,2.0,107.0,0.018691588785046728,0,1
13251,2010-11-02 13:20:00,2010-11-02 13:20:00,1,252.68,215,25,240,1,252.68,1.0,0.0,215.0,0.0,0,1
13252,2010-11-10 16:00:00,2010-03-24 10:30:00,2,399.3,134,19,232,231,199.65,231.0,6.0,134.0,0.04477611940298507,0,1
13253,2011-01-04 15:43:00,2010-01-05 12:13:00,3,2397.19,2067,55,177,364,799.0633333333334,182.0,0.0,2067.0,0.0,1,0
13254,2010-11-28 15:42:00,2010-11-28 15:42:00,1,51.41,43,4,214,1,51.41,1.0,0.0,43.0,0.0,0,1
13255,2010-12-01 11:58:00,2010-07-15 13:20:00,2,504.95,340,19,211,138,252.475,138.0,0.0,340.0,0.0,0,1
13257,2010-09-29 14:58:00,2010-09-29 14:58:00,1,149.75,33,7,274,1,149.75,1.0,4.0,33.0,0.12121212121212122,0,1
13258,2011-05-18 13:11:00,2010-11-04 12:45:00,3,535.4699999999999,241,14,43,195,178.48999999999998,97.5,0.0,241.0,0.0,0,1
13259,2010-11-07 10:56:00,2010-01-10 10:26:00,8,1119.36,377,181,235,301,139.92,43.0,0.0,377.0,0.0,0,1
13261,2011-03-16 12:22:00,2011-02-27 10:41:00,2,944.1,210,8,106,17,472.05,17.0,0.0,210.0,0.0,0,1
13262,2011-03-21 15:06:00,2010-04-18 12:14:00,3,573.45,247,48,101,337,191.15,168.5,0.0,247.0,0.0,0,1
13263,2011-06-29 15:03:00,2010-10-22 17:07:00,22,5203.25,2933,396,1,249,236.51136363636363,11.857142857142858,0.0,2933.0,0.0,7,0
13264,2010-09-23 12:42:00,2010-09-23 12:42:00,1,722.5600000000001,375,38,280,1,722.5600000000001,1.0,0.0,375.0,0.0,0,1
13265,2011-06-09 09:28:00,2011-03-11 09:54:00,3,1450.66,1126,44,21,89,483.55333333333334,44.5,0.0,1126.0,0.0,1,0
13266,2011-06-07 13:33:00,2009-12-17 10:52:00,13,4127.21,4781,120,23,537,317.47769230769234,44.75,129.0,4781.0,0.026981802970089938,3,0
13267,2011-05-24 10:35:00,2009-12-07 16:56:00,28,7118.46,2926,126,37,532,254.2307142857143,19.703703703703702,50.0,2926.0,0.017088174982911826,4,0
13268,2011-06-23 11:38:00,2011-03-17 13:20:00,6,2117.81,2490,206,7,97,352.9683333333333,19.4,21.0,2490.0,0.008433734939759036,1,0
13269,2011-06-13 11:36:00,2009-12-02 11:47:00,19,5551.76,4426,190,17,557,292.1978947368421,30.944444444444443,3.0,4426.0,0.0006778129236330773,3,0
13270,2010-12-08 14:53:00,2010-12-08 14:53:00,1,590.0,200,1,204,1,590.0,1.0,0.0,200.0,0.0,0,1
13274,2010-10-26 13:48:00,2010-10-26 13:48:00,1,360.85,199,19,247,1,360.85,1.0,0.0,199.0,0.0,0,1
13275,2010-11-21 12:09:00,2010-03-17 14:05:00,2,238.86,138,48,221,248,119.43,248.0,0.0,138.0,0.0,0,1
13276,2010-11-07 14:17:00,2010-03-07 14:05:00,3,1300.98,679,184,235,245,433.66,122.5,2.0,679.0,0.0029455081001472753,1,0
13277,2010-11-24 15:34:00,2010-06-18 08:45:00,3,264.9,206,7,218,159,88.3,79.5,0.0,206.0,0.0,2,0
13278,2010-11-05 11:42:00,2010-04-08 11:59:00,3,893.12,821,48,237,210,297.70666666666665,105.0,3.0,821.0,0.0036540803897685747,0,1
13280,2011-01-27 16:29:00,2010-03-05 09:07:00,6,2177.83,1419,157,154,328,362.97166666666664,65.6,2.0,1419.0,0.0014094432699083862,1,0
13281,2010-09-26 16:03:00,2010-09-26 16:03:00,1,350.85,201,22,277,1,350.85,1.0,26.0,201.0,0.12935323383084577,0,1
13282,2011-06-30 13:17:00,2010-10-29 14:11:00,3,954.1500000000001,275,28,0,243,318.05,121.5,1.0,275.0,0.0036363636363636364,0,1
13283,2011-06-07 12:39:00,2010-03-09 14:36:00,3,305.2,144,14,23,454,101.73333333333333,227.0,0.0,144.0,0.0,0,1
13284,2011-01-13 09:23:00,2011-01-13 09:23:00,1,201.19,91,13,168,1,201.19,1.0,12.0,91.0,0.13186813186813187,0,1
13285,2011-04-27 13:03:00,2010-03-25 14:26:00,4,1828.74,1320,112,64,397,457.185,132.33333333333334,0.0,1320.0,0.0,1,0
13286,2010-04-18 15:35:00,2010-04-18 15:35:00,1,734.91,274,46,438,1,734.91,1.0,0.0,274.0,0.0,0,1
13287,2010-04-15 15:26:00,2010-01-04 10:43:00,3,781.59,429,46,441,101,260.53000000000003,50.5,192.0,429.0,0.44755244755244755,0,1
13288,2010-09-22 16:32:00,2010-02-11 14:59:00,5,927.61,379,7,281,223,185.522,55.75,3.0,379.0,0.0079155672823219,0,1
13289,2009-12-16 11:53:00,2009-12-16 11:53:00,1,307.95,119,16,561,1,307.95,1.0,0.0,119.0,0.0,0,1
13290,2010-09-27 16:29:00,2010-09-27 16:29:00,1,208.63,1,1,276,1,208.63,1.0,2.0,1.0,2.0,0,1
13291,2010-10-21 19:01:00,2010-02-11 18:36:00,10,2909.68,1367,134,252,252,290.96799999999996,28.0,0.0,1367.0,0.0,1,0
13292,2011-02-28 15:00:00,2010-07-01 14:36:00,4,665.14,316,41,122,242,166.285,80.66666666666667,16.0,316.0,0.05063291139240506,0,1
13293,2010-11-12 13:28:00,2010-02-09 12:05:00,6,1192.94,555,51,230,276,198.82333333333335,55.2,6.0,555.0,0.010810810810810811,0,1
13294,2011-06-03 08:54:00,2010-03-03 12:54:00,3,1689.53,996,93,27,456,563.1766666666666,228.0,0.0,996.0,0.0,0,1
13295,2010-12-15 11:21:00,2010-05-12 09:13:00,4,1101.97,733,56,197,217,275.4925,72.33333333333333,34.0,733.0,0.04638472032742155,0,1
13296,2010-10-12 12:41:00,2010-05-11 14:29:00,5,705.11,575,46,261,153,141.022,38.25,0.0,575.0,0.0,1,0
13297,2010-11-19 13:49:00,2010-06-15 12:35:00,3,2278.77,1731,58,223,157,759.59,78.5,1.0,1731.0,0.0005777007510109763,0,1
13299,2011-03-16 12:55:00,2010-06-29 11:30:00,3,1218.7,416,56,106,260,406.23333333333335,130.0,8.0,416.0,0.019230769230769232,0,1
13300,2011-06-23 13:09:00,2010-05-14 15:56:00,3,1285.51,455,44,7,404,428.50333333333333,202.0,8.0,455.0,0.017582417582417582,0,1
13301,2011-05-01 11:55:00,2011-02-20 13:13:00,2,327.77,189,40,60,69,163.885,69.0,0.0,189.0,0.0,2,0
13302,2010-07-01 12:32:00,2010-07-01 12:32:00,1,95.45,7,2,364,1,95.45,1.0,0.0,7.0,0.0,1,0
13303,2010-11-04 14:55:00,2010-11-04 14:55:00,1,61.72,26,4,238,1,61.72,1.0,0.0,26.0,0.0,0,1
13304,2010-12-23 14:35:00,2010-02-08 12:42:00,4,1217.99,716,59,189,318,304.4975,106.0,28.0,716.0,0.03910614525139665,0,1
13305,2011-04-08 14:26:00,2010-03-10 14:49:00,10,2255.8,1483,123,83,393,225.58,43.666666666666664,0.0,1483.0,0.0,4,0
13306,2010-10-05 14:55:00,2010-10-05 14:55:00,1,53.65,74,4,268,1,53.65,1.0,0.0,74.0,0.0,0,1
13307,2010-08-09 12:56:00,2010-04-26 13:28:00,2,258.34,136,14,325,104,129.17,104.0,0.0,136.0,0.0,1,0
13308,2011-05-20 13:13:00,2010-04-22 09:22:00,2,1099.81,749,42,41,393,549.905,393.0,3.0,749.0,0.004005340453938585,0,1
13309,2011-05-17 12:44:00,2010-11-12 12:10:00,3,796.22,986,59,44,186,265.4066666666667,93.0,0.0,986.0,0.0,1,0
13310,2011-05-17 13:26:00,2010-11-02 17:03:00,4,1226.82,624,65,44,195,306.705,65.0,8.0,624.0,0.01282051282051282,0,1
13312,2010-09-14 14:36:00,2010-09-14 14:36:00,1,124.75,41,5,289,1,124.75,1.0,0.0,41.0,0.0,0,1
13313,2011-05-08 13:20:00,2009-12-02 16:18:00,9,2499.7400000000002,1788,89,53,521,277.7488888888889,65.125,9.0,1788.0,0.0050335570469798654,1,0
13315,2010-01-19 15:34:00,2010-01-19 15:34:00,1,310.26,232,22,527,1,310.26,1.0,0.0,232.0,0.0,0,1
13316,2011-03-30 13:01:00,2010-03-10 10:01:00,7,8830.37,16471,71,92,385,1261.4814285714288,64.16666666666667,49.0,16471.0,0.0029749256268593286,2,0
13317,2011-05-25 10:35:00,2009-12-13 11:11:00,18,5526.3910000000005,2614,181,36,527,307.02172222222225,31.0,96.0,2614.0,0.036725325172149964,0,1
13319,2011-06-23 10:14:00,2009-12-06 14:46:00,46,16061.11,6618,283,7,563,349.15456521739134,12.511111111111111,56.0,6618.0,0.008461770927772741,5,0
13320,2011-05-10 10:30:00,2010-08-18 10:29:00,4,1188.01,849,62,51,265,297.0025,88.33333333333333,25.0,849.0,0.02944640753828033,2,0
13324,2011-05-20 14:06:00,2010-05-25 10:23:00,15,7190.51,5716,30,41,360,479.36733333333336,25.714285714285715,16.0,5716.0,0.0027991602519244225,2,0
13326,2010-10-03 16:00:00,2010-10-03 16:00:00,1,281.76,140,13,270,1,281.76,1.0,0.0,140.0,0.0,0,1
13327,2011-06-07 08:54:00,2009-12-18 15:35:00,17,7379.06,3471,157,23,535,434.06235294117647,33.4375,19.0,3471.0,0.005473926822241429,2,0
13328,2011-01-27 15:22:00,2011-01-27 15:22:00,1,1308.48,680,17,154,1,1308.48,1.0,0.0,680.0,0.0,0,1
13329,2010-12-08 10:11:00,2009-12-04 15:41:00,7,4323.97,3023,60,204,368,617.71,61.333333333333336,45.0,3023.0,0.014885874958650347,0,1
13330,2011-06-07 12:18:00,2010-02-23 10:12:00,5,2383.39,1600,66,23,469,476.678,117.25,0.0,1600.0,0.0,1,0
13331,2010-11-03 08:04:00,2010-11-03 08:04:00,1,262.4,54,12,239,1,262.4,1.0,0.0,54.0,0.0,0,1
13333,2010-10-24 13:24:00,2010-02-19 09:26:00,3,1015.74,685,54,249,247,338.58,123.5,0.0,685.0,0.0,0,1
13334,2011-06-02 11:33:00,2010-02-25 12:21:00,4,5408.07,2777,280,28,461,1352.0175,153.66666666666666,1.0,2777.0,0.00036010082823190496,1,0
13337,2010-06-11 13:27:00,2010-06-11 13:27:00,1,1575.26,980,87,384,1,1575.26,1.0,25.0,980.0,0.025510204081632654,0,1
13338,2010-06-16 10:23:00,2010-01-05 12:25:00,3,1958.6,895,101,379,161,652.8666666666667,80.5,16.0,895.0,0.017877094972067038,1,0
13339,2011-05-23 08:31:00,2011-05-23 08:31:00,1,860.12,326,54,38,1,860.12,1.0,0.0,326.0,0.0,0,1
13340,2011-03-08 11:39:00,2010-02-22 14:54:00,6,15042.11,5471,116,114,378,2507.0183333333334,75.6,0.0,5471.0,0.0,4,0
13341,2011-03-24 09:50:00,2011-03-24 09:50:00,1,775.85,301,42,98,1,775.85,1.0,0.0,301.0,0.0,0,1
13343,2011-06-15 12:24:00,2011-06-15 12:24:00,1,353.43,135,19,15,1,353.43,1.0,9.0,135.0,0.06666666666666667,0,1
13344,2011-03-07 10:28:00,2011-03-07 10:28:00,1,1656.15,599,68,115,1,1656.15,1.0,0.0,599.0,0.0,0,1
13345,2011-02-25 09:01:00,2011-02-25 09:01:00,1,389.5,141,20,125,1,389.5,1.0,2.0,141.0,0.014184397163120567,0,1
13346,2010-09-03 11:41:00,2010-04-22 12:34:00,6,299.4,180,4,300,133,49.9,26.6,0.0,180.0,0.0,0,1
13357,2011-03-27 13:56:00,2010-03-22 14:30:00,5,3805.5099999999998,2112,284,95,369,761.102,92.25,0.0,2112.0,0.0,0,1
13358,2011-03-16 11:52:00,2011-03-16 11:52:00,1,439.03,285,29,106,1,439.03,1.0,0.0,285.0,0.0,0,1
13359,2010-11-01 15:05:00,2010-11-01 15:05:00,1,603.75,220,33,241,1,603.75,1.0,5.0,220.0,0.022727272727272728,0,1
13360,2010-10-04 12:37:00,2010-01-08 11:16:00,4,1553.65,942,58,269,269,388.4125,89.66666666666667,10.0,942.0,0.010615711252653927,0,1
13361,2010-08-24 14:56:00,2010-04-01 07:49:00,2,1450.5,324,29,310,145,725.25,145.0,0.0,324.0,0.0,0,1
13362,2011-04-08 08:21:00,2010-10-10 15:27:00,5,3884.86,1826,161,83,179,776.972,44.75,9.0,1826.0,0.004928806133625411,0,1
13363,2010-10-26 11:07:00,2010-10-26 11:07:00,1,731.36,436,42,247,1,731.36,1.0,0.0,436.0,0.0,0,1
13365,2011-05-06 12:00:00,2011-05-06 12:00:00,1,700.6,404,39,55,1,700.6,1.0,2.0,404.0,0.0049504950495049506,0,1
13367,2010-10-04 10:00:00,2010-10-04 10:00:00,1,510.20000000000005,253,20,269,1,510.20000000000005,1.0,0.0,253.0,0.0,0,1
13368,2011-03-28 09:59:00,2010-10-12 10:43:00,4,1121.5,606,45,94,166,280.375,55.333333333333336,12.0,606.0,0.019801980198019802,0,1
13369,2010-12-09 11:30:00,2010-12-09 11:30:00,1,308.28000000000003,149,14,203,1,308.28000000000003,1.0,22.0,149.0,0.1476510067114094,0,1
13370,2010-12-03 10:26:00,2010-12-03 10:26:00,1,754.87,343,39,209,1,754.87,1.0,7.0,343.0,0.02040816326530612,0,1
13371,2010-07-22 17:33:00,2010-03-17 15:29:00,2,2297.66,1019,75,343,127,1148.83,127.0,3.0,1019.0,0.002944062806673209,0,1
13373,2011-03-08 14:35:00,2009-12-06 12:34:00,4,5262.64,3070,222,114,457,1315.66,152.33333333333334,0.0,3070.0,0.0,1,0
13374,2010-10-21 10:04:00,2010-09-16 10:29:00,2,422.8,135,17,252,34,211.4,34.0,0.0,135.0,0.0,0,1
13375,2010-09-21 08:12:00,2010-09-21 08:12:00,1,1013.58,682,34,282,1,1013.58,1.0,0.0,682.0,0.0,1,0
13376,2011-05-20 09:08:00,2011-04-19 13:03:00,2,770.0,356,34,41,30,385.0,30.0,0.0,356.0,0.0,1,0
13377,2010-11-08 12:20:00,2010-03-04 10:06:00,2,1552.88,748,71,234,249,776.44,249.0,4.0,748.0,0.0053475935828877,0,1
13380,2010-10-03 10:18:00,2010-10-03 10:18:00,1,62.4,48,3,270,1,62.4,1.0,0.0,48.0,0.0,0,1
13381,2011-05-16 16:22:00,2009-12-01 15:19:00,8,5656.41,3693,125,45,531,707.05125,75.85714285714286,15.0,3693.0,0.004061738424045491,3,0
13382,2011-03-04 10:03:00,2009-12-08 09:56:00,5,1387.58,863,74,118,451,277.51599999999996,112.75,0.0,863.0,0.0,0,1
13383,2010-06-14 11:45:00,2010-06-14 11:45:00,1,305.28000000000003,288,1,381,1,305.28000000000003,1.0,0.0,288.0,0.0,0,1
13384,2011-06-14 12:47:00,2010-07-27 12:22:00,5,3701.5,2386,134,16,322,740.3,80.5,7.0,2386.0,0.002933780385582565,4,0
13385,2011-01-14 09:52:00,2011-01-14 09:52:00,1,534.57,281,35,167,1,534.57,1.0,0.0,281.0,0.0,0,1
13386,2010-10-21 12:52:00,2010-09-28 13:09:00,2,835.46,514,24,252,22,417.73,22.0,0.0,514.0,0.0,0,1
13387,2010-10-18 14:07:00,2010-10-18 14:07:00,1,186.94,123,71,255,1,186.94,1.0,0.0,123.0,0.0,0,1
13388,2010-04-15 10:18:00,2010-04-15 10:18:00,1,508.55,419,34,441,1,508.55,1.0,0.0,419.0,0.0,2,0
13389,2011-04-21 12:12:00,2011-04-21 12:12:00,1,257.89,115,18,70,1,257.89,1.0,0.0,115.0,0.0,1,0
13391,2011-05-20 10:50:00,2011-05-20 10:50:00,1,59.8,4,1,41,1,59.8,1.0,0.0,4.0,0.0,0,1
13392,2010-01-31 13:34:00,2010-01-31 13:34:00,1,91.14,82,8,515,1,91.14,1.0,0.0,82.0,0.0,0,1
13393,2010-05-05 09:34:00,2009-12-07 18:12:00,4,1131.45,662,53,421,148,282.8625,49.333333333333336,4.0,662.0,0.006042296072507553,0,1
13394,2011-05-09 12:29:00,2009-12-01 11:58:00,14,5037.01,3681,199,52,524,359.7864285714286,40.30769230769231,20.0,3681.0,0.0054333061668024995,3,0
13395,2011-06-07 15:04:00,2010-10-14 13:00:00,3,1180.23,1660,77,23,236,393.41,118.0,0.0,1660.0,0.0,0,1
13396,2011-01-24 13:37:00,2011-01-24 13:37:00,1,387.27000000000004,139,15,157,1,387.27000000000004,1.0,3.0,139.0,0.02158273381294964,0,1
13397,2011-06-09 15:35:00,2010-01-20 09:50:00,8,2628.21,1206,61,21,505,328.52625,72.14285714285714,9.0,1206.0,0.007462686567164179,2,0
13398,2011-05-31 13:17:00,2010-09-17 09:34:00,2,670.34,341,37,30,256,335.17,256.0,0.0,341.0,0.0,0,1
13399,2010-09-01 13:59:00,2010-07-08 17:47:00,3,275.4,120,10,302,54,91.8,27.0,0.0,120.0,0.0,0,1
13400,2010-05-06 09:00:00,2010-05-06 09:00:00,1,310.83,284,23,420,1,310.83,1.0,2.0,284.0,0.007042253521126761,0,1
13402,2010-12-02 17:12:00,2010-05-24 10:56:00,3,913.9,628,43,210,192,304.6333333333333,96.0,0.0,628.0,0.0,1,0
13403,2010-11-17 11:38:00,2009-12-16 13:23:00,2,154.5,70,6,225,335,77.25,335.0,0.0,70.0,0.0,0,1
13404,2011-05-11 11:57:00,2011-05-11 11:57:00,1,217.81,99,9,50,1,217.81,1.0,0.0,99.0,0.0,0,1
13405,2011-05-19 16:31:00,2009-12-15 14:13:00,5,1198.81,853,32,42,520,239.762,130.0,7.0,853.0,0.008206330597889801,1,0
13406,2010-10-08 14:44:00,2010-03-18 07:29:00,2,568.92,292,7,265,204,284.46,204.0,6.0,292.0,0.02054794520547945,0,1
13407,2010-05-10 12:41:00,2010-02-16 11:13:00,3,2244.7,1690,85,416,83,748.2333333333332,41.5,67.0,1690.0,0.03964497041420118,0,1
13408,2011-06-26 11:00:00,2009-12-04 09:31:00,75,34968.572,20133,247,4,569,466.2476266666667,7.6891891891891895,74.0,20133.0,0.003675557542343416,15,0
13410,2011-06-05 15:52:00,2009-12-08 13:43:00,7,1743.94,1026,21,25,544,249.1342857142857,90.66666666666667,9.0,1026.0,0.008771929824561403,1,0
13412,2010-03-29 16:28:00,2010-03-29 16:28:00,1,487.34999999999997,176,33,458,1,487.34999999999997,1.0,0.0,176.0,0.0,0,1
13413,2010-03-10 12:17:00,2010-01-21 17:43:00,6,429.44,455,38,477,47,71.57333333333334,9.4,73.0,455.0,0.16043956043956045,0,1
13414,2011-02-16 12:13:00,2010-04-15 17:00:00,4,1493.64,1728,27,134,306,373.41,102.0,2.0,1728.0,0.0011574074074074073,2,0
13415,2010-08-24 11:38:00,2009-12-11 14:20:00,4,784.17,496,85,310,255,196.0425,85.0,92.0,496.0,0.18548387096774194,0,1
13416,2009-12-03 13:02:00,2009-12-03 13:02:00,1,228.3,66,7,574,1,228.3,1.0,0.0,66.0,0.0,1,0
13417,2011-05-18 16:26:00,2010-02-08 12:39:00,5,1264.66,442,42,43,464,252.93200000000002,116.0,24.0,442.0,0.05429864253393665,0,1
13418,2011-06-28 16:03:00,2009-12-11 12:51:00,24,9210.55,5404,260,2,564,383.7729166666666,24.52173913043478,42.0,5404.0,0.007772020725388601,5,0
13420,2011-06-22 11:35:00,2011-06-22 11:35:00,1,55.8,74,4,8,1,55.8,1.0,0.0,74.0,0.0,1,0
13421,2011-02-22 15:46:00,2010-02-14 14:45:00,7,3050.08,1718,157,128,373,435.7257142857143,62.166666666666664,3.0,1718.0,0.0017462165308498253,0,1
13423,2010-10-07 09:02:00,2010-10-07 09:02:00,1,217.03,141,12,266,1,217.03,1.0,0.0,141.0,0.0,0,1
13424,2010-09-16 10:49:00,2010-09-16 10:49:00,1,572.77,529,40,287,1,572.77,1.0,3.0,529.0,0.005671077504725898,0,1
13425,2011-06-24 13:28:00,2010-05-09 14:35:00,4,2940.87,2037,111,6,410,735.2175,136.66666666666666,6.0,2037.0,0.0029455081001472753,1,0
13426,2011-06-10 09:23:00,2009-12-09 15:16:00,17,6084.74,3822,127,20,547,357.9258823529412,34.1875,0.0,3822.0,0.0,1,0
13427,2011-05-08 15:58:00,2009-12-17 13:44:00,4,638.4300000000001,465,23,53,507,159.60750000000002,169.0,0.0,465.0,0.0,1,0
13428,2010-07-13 13:33:00,2010-07-13 13:20:00,2,276.76,205,66,352,1,138.38,1.0,0.0,205.0,0.0,0,1
13431,2010-10-29 14:09:00,2010-02-18 11:53:00,6,2047.14,898,74,244,253,341.19,50.6,4.0,898.0,0.004454342984409799,1,0
13432,2010-05-17 13:18:00,2010-04-06 14:42:00,2,439.1,217,98,409,40,219.55,40.0,0.0,217.0,0.0,0,1
13433,2010-07-26 16:55:00,2010-01-12 08:59:00,4,658.3199999999999,190,22,339,195,164.57999999999998,65.0,1.0,190.0,0.005263157894736842,0,1
13434,2010-11-19 15:09:00,2010-02-22 09:54:00,3,1132.6200000000001,564,14,223,270,377.54,135.0,0.0,564.0,0.0,2,0
13435,2011-06-03 17:07:00,2010-07-27 16:56:00,3,1081.16,1035,56,27,311,360.3866666666667,155.5,0.0,1035.0,0.0,3,0
13437,2011-06-23 12:13:00,2011-06-02 14:30:00,2,1661.73,509,88,7,20,830.865,20.0,0.0,509.0,0.0,2,0
13438,2010-06-10 18:46:00,2010-06-10 18:46:00,1,46.5,10,1,385,1,46.5,1.0,0.0,10.0,0.0,0,1
13439,2011-03-29 14:20:00,2010-07-01 14:36:00,3,986.61,952,132,93,270,328.87,135.0,0.0,952.0,0.0,0,1
13440,2010-10-12 13:11:00,2010-09-14 10:34:00,7,1295.25,573,49,261,28,185.03571428571428,4.666666666666667,22.0,573.0,0.038394415357766144,0,1
13441,2010-10-04 10:38:00,2010-10-04 10:38:00,1,424.26,316,25,269,1,424.26,1.0,0.0,316.0,0.0,1,0
13442,2010-02-10 14:03:00,2009-12-01 14:59:00,3,419.87,115,33,505,70,139.95666666666668,35.0,0.0,115.0,0.0,0,1
13443,2010-09-17 12:31:00,2010-01-31 13:30:00,6,1273.16,805,176,286,228,212.19333333333336,45.6,11.0,805.0,0.013664596273291925,0,1
13444,2010-11-30 13:02:00,2010-07-21 14:34:00,2,619.08,331,51,212,131,309.54,131.0,0.0,331.0,0.0,0,1
13445,2010-03-23 15:34:00,2010-03-23 15:34:00,1,241.89999999999998,198,7,464,1,241.89999999999998,1.0,0.0,198.0,0.0,0,1
13446,2010-10-05 18:51:00,2010-02-14 11:52:00,11,3881.89,2403,113,268,233,352.8990909090909,23.3,66.0,2403.0,0.02746566791510612,0,1
13448,2011-05-05 11:53:00,2009-12-06 12:14:00,11,6634.5,3267,271,56,514,603.1363636363636,51.4,19.0,3267.0,0.0058157330884603614,1,0
13450,2011-05-19 12:36:00,2010-04-15 19:15:00,9,2754.86,2914,47,42,398,306.09555555555556,49.75,2.0,2914.0,0.0006863417982155113,3,0
13451,2011-05-12 18:49:00,2010-03-21 16:13:00,9,5781.28,4196,490,49,417,642.3644444444444,52.125,9.0,4196.0,0.0021448999046711154,1,0
13452,2011-03-25 14:19:00,2010-08-24 09:53:00,3,729.8,6,2,97,213,243.26666666666665,106.5,0.0,6.0,0.0,0,1
13453,2011-06-27 09:34:00,2010-11-02 13:23:00,3,781.6899999999999,341,33,3,236,260.56333333333333,118.0,2.0,341.0,0.005865102639296188,0,1
13454,2010-03-08 14:40:00,2010-03-08 14:40:00,1,219.87,198,23,479,1,219.87,1.0,0.0,198.0,0.0,0,1
13455,2010-12-08 13:11:00,2009-12-09 08:58:00,5,1847.59,631,70,204,364,369.518,91.0,28.0,631.0,0.044374009508716325,0,1
13456,2011-06-17 08:52:00,2011-05-16 15:34:00,2,425.06,160,17,13,31,212.53,31.0,9.0,160.0,0.05625,1,0
13457,2010-01-20 08:48:00,2009-12-02 12:46:00,2,148.22,96,9,526,48,74.11,48.0,3.0,96.0,0.03125,0,1
13458,2011-06-23 12:41:00,2010-11-16 14:01:00,10,8873.56,5099,235,7,218,887.356,24.22222222222222,39.0,5099.0,0.00764855854089037,2,0
13459,2010-03-25 10:24:00,2010-01-26 13:35:00,2,1160.4099999999999,986,57,462,57,580.2049999999999,57.0,0.0,986.0,0.0,0,1
13461,2011-06-29 10:23:00,2010-04-21 16:01:00,4,3291.4,2386,29,1,433,822.85,144.33333333333334,4.0,2386.0,0.0016764459346186086,1,0
13462,2011-04-01 11:20:00,2009-12-14 09:48:00,5,1153.85,697,64,90,473,230.76999999999998,118.25,1.0,697.0,0.0014347202295552368,0,1
13464,2010-11-10 12:24:00,2010-03-31 15:22:00,5,2422.96,1037,95,232,223,484.592,55.75,11.0,1037.0,0.010607521697203472,0,1
13465,2010-09-19 15:13:00,2010-05-02 15:30:00,2,931.12,584,34,284,139,465.56,139.0,0.0,584.0,0.0,0,1
13466,2011-06-08 16:39:00,2010-03-21 13:50:00,5,1013.35,660,49,22,444,202.67000000000002,111.0,11.0,660.0,0.016666666666666666,0,1
13468,2011-06-13 07:58:00,2009-12-03 13:32:00,57,10782.15,4544,257,17,556,189.16052631578947,9.928571428571429,54.0,4544.0,0.011883802816901408,8,0
13469,2010-02-24 15:03:00,2010-02-24 15:03:00,1,82.4,52,6,491,1,82.4,1.0,0.0,52.0,0.0,0,1
13472,2010-09-02 09:41:00,2010-06-02 09:48:00,2,592.24,310,24,301,91,296.12,91.0,0.0,310.0,0.0,0,1
13473,2011-01-11 08:45:00,2009-12-15 19:02:00,7,2476.38,932,56,170,391,353.7685714285714,65.16666666666667,44.0,932.0,0.04721030042918455,0,1
13474,2011-04-17 13:53:00,2010-08-01 14:40:00,3,646.59,318,116,74,258,215.53,129.0,0.0,318.0,0.0,0,1
13475,2011-06-01 13:52:00,2011-02-14 12:36:00,4,1431.78,1012,64,29,107,357.945,35.666666666666664,0.0,1012.0,0.0,0,1
13476,2011-06-14 12:00:00,2010-03-05 09:39:00,5,2061.4700000000003,713,86,16,466,412.29400000000004,116.5,3.0,713.0,0.004207573632538569,0,1
13477,2011-06-22 12:44:00,2010-01-25 11:52:00,8,2130.38,1576,88,8,513,266.2975,73.28571428571429,3.0,1576.0,0.0019035532994923859,1,0
13478,2010-08-27 13:23:00,2010-01-31 15:51:00,5,2215.78,1189,114,307,207,443.15600000000006,51.75,21.0,1189.0,0.017661900756938603,0,1
13479,2011-05-23 10:45:00,2010-08-19 16:18:00,4,851.37,716,45,38,276,212.8425,92.0,8.0,716.0,0.0111731843575419,0,1
13480,2010-10-19 11:53:00,2010-01-29 12:35:00,2,627.82,362,40,254,262,313.91,262.0,0.0,362.0,0.0,0,1
13481,2011-05-31 15:26:00,2009-12-04 12:37:00,8,3005.27,1549,128,30,543,375.65875,77.57142857142857,3.0,1549.0,0.001936733376371853,2,0
13482,2011-04-21 17:03:00,2010-03-22 10:31:00,2,336.09,187,20,70,395,168.045,395.0,0.0,187.0,0.0,0,1
13484,2011-04-12 16:30:00,2010-03-10 11:46:00,3,790.72,224,38,79,398,263.5733333333333,199.0,12.0,224.0,0.05357142857142857,0,1
13485,2011-04-20 13:58:00,2009-12-03 13:46:00,11,3019.2200000000003,1798,131,71,503,274.4745454545455,50.3,10.0,1798.0,0.0055617352614015575,0,1
13487,2011-05-10 16:19:00,2009-12-05 10:25:00,4,680.27,310,26,51,521,170.0675,173.66666666666666,0.0,310.0,0.0,0,1
13488,2011-05-27 10:41:00,2010-01-25 10:13:00,16,10768.08,5389,306,34,487,673.005,32.46666666666667,16.0,5389.0,0.0029690109482278714,5,0
13489,2011-02-23 13:43:00,2011-02-18 10:42:00,2,235.68,352,6,127,5,117.84,5.0,0.0,352.0,0.0,2,0
13490,2010-02-23 14:48:00,2010-02-23 14:48:00,1,154.25,25,8,492,1,154.25,1.0,0.0,25.0,0.0,0,1
13491,2011-04-06 12:56:00,2009-12-07 08:24:00,25,4283.47,2204,133,85,485,171.33880000000002,20.208333333333332,0.0,2204.0,0.0,1,0
13492,2011-05-09 10:06:00,2011-05-09 10:06:00,1,315.3,114,15,52,1,315.3,1.0,0.0,114.0,0.0,2,0
13493,2011-03-09 15:35:00,2011-02-25 16:42:00,2,618.63,380,6,113,11,309.315,11.0,0.0,380.0,0.0,0,1
13494,2011-02-01 11:58:00,2011-02-01 11:58:00,1,316.26000000000005,162,18,149,1,316.26000000000005,1.0,0.0,162.0,0.0,0,1
13495,2011-04-21 15:15:00,2009-12-07 12:12:00,8,3890.87,2121,50,70,500,486.35875,71.42857142857143,22.0,2121.0,0.010372465818010372,0,1
13496,2010-12-15 10:17:00,2010-12-15 10:17:00,1,501.01,229,26,197,1,501.01,1.0,12.0,229.0,0.05240174672489083,0,1
13497,2011-03-02 09:04:00,2010-02-08 10:27:00,6,1166.83,525,52,120,386,194.47166666666666,77.2,4.0,525.0,0.007619047619047619,0,1
13498,2009-12-09 15:26:00,2009-12-09 15:26:00,1,327.38,362,17,568,1,327.38,1.0,0.0,362.0,0.0,0,1
13499,2011-04-28 14:59:00,2011-03-15 08:52:00,2,463.79,265,18,63,44,231.895,44.0,6.0,265.0,0.022641509433962263,1,0
13500,2010-11-03 13:16:00,2010-11-03 13:16:00,1,299.53,229,20,239,1,299.53,1.0,0.0,229.0,0.0,1,0
13501,2011-02-24 18:59:00,2010-05-18 13:24:00,3,2885.11,1253,90,126,282,961.7033333333334,141.0,15.0,1253.0,0.011971268954509178,0,1
13502,2011-03-10 08:40:00,2010-06-09 10:52:00,4,677.66,336,20,112,273,169.415,91.0,2.0,336.0,0.005952380952380952,0,1
13503,2010-08-17 13:17:00,2010-02-16 13:49:00,5,1642.39,857,148,317,181,328.478,45.25,23.0,857.0,0.026837806301050177,1,0
13505,2011-06-26 12:36:00,2011-04-21 12:07:00,3,2583.12,1261,110,4,66,861.04,33.0,9.0,1261.0,0.007137192704203013,1,0
13506,2011-01-27 13:53:00,2010-09-05 12:33:00,5,1338.08,942,55,154,144,267.616,36.0,6.0,942.0,0.006369426751592357,0,1
13508,2011-04-10 11:58:00,2010-03-07 11:58:00,2,287.05,180,27,81,399,143.525,399.0,0.0,180.0,0.0,0,1
13509,2011-03-30 13:01:00,2010-07-20 12:10:00,4,785.02,874,23,92,253,196.255,84.33333333333333,0.0,874.0,0.0,2,0
13510,2011-06-09 09:32:00,2009-12-21 11:53:00,8,3352.05,2079,141,21,534,419.00625,76.28571428571429,18.0,2079.0,0.008658008658008658,1,0
13511,2010-02-01 12:10:00,2010-02-01 12:10:00,1,282.76,60,5,514,1,282.76,1.0,7.0,60.0,0.11666666666666667,0,1
13512,2011-03-24 10:03:00,2010-05-05 13:22:00,4,713.39,419,31,98,322,178.3475,107.33333333333333,0.0,419.0,0.0,0,1
13513,2010-09-24 16:25:00,2010-02-22 16:36:00,2,619.49,255,24,279,213,309.745,213.0,12.0,255.0,0.047058823529411764,1,0
13514,2010-10-07 12:10:00,2010-01-26 15:11:00,3,663.7,248,13,266,253,221.23333333333335,126.5,0.0,248.0,0.0,1,0
13515,2011-04-06 10:33:00,2010-03-05 11:58:00,3,578.1,318,28,85,396,192.70000000000002,198.0,0.0,318.0,0.0,3,0
13516,2011-04-15 11:06:00,2010-10-18 08:52:00,2,441.85,185,22,76,179,220.925,179.0,0.0,185.0,0.0,1,0
13517,2011-06-13 08:44:00,2011-06-13 08:44:00,1,1101.86,715,76,17,1,1101.86,1.0,1.0,715.0,0.0013986013986013986,1,0
13519,2010-09-23 11:45:00,2010-09-23 11:45:00,1,220.46,110,11,280,1,220.46,1.0,0.0,110.0,0.0,1,0
13520,2011-06-08 10:15:00,2009-12-17 11:11:00,9,5073.63,2431,70,22,537,563.7366666666667,67.125,57.0,2431.0,0.023447141094199916,1,0
13523,2011-05-24 08:51:00,2010-11-02 14:55:00,4,2938.93,1065,117,37,202,734.7325,67.33333333333333,7.0,1065.0,0.006572769953051643,0,1
13524,2011-06-19 15:56:00,2011-05-04 12:26:00,2,247.70000000000002,130,10,11,46,123.85000000000001,46.0,0.0,130.0,0.0,2,0
13525,2011-04-05 15:36:00,2011-04-05 15:36:00,1,282.88,208,2,86,1,282.88,1.0,0.0,208.0,0.0,0,1
13526,2009-12-01 13:13:00,2009-12-01 12:56:00,2,1182.0,1911,29,576,1,591.0,1.0,264.0,1911.0,0.13814756671899528,0,1
13527,2011-05-22 12:16:00,2010-01-21 12:37:00,7,2884.57,1283,174,39,485,412.0814285714286,80.83333333333333,1.0,1283.0,0.000779423226812159,4,0
13529,2011-05-19 11:50:00,2011-05-19 11:50:00,1,181.1,30,7,42,1,181.1,1.0,0.0,30.0,0.0,1,0
13530,2010-03-15 14:10:00,2010-03-15 14:10:00,1,402.97999999999996,272,18,472,1,402.97999999999996,1.0,0.0,272.0,0.0,0,1
13531,2011-05-18 16:56:00,2009-12-03 15:20:00,6,1433.07,497,44,43,531,238.845,106.2,0.0,497.0,0.0,0,1
13533,2011-06-10 11:54:00,2011-03-17 12:47:00,3,269.09,202,61,20,84,89.69666666666666,42.0,0.0,202.0,0.0,0,1
13534,2011-06-06 09:03:00,2010-07-07 15:00:00,27,4803.9,2427,132,24,333,177.92222222222222,12.807692307692308,119.0,2427.0,0.04903172641120725,4,0
13535,2010-11-02 11:49:00,2010-11-02 11:49:00,1,89.49999999999997,10,1,240,1,89.49999999999997,1.0,0.0,10.0,0.0,0,1
13537,2010-10-10 12:45:00,2010-09-14 10:41:00,2,717.85,337,38,263,26,358.925,26.0,0.0,337.0,0.0,0,1
13538,2011-06-09 14:26:00,2010-02-02 12:47:00,8,2441.78,874,102,21,492,305.2225,70.28571428571429,0.0,874.0,0.0,3,0
13539,2011-04-13 13:45:00,2010-04-28 12:04:00,6,1253.67,621,58,78,350,208.94500000000002,70.0,12.0,621.0,0.01932367149758454,1,0
13540,2010-08-29 14:20:00,2010-02-22 09:22:00,3,632.39,189,26,305,188,210.79666666666665,94.0,0.0,189.0,0.0,0,1
13541,2010-10-08 16:37:00,2010-05-18 16:15:00,2,785.25,279,10,265,143,392.625,143.0,13.0,279.0,0.04659498207885305,0,1
13542,2010-11-28 11:24:00,2009-12-10 19:53:00,17,3959.4900000000002,804,98,214,352,232.91117647058826,22.0,3.0,804.0,0.0037313432835820895,0,1
13543,2010-03-15 13:34:00,2010-01-21 14:30:00,2,1439.6100000000001,329,37,472,52,719.8050000000001,52.0,0.0,329.0,0.0,0,1
13544,2011-04-13 12:09:00,2010-03-05 11:31:00,5,627.15,282,186,78,404,125.42999999999999,101.0,1.0,282.0,0.0035460992907801418,0,1
13545,2010-11-14 11:27:00,2010-06-13 11:49:00,2,364.93,252,54,228,153,182.465,153.0,7.0,252.0,0.027777777777777776,0,1
13546,2011-05-23 12:14:00,2010-10-11 17:23:00,3,647.41,337,58,38,223,215.8033333333333,111.5,0.0,337.0,0.0,0,1
13547,2010-10-27 14:14:00,2010-10-27 14:14:00,1,167.08,79,44,246,1,167.08,1.0,0.0,79.0,0.0,0,1
13548,2011-04-10 11:35:00,2010-08-25 13:44:00,2,504.29,286,117,81,227,252.145,227.0,0.0,286.0,0.0,1,0
13549,2011-05-31 09:37:00,2010-11-17 12:17:00,4,600.15,403,34,30,194,150.0375,64.66666666666667,1.0,403.0,0.0024813895781637717,2,0
13550,2010-11-21 15:24:00,2010-11-21 15:24:00,1,342.55,430,40,221,1,342.55,1.0,0.0,430.0,0.0,0,1
13551,2011-01-24 14:46:00,2010-02-11 15:01:00,2,244.2,36,5,157,346,122.1,346.0,0.0,36.0,0.0,0,1
13552,2011-06-13 12:52:00,2010-02-19 13:28:00,17,5487.94,1997,135,17,478,322.82,29.875,65.0,1997.0,0.03254882323485228,4,0
13553,2010-02-03 12:21:00,2010-02-03 12:21:00,1,499.6,201,85,512,1,499.6,1.0,0.0,201.0,0.0,0,1
13554,2010-11-24 15:05:00,2010-09-19 12:39:00,7,1629.35,578,156,218,66,232.7642857142857,11.0,15.0,579.0,0.025906735751295335,0,1
13555,2011-05-22 11:24:00,2010-01-19 13:20:00,11,6383.01,2994,204,39,487,580.2736363636363,48.7,19.0,2994.0,0.006346025384101536,2,0
13556,2010-10-06 16:44:00,2010-09-30 09:01:00,2,200.82,134,8,267,6,100.41,6.0,0.0,134.0,0.0,0,1
13557,2011-03-04 12:14:00,2009-12-08 17:41:00,12,2688.88,2076,116,118,450,224.07333333333335,40.90909090909091,38.0,2076.0,0.018304431599229287,0,1
13559,2010-07-15 09:52:00,2010-06-14 11:52:00,2,990.0,360,1,350,30,495.0,30.0,0.0,360.0,0.0,0,1
13561,2011-05-08 12:39:00,2010-02-28 13:42:00,11,1803.3999999999999,1125,131,53,433,163.94545454545454,43.3,0.0,1125.0,0.0,0,1
13562,2011-04-08 12:42:00,2010-01-14 16:33:00,6,3642.12,1079,72,83,448,607.02,89.6,0.0,1079.0,0.0,2,0
13564,2010-12-20 16:50:00,2009-12-02 11:55:00,36,15948.33,8877,484,192,383,443.00916666666666,10.942857142857143,102.0,8877.0,0.011490368367691788,1,0
13565,2011-01-09 14:28:00,2010-10-24 15:51:00,2,284.76,166,28,172,76,142.38,76.0,0.0,166.0,0.0,0,1
13566,2010-10-01 12:27:00,2010-03-10 12:22:00,3,831.76,690,159,272,205,277.25333333333333,102.5,0.0,690.0,0.0,1,0
13567,2010-10-07 12:51:00,2010-06-16 12:48:00,4,1079.29,643,180,266,113,269.8225,37.666666666666664,2.0,643.0,0.003110419906687403,0,1
13568,2011-06-19 14:42:00,2011-06-19 14:42:00,1,187.05,66,41,11,1,187.05,1.0,0.0,66.0,0.0,0,1
13569,2010-12-07 12:29:00,2010-10-07 13:05:00,3,497.74,232,103,205,60,165.91333333333333,30.0,0.0,232.0,0.0,0,1
13570,2011-04-10 13:36:00,2011-04-10 13:36:00,1,239.49,161,27,81,1,239.49,1.0,0.0,161.0,0.0,0,1
13571,2011-06-08 12:03:00,2009-12-08 13:02:00,18,2955.63,1791,183,22,546,164.20166666666668,32.11764705882353,0.0,1791.0,0.0,3,0
13572,2011-05-18 11:59:00,2011-05-18 11:59:00,1,1384.25,534,32,43,1,1384.25,1.0,0.0,534.0,0.0,0,1
13573,2011-03-31 14:47:00,2010-03-12 16:06:00,5,646.04,355,54,91,383,129.208,95.75,0.0,355.0,0.0,0,1
13574,2010-10-24 13:28:00,2010-10-24 13:28:00,1,404.45,304,84,249,1,404.45,1.0,0.0,304.0,0.0,0,1
13575,2011-06-16 14:24:00,2011-06-16 14:24:00,1,88.55,33,5,14,1,88.55,1.0,0.0,33.0,0.0,2,0
13576,2011-06-16 15:36:00,2009-12-08 15:12:00,19,7964.7,3194,111,14,555,419.19473684210527,30.833333333333332,12.0,3194.0,0.003757044458359424,5,0
13577,2011-04-12 10:33:00,2009-12-14 16:10:00,8,2158.43,1001,66,79,483,269.80375,69.0,29.0,1001.0,0.028971028971028972,2,0
13578,2010-10-26 13:44:00,2010-10-26 13:44:00,1,147.66,127,9,247,1,147.66,1.0,0.0,127.0,0.0,0,1
13579,2010-12-05 16:10:00,2010-02-18 13:53:00,4,1072.0,588,62,207,290,268.0,96.66666666666667,4.0,588.0,0.006802721088435374,0,1
13580,2010-10-29 15:01:00,2010-10-29 15:01:00,1,107.75,45,5,244,1,107.75,1.0,0.0,45.0,0.0,0,1
13581,2011-02-03 14:41:00,2010-10-21 16:30:00,2,280.53000000000003,119,32,147,104,140.26500000000001,104.0,0.0,119.0,0.0,0,1
13582,2010-11-15 11:34:00,2010-04-01 11:38:00,2,241.68,106,10,227,227,120.84,227.0,0.0,106.0,0.0,0,1
13583,2010-01-29 13:53:00,2010-01-29 13:53:00,1,664.001,372,43,517,1,664.001,1.0,0.0,372.0,0.0,1,0
13584,2011-02-06 12:49:00,2010-02-02 08:40:00,3,385.7,360,74,144,369,128.56666666666666,184.5,87.0,360.0,0.24166666666666667,0,1
13585,2010-06-27 12:33:00,2009-12-01 14:56:00,3,684.54,1386,29,368,207,228.17999999999998,103.5,48.0,1386.0,0.03463203463203463,0,1
13586,2010-06-16 13:47:00,2010-06-16 13:47:00,1,127.28,38,20,379,1,127.28,1.0,0.0,38.0,0.0,0,1
13587,2010-09-16 13:52:00,2010-02-14 13:17:00,3,961.1,484,20,287,214,320.3666666666667,107.0,0.0,484.0,0.0,0,1
13588,2011-03-29 15:53:00,2011-03-29 15:53:00,1,113.30000000000001,48,8,93,1,113.30000000000001,1.0,0.0,48.0,0.0,4,0
13589,2011-06-13 12:44:00,2009-12-06 10:26:00,5,888.09,207,36,17,554,177.618,138.5,0.0,207.0,0.0,0,1
13590,2011-05-24 09:56:00,2009-12-01 13:37:00,15,5266.15,4234,241,37,538,351.07666666666665,38.42857142857143,8.0,4234.0,0.001889466225791214,1,0
13591,2011-05-19 13:58:00,2009-12-14 15:44:00,6,1753.04,628,71,42,520,292.17333333333335,104.0,1.0,628.0,0.0015923566878980893,0,1
13592,2011-05-18 09:13:00,2011-03-20 14:01:00,3,205.51,71,12,43,58,68.50333333333333,29.0,0.0,71.0,0.0,0,1
13593,2011-06-30 12:23:00,2010-03-02 16:36:00,13,4847.46,1932,200,0,484,372.88153846153847,40.333333333333336,28.0,1932.0,0.014492753623188406,1,0
13594,2010-08-11 10:23:00,2010-08-11 10:23:00,1,136.35000000000002,37,7,323,1,136.35000000000002,1.0,2.0,37.0,0.05405405405405406,0,1
13595,2010-07-11 12:36:00,2010-03-03 14:42:00,3,784.48,341,114,354,129,261.49333333333334,64.5,0.0,341.0,0.0,0,1
13597,2010-11-04 14:54:00,2010-11-02 09:30:00,2,396.71,231,17,238,2,198.355,2.0,11.0,231.0,0.047619047619047616,0,1
13598,2010-08-01 13:21:00,2010-02-26 11:22:00,4,601.92,341,46,333,156,150.48,52.0,0.0,341.0,0.0,0,1
13599,2011-05-25 14:54:00,2009-12-01 12:30:00,19,6666.78,4173,139,36,540,350.8831578947368,30.0,185.0,4173.0,0.04433261442607237,3,0
13600,2011-01-31 15:27:00,2010-03-15 17:16:00,2,518.42,599,35,150,321,259.21,321.0,0.0,599.0,0.0,0,1
13601,2011-05-12 16:52:00,2010-06-11 15:03:00,3,839.87,684,114,49,335,279.95666666666665,167.5,0.0,684.0,0.0,0,1
13602,2010-11-23 12:14:00,2010-05-28 11:49:00,3,596.28,271,29,219,179,198.76,89.5,0.0,271.0,0.0,0,1
13604,2010-02-19 12:02:00,2010-02-19 12:02:00,1,717.62,242,21,496,1,717.62,1.0,3.0,242.0,0.012396694214876033,0,1
13605,2010-11-17 17:16:00,2010-05-17 15:46:00,2,522.67,425,50,225,184,261.335,184.0,0.0,425.0,0.0,0,1
13606,2011-04-10 12:52:00,2011-02-01 11:42:00,2,246.63,240,37,81,68,123.315,68.0,0.0,240.0,0.0,0,1
13607,2010-11-02 11:48:00,2010-11-02 11:48:00,1,400.3,178,24,240,1,400.3,1.0,6.0,178.0,0.033707865168539325,0,1
13608,2010-06-17 12:28:00,2010-06-17 12:28:00,1,232.05,110,31,378,1,232.05,1.0,0.0,110.0,0.0,0,1
13609,2010-04-25 13:26:00,2010-04-25 13:26:00,1,167.35,19,7,431,1,167.35,1.0,0.0,19.0,0.0,0,1
13610,2011-06-05 13:44:00,2010-01-05 14:12:00,10,1485.75,599,228,25,515,148.575,57.22222222222222,7.0,599.0,0.011686143572621035,2,0
13611,2011-06-22 12:25:00,2009-12-03 07:57:00,9,2780.25,1654,142,8,566,308.9166666666667,70.75,13.0,1654.0,0.007859733978234583,1,0
13612,2010-03-17 12:14:00,2010-03-17 12:14:00,1,818.29,444,50,470,1,818.29,1.0,6.0,444.0,0.013513513513513514,0,1
13613,2010-09-13 12:01:00,2010-02-17 12:40:00,5,1039.8500000000001,445,50,290,207,207.97000000000003,51.75,0.0,445.0,0.0,0,1
13614,2011-06-28 14:58:00,2010-06-06 13:42:00,4,1526.16,500,142,2,387,381.54,129.0,0.0,500.0,0.0,1,0
13615,2011-01-25 08:21:00,2010-01-28 15:43:00,8,6272.53,2910,259,156,361,784.06625,51.57142857142857,19.0,2910.0,0.006529209621993127,0,1
13616,2010-05-20 12:59:00,2010-01-17 14:56:00,2,283.85,172,31,406,122,141.925,122.0,0.0,172.0,0.0,0,1
13617,2011-06-12 12:55:00,2010-08-01 15:23:00,6,865.68,406,40,18,314,144.28,62.8,1.0,406.0,0.0024630541871921183,1,0
13618,2011-06-19 11:09:00,2011-06-19 11:09:00,1,177.34,246,13,11,1,177.34,1.0,0.0,246.0,0.0,0,1
13619,2010-06-13 11:39:00,2010-02-03 14:16:00,2,224.94,79,39,382,129,112.47,129.0,0.0,79.0,0.0,0,1
13620,2010-06-29 15:02:00,2010-06-29 15:02:00,1,112.34,74,5,366,1,112.34,1.0,0.0,74.0,0.0,0,1
13622,2010-01-12 13:22:00,2010-01-12 13:22:00,1,658.95,379,32,534,1,658.95,1.0,2.0,379.0,0.005277044854881266,0,1
13623,2011-05-13 16:12:00,2009-12-02 13:57:00,9,2344.49,873,198,48,527,260.49888888888887,65.875,8.0,873.0,0.009163802978235968,0,1
13624,2010-11-16 13:43:00,2010-11-16 13:43:00,1,462.08,820,22,226,1,462.08,1.0,6.0,820.0,0.007317073170731708,0,1
13625,2010-04-22 10:50:00,2010-04-22 10:50:00,1,301.26,144,21,434,1,301.26,1.0,0.0,144.0,0.0,0,1
13626,2011-04-01 10:05:00,2010-11-25 16:12:00,2,707.04,398,44,90,126,353.52,126.0,3.0,398.0,0.007537688442211055,0,1
13627,2011-06-16 13:50:00,2010-03-09 14:03:00,5,1634.43,1138,97,14,463,326.886,115.75,2.0,1138.0,0.0017574692442882249,1,0
13628,2010-02-01 14:44:00,2010-02-01 14:44:00,1,310.14,106,16,514,1,310.14,1.0,0.0,106.0,0.0,0,1
13629,2011-06-19 13:28:00,2010-02-11 17:34:00,13,9244.5,5400,7,11,492,711.1153846153846,41.0,0.0,5400.0,0.0,3,0
13630,2011-06-21 17:51:00,2011-02-27 12:49:00,4,1059.54,715,46,9,114,264.885,38.0,11.0,715.0,0.015384615384615385,2,0
13631,2011-06-28 15:30:00,2011-03-17 17:13:00,8,2290.7200000000003,354,5,2,102,286.34000000000003,14.571428571428571,0.0,354.0,0.0,3,0
13632,2011-06-19 12:23:00,2010-04-07 10:59:00,6,2339.14,912,124,11,438,389.8566666666666,87.6,3.0,912.0,0.003289473684210526,0,1
13634,2011-04-11 16:17:00,2010-01-10 14:26:00,13,4084.02,1639,186,80,456,314.1553846153846,38.0,156.0,1639.0,0.09517998779743746,2,0
13635,2010-09-23 10:06:00,2009-12-01 09:46:00,3,1928.1299999999999,1207,89,280,296,642.7099999999999,148.0,15.0,1207.0,0.012427506213753107,0,1
13636,2011-04-01 12:09:00,2011-02-27 14:29:00,3,541.45,303,32,90,32,180.48333333333335,16.0,6.0,303.0,0.019801980198019802,1,0
13637,2011-06-05 13:24:00,2011-04-27 13:06:00,2,678.65,350,75,25,39,339.325,39.0,0.0,350.0,0.0,0,1
13639,2010-09-29 10:05:00,2010-09-29 10:05:00,1,312.93,197,19,274,1,312.93,1.0,0.0,197.0,0.0,1,0
13640,2010-04-07 15:33:00,2010-04-07 15:33:00,1,405.0,108,4,449,1,405.0,1.0,0.0,108.0,0.0,0,1
13641,2010-03-09 07:37:00,2009-12-05 13:17:00,5,1016.47,1098,41,478,93,203.294,23.25,18.0,1098.0,0.01639344262295082,0,1
13642,2011-05-08 12:34:00,2010-10-03 12:23:00,4,472.2,231,93,53,217,118.05,72.33333333333333,1.0,231.0,0.004329004329004329,0,1
13643,2011-06-07 11:40:00,2009-12-08 12:48:00,8,1725.23,689,59,23,545,215.65375,77.85714285714286,8.0,689.0,0.011611030478955007,1,0
13646,2010-11-05 12:13:00,2010-11-05 12:00:00,2,326.25,79,58,237,1,163.125,1.0,1.0,79.0,0.012658227848101266,0,1
13647,2011-06-17 13:17:00,2010-04-15 12:55:00,6,2197.42,1349,78,13,428,366.2366666666667,85.6,0.0,1349.0,0.0,1,0
13648,2010-11-04 14:46:00,2009-12-01 18:13:00,8,1764.02,960,95,238,337,220.5025,48.142857142857146,32.0,960.0,0.03333333333333333,0,1
13649,2011-03-28 11:51:00,2010-06-30 16:35:00,6,1453.68,782,97,94,270,242.28,54.0,0.0,782.0,0.0,0,1
13650,2011-05-16 14:19:00,2010-01-26 08:44:00,6,2197.18,1108,84,45,475,366.19666666666666,95.0,72.0,1108.0,0.06498194945848375,1,0
13651,2010-11-23 09:44:00,2010-11-23 09:44:00,1,132.64999999999998,29,8,219,1,132.64999999999998,1.0,2.0,29.0,0.06896551724137931,0,1
13652,2011-03-28 09:21:00,2010-02-25 17:37:00,4,1805.21,1170,102,94,395,451.3025,131.66666666666666,0.0,1170.0,0.0,0,1
13653,2010-08-09 08:19:00,2010-08-09 08:19:00,1,152.2,72,9,325,1,152.2,1.0,0.0,72.0,0.0,0,1
13654,2011-05-22 10:21:00,2009-12-02 11:43:00,8,4773.51,3389,192,39,535,596.68875,76.42857142857143,0.0,3389.0,0.0,1,0
13655,2011-04-12 09:53:00,2010-04-27 09:59:00,5,1731.19,735,73,79,349,346.238,87.25,13.0,735.0,0.017687074829931974,1,0
13656,2011-06-28 10:31:00,2010-04-23 12:50:00,4,1078.85,862,81,2,430,269.7125,143.33333333333334,3.0,862.0,0.0034802784222737818,0,1
13657,2011-05-22 12:35:00,2011-05-22 12:35:00,1,152.34,132,9,39,1,152.34,1.0,0.0,132.0,0.0,0,1
13658,2011-05-19 17:15:00,2010-02-05 13:17:00,5,4319.63,1452,119,42,468,863.926,117.0,25.0,1452.0,0.01721763085399449,2,0
13659,2011-05-18 12:37:00,2010-02-17 09:05:00,12,4884.68,2527,224,43,455,407.0566666666667,41.36363636363637,35.0,2527.0,0.013850415512465374,0,1
13660,2010-11-04 16:10:00,2010-11-04 16:10:00,1,306.64,136,39,238,1,306.64,1.0,2.0,136.0,0.014705882352941176,0,1
13661,2010-04-15 14:58:00,2010-04-15 14:58:00,1,325.24,118,17,441,1,325.24,1.0,0.0,118.0,0.0,0,1
13662,2011-05-11 13:23:00,2010-02-19 13:21:00,10,1868.79,989,109,50,446,186.879,49.55555555555556,27.0,989.0,0.027300303336703743,1,0
13663,2011-06-13 15:44:00,2010-03-03 10:11:00,5,2047.51,893,87,17,467,409.502,116.75,2.0,893.0,0.0022396416573348264,0,1
13665,2010-11-18 13:06:00,2010-07-23 13:29:00,3,1711.6599999999999,1652,97,224,117,570.5533333333333,58.5,0.0,1652.0,0.0,0,1
13666,2011-02-25 13:08:00,2009-12-04 10:48:00,4,107.3,50,15,125,448,26.825,149.33333333333334,0.0,50.0,0.0,0,1
13668,2011-06-26 14:28:00,2009-12-11 14:28:00,27,10859.15,4880,331,4,562,402.19074074074075,21.615384615384617,68.0,4880.0,0.013934426229508197,3,0
13669,2010-10-28 15:05:00,2010-10-28 15:05:00,1,195.0,156,5,245,1,195.0,1.0,0.0,156.0,0.0,1,0
13671,2010-11-10 10:50:00,2010-11-10 10:50:00,1,172.6,95,61,232,1,172.6,1.0,0.0,95.0,0.0,0,1
13672,2011-02-11 13:53:00,2009-12-09 11:40:00,3,419.92,138,13,139,429,139.97333333333333,214.5,58.0,138.0,0.42028985507246375,0,1
13674,2010-10-03 10:41:00,2010-10-03 10:41:00,1,240.68,102,14,270,1,240.68,1.0,4.0,102.0,0.0392156862745098,0,1
13675,2011-02-28 12:14:00,2011-02-28 12:14:00,1,308.44,204,15,122,1,308.44,1.0,0.0,204.0,0.0,1,0
13676,2010-06-18 17:30:00,2010-03-30 16:53:00,2,243.9,104,13,377,80,121.95,80.0,45.0,104.0,0.4326923076923077,0,1
13677,2010-10-31 11:32:00,2010-07-07 17:25:00,2,551.24,217,98,242,115,275.62,115.0,0.0,217.0,0.0,0,1
13679,2010-08-03 12:13:00,2009-12-04 16:52:00,3,281.26,102,44,331,241,93.75333333333333,120.5,0.0,102.0,0.0,0,1
13680,2011-01-06 12:11:00,2009-12-04 14:14:00,10,10092.14,4505,280,175,397,1009.2139999999999,44.111111111111114,669.0,4505.0,0.14850166481687013,0,1
13682,2011-06-05 14:06:00,2011-06-05 14:06:00,1,59.5,10,3,25,1,59.5,1.0,0.0,10.0,0.0,0,1
13683,2010-09-08 10:00:00,2010-09-08 10:00:00,1,258.6,180,10,295,1,258.6,1.0,0.0,180.0,0.0,0,1
13684,2011-02-27 10:13:00,2010-03-28 14:48:00,4,594.88,234,81,123,335,148.72,111.66666666666667,12.0,234.0,0.05128205128205128,0,1
13686,2011-06-10 09:10:00,2010-11-03 13:44:00,3,409.04,378,27,20,218,136.34666666666666,109.0,0.0,378.0,0.0,0,1
13687,2010-09-27 16:30:00,2010-09-27 16:30:00,1,11880.84,87167,45,276,1,11880.84,1.0,0.0,87167.0,0.0,0,1
13688,2010-03-14 14:11:00,2010-03-14 14:11:00,1,375.5,130,5,473,1,375.5,1.0,0.0,130.0,0.0,0,1
13689,2010-09-21 10:27:00,2010-09-21 10:27:00,1,349.5,210,3,282,1,349.5,1.0,0.0,210.0,0.0,0,1
13691,2010-11-08 17:34:00,2010-11-08 17:34:00,1,212.78,145,54,234,1,212.78,1.0,0.0,145.0,0.0,0,1
13692,2011-05-10 10:11:00,2010-10-15 13:28:00,4,2497.66,1610,69,51,206,624.415,68.66666666666667,12.0,1610.0,0.007453416149068323,0,1
13693,2010-11-30 18:21:00,2009-12-07 11:29:00,9,2011.82,880,78,212,358,223.53555555555556,44.75,9.0,880.0,0.010227272727272727,0,1
13694,2011-06-30 12:42:00,2009-12-04 15:26:00,122,164860.89,163403,800,0,572,1351.3187704918034,4.7272727272727275,3494.0,163403.0,0.021382716351596973,13,0
13695,2011-06-22 15:00:00,2010-05-11 11:07:00,7,1016.14,642,22,8,407,145.16285714285715,67.83333333333333,0.0,642.0,0.0,7,0
13696,2010-10-14 09:44:00,2010-02-11 14:17:00,3,2020.4,552,24,259,244,673.4666666666667,122.0,6.0,552.0,0.010869565217391304,0,1
13698,2010-04-22 11:52:00,2010-01-27 09:02:00,2,451.73,227,31,434,85,225.865,85.0,0.0,227.0,0.0,0,1
13699,2010-06-07 13:03:00,2010-06-07 13:03:00,1,455.57,153,23,388,1,455.57,1.0,5.0,153.0,0.032679738562091505,1,0
13700,2011-06-16 11:24:00,2010-02-07 10:53:00,9,1577.65,2041,114,14,494,175.29444444444445,61.75,11.0,2041.0,0.005389514943655071,2,0
13701,2010-09-19 12:39:00,2010-09-19 12:39:00,1,161.0,80,9,284,1,161.0,1.0,1.0,80.0,0.0125,0,1
13702,2010-09-20 11:40:00,2010-09-20 11:40:00,1,135.18,74,5,283,1,135.18,1.0,0.0,74.0,0.0,0,1
13703,2011-01-25 13:10:00,2010-10-20 13:11:00,2,425.56,128,36,156,96,212.78,96.0,118.0,128.0,0.921875,0,1
13705,2010-12-01 10:29:00,2010-03-25 17:19:00,5,1323.47,646,43,211,250,264.694,62.5,0.0,646.0,0.0,1,0
13706,2011-02-10 09:21:00,2010-03-23 09:18:00,2,631.17,301,38,140,324,315.585,324.0,0.0,301.0,0.0,0,1
13707,2011-03-17 18:03:00,2010-06-21 11:57:00,5,3365.86,2210,142,105,269,673.172,67.25,0.0,2210.0,0.0,0,1
13708,2011-03-13 13:46:00,2011-03-13 13:46:00,1,285.33,301,49,109,1,285.33,1.0,0.0,301.0,0.0,0,1
13709,2011-06-24 09:24:00,2010-01-11 10:40:00,8,2782.38,1536,133,6,528,347.7975,75.42857142857143,0.0,1536.0,0.0,2,0
13710,2010-10-12 10:22:00,2010-04-06 12:54:00,2,329.04,160,7,261,188,164.52,188.0,0.0,160.0,0.0,0,1
13711,2011-05-05 10:31:00,2009-12-15 19:04:00,9,1792.26,819,80,56,505,199.14,63.125,23.0,819.0,0.028083028083028084,0,1
13712,2011-04-07 12:33:00,2010-04-08 11:16:00,2,766.42,1128,32,84,364,383.21,364.0,0.0,1128.0,0.0,0,1
13713,2010-10-27 16:18:00,2010-05-05 16:48:00,3,740.76,284,70,246,174,246.92,87.0,0.0,284.0,0.0,0,1
13714,2010-08-31 13:57:00,2010-08-31 13:57:00,1,161.35,50,30,303,1,161.35,1.0,0.0,50.0,0.0,0,1
13715,2011-03-03 19:21:00,2010-03-11 15:33:00,17,8153.04,4800,277,119,357,479.5905882352941,22.3125,15.0,4800.0,0.003125,0,1
13716,2011-03-15 13:49:00,2011-03-15 13:49:00,1,138.28,138,21,107,1,138.28,1.0,0.0,138.0,0.0,0,1
13717,2011-06-20 15:08:00,2010-08-11 09:40:00,5,1072.51,1413,71,10,313,214.502,78.25,3.0,1413.0,0.0021231422505307855,1,0
13718,2011-04-07 13:24:00,2011-02-17 11:58:00,2,306.55,173,9,84,49,153.275,49.0,0.0,173.0,0.0,0,1
13719,2011-05-18 12:52:00,2010-05-17 14:36:00,8,2080.14,1165,159,43,365,260.0175,52.142857142857146,0.0,1165.0,0.0,0,1
13720,2011-06-14 14:06:00,2011-03-30 09:17:00,3,552.55,400,29,16,76,184.1833333333333,38.0,0.0,400.0,0.0,1,0
13721,2010-11-09 17:59:00,2010-11-09 17:59:00,1,217.39999999999998,196,14,233,1,217.39999999999998,1.0,0.0,196.0,0.0,0,1
13722,2011-03-02 11:43:00,2010-03-03 14:13:00,8,4723.47,2616,112,120,363,590.43375,51.857142857142854,0.0,2616.0,0.0,2,0
13723,2011-05-06 17:04:00,2010-04-07 14:32:00,6,1194.08,593,51,55,394,199.01333333333332,78.8,0.0,593.0,0.0,0,1
13724,2010-03-12 15:28:00,2010-03-12 15:28:00,1,213.01,130,39,475,1,213.01,1.0,0.0,130.0,0.0,0,1
13725,2011-06-23 16:02:00,2011-02-04 12:18:00,7,1865.7,724,86,7,139,266.5285714285714,23.166666666666668,8.0,724.0,0.011049723756906077,0,1
13727,2010-04-07 12:14:00,2009-12-09 13:25:00,6,740.67,206,55,449,118,123.445,23.6,3.0,206.0,0.014563106796116505,0,1
13728,2011-05-25 10:53:00,2009-12-09 17:13:00,13,2332.96,976,65,36,531,179.45846153846153,44.25,0.0,976.0,0.0,2,0
13729,2010-09-30 10:44:00,2010-01-24 14:57:00,3,724.73,419,36,273,248,241.57666666666668,124.0,14.0,419.0,0.03341288782816229,0,1
13731,2011-05-04 14:33:00,2011-04-07 10:10:00,2,610.59,278,36,57,27,305.295,27.0,0.0,278.0,0.0,0,1
13733,2010-10-25 12:18:00,2009-12-04 15:28:00,2,487.03000000000003,335,28,248,324,243.51500000000001,324.0,2.0,335.0,0.005970149253731343,0,1
13734,2010-07-19 12:04:00,2010-04-16 08:42:00,4,6695.6900000000005,302,24,346,94,1673.9225000000001,31.333333333333332,93.0,302.0,0.3079470198675497,0,1
13735,2011-06-17 11:07:00,2009-12-13 13:31:00,11,8288.92,3726,318,13,550,753.5381818181818,55.0,68.0,3726.0,0.01825013419216318,0,1
13736,2011-03-24 13:04:00,2009-12-06 12:07:00,6,2380.2,1281,255,98,473,396.7,94.6,12.0,1281.0,0.00936768149882904,0,1
13737,2011-05-23 16:32:00,2011-05-23 16:32:00,1,339.59999999999997,125,29,38,1,339.59999999999997,1.0,0.0,125.0,0.0,0,1
13738,2010-11-08 15:23:00,2010-11-08 15:23:00,1,434.78000000000003,237,88,234,1,434.78000000000003,1.0,0.0,237.0,0.0,0,1
13739,2010-06-30 10:25:00,2010-06-30 10:25:00,1,75.3,22,3,365,1,75.3,1.0,0.0,22.0,0.0,0,1
13740,2011-04-13 10:32:00,2009-12-02 12:22:00,5,1582.77,987,83,78,496,316.554,124.0,0.0,987.0,0.0,0,1
13741,2011-06-09 07:53:00,2011-05-06 13:43:00,2,363.13,143,20,21,33,181.565,33.0,1.0,143.0,0.006993006993006993,1,0
13742,2011-06-30 13:25:00,2011-01-23 14:59:00,10,2632.57,964,163,0,157,263.257,17.444444444444443,8.0,964.0,0.008298755186721992,1,0
13743,2011-05-06 14:32:00,2011-03-25 14:46:00,2,353.15999999999997,420,7,55,41,176.57999999999998,41.0,0.0,420.0,0.0,4,0
13744,2011-02-20 14:08:00,2011-02-20 14:08:00,1,817.3199999999999,899,44,130,1,817.3199999999999,1.0,0.0,899.0,0.0,1,0
13745,2011-06-30 16:43:00,2010-06-11 17:19:00,2,777.36,1146,46,0,383,388.68,383.0,15.0,1146.0,0.013089005235602094,0,1
13746,2010-10-22 11:55:00,2010-10-22 11:55:00,1,176.69,83,9,251,1,176.69,1.0,0.0,83.0,0.0,0,1
13747,2010-12-01 10:37:00,2010-10-11 09:15:00,2,169.79999999999998,60,4,211,51,84.89999999999999,51.0,0.0,60.0,0.0,0,1
13748,2011-04-21 14:30:00,2009-12-01 16:44:00,7,1696.95,812,32,70,505,242.42142857142858,84.16666666666667,0.0,812.0,0.0,2,0
13750,2011-06-21 15:13:00,2010-04-01 14:49:00,9,2946.11,1189,47,9,446,327.34555555555556,55.75,10.0,1189.0,0.008410428931875526,1,0
13751,2011-02-24 15:56:00,2011-02-24 15:56:00,1,296.25,152,9,126,1,296.25,1.0,0.0,152.0,0.0,0,1
13752,2011-06-08 10:49:00,2010-06-30 10:23:00,5,1295.98,840,69,22,343,259.196,85.75,0.0,840.0,0.0,2,0
13753,2011-02-25 12:48:00,2009-12-03 10:20:00,4,2094.57,1450,64,125,449,523.6425,149.66666666666666,0.0,1450.0,0.0,0,1
13754,2011-01-26 14:58:00,2010-09-28 15:29:00,2,320.45,183,16,155,119,160.225,119.0,0.0,183.0,0.0,1,0
13756,2011-06-09 11:27:00,2009-12-15 15:18:00,14,5178.240000000001,2961,125,21,540,369.87428571428575,41.53846153846154,2.0,2961.0,0.0006754474839581223,3,0
13757,2010-02-03 12:37:00,2010-02-03 12:37:00,1,195.55,54,8,512,1,195.55,1.0,0.0,54.0,0.0,0,1
13758,2011-05-22 15:12:00,2009-12-01 10:06:00,13,7859.1,4316,199,39,537,604.5461538461539,44.75,9.0,4316.0,0.0020852641334569047,0,1
13760,2011-03-28 12:52:00,2010-04-25 13:10:00,4,1211.94,522,80,94,336,302.985,112.0,4.0,522.0,0.007662835249042145,0,1
13761,2011-06-13 08:43:00,2010-02-21 11:08:00,5,1373.23,661,82,17,476,274.646,119.0,0.0,661.0,0.0,0,1
13762,2011-05-05 09:15:00,2010-01-10 12:13:00,5,2472.48,2608,23,56,479,494.496,119.75,272.0,2608.0,0.10429447852760736,0,1
13763,2010-10-18 13:25:00,2010-09-30 17:39:00,2,3502.48,2496,35,255,17,1751.24,17.0,3.0,2496.0,0.001201923076923077,0,1
13764,2011-01-06 14:53:00,2010-03-07 12:56:00,4,1900.09,1440,196,175,305,475.0225,101.66666666666667,0.0,1440.0,0.0,2,0
13765,2010-02-24 13:46:00,2010-02-24 13:46:00,1,352.821,297,17,491,1,352.821,1.0,0.0,297.0,0.0,0,1
13766,2010-08-01 14:25:00,2010-08-01 14:25:00,1,190.35,137,16,333,1,190.35,1.0,0.0,137.0,0.0,0,1
13767,2011-06-28 14:52:00,2009-12-01 10:52:00,60,24612.0,10501,112,2,574,410.2,9.728813559322035,59.0,10501.0,0.005618512522616893,9,0
13768,2009-12-13 10:41:00,2009-12-09 10:25:00,2,875.97,373,30,564,4,437.985,4.0,16.0,373.0,0.04289544235924933,0,1
13769,2011-05-16 09:57:00,2009-12-16 11:59:00,15,4129.62,1902,105,45,515,275.308,36.785714285714285,11.0,1902.0,0.0057833859095688745,3,0
13770,2010-10-13 15:10:00,2009-12-09 14:44:00,4,785.37,468,48,260,308,196.3425,102.66666666666667,0.0,468.0,0.0,0,1
13771,2011-05-24 12:57:00,2010-02-25 12:37:00,7,4559.22,2488,135,37,453,651.3171428571429,75.5,1.0,2488.0,0.00040192926045016077,0,1
13772,2011-04-14 12:31:00,2010-02-23 13:55:00,6,2205.81,992,313,77,414,367.635,82.8,22.0,992.0,0.02217741935483871,1,0
13773,2010-11-08 11:49:00,2010-02-18 10:27:00,2,301.54,174,19,234,263,150.77,263.0,0.0,174.0,0.0,0,1
13775,2010-04-28 12:15:00,2010-04-28 12:15:00,1,1049.66,455,63,428,1,1049.66,1.0,0.0,455.0,0.0,0,1
13776,2010-10-07 16:11:00,2010-10-07 16:07:00,2,623.98,2,1,266,1,311.99,1.0,6.0,2.0,3.0,0,1
13777,2011-06-27 10:42:00,2009-12-02 09:47:00,50,35424.22,16010,44,3,572,708.4844,11.673469387755102,144.0,16010.0,0.008994378513429107,5,0
13778,2010-08-05 14:52:00,2010-05-23 13:34:00,3,945.79,441,27,329,74,315.2633333333333,37.0,1.0,441.0,0.0022675736961451248,1,0
13779,2010-07-12 11:24:00,2010-07-12 11:24:00,1,161.13,53,27,353,1,161.13,1.0,0.0,53.0,0.0,0,1
13780,2011-06-22 11:43:00,2010-10-28 19:51:00,2,488.34000000000003,334,43,8,236,244.17000000000002,236.0,0.0,334.0,0.0,0,1
13781,2011-04-03 12:08:00,2009-12-18 15:46:00,3,778.83,300,56,88,470,259.61,235.0,1.0,300.0,0.0033333333333333335,0,1
13782,2011-04-19 14:48:00,2009-12-06 12:52:00,9,1238.52,430,141,72,499,137.61333333333334,62.375,1.0,430.0,0.002325581395348837,1,0
13783,2010-08-09 09:23:00,2010-02-04 13:47:00,4,1542.09,3437,4,325,185,385.5225,61.666666666666664,0.0,3437.0,0.0,0,1
13784,2011-06-24 15:17:00,2010-09-15 12:27:00,10,2079.83,2079,13,6,282,207.983,31.333333333333332,5.0,2079.0,0.002405002405002405,2,0
13785,2010-10-07 09:25:00,2010-09-05 16:01:00,4,542.49,151,26,266,31,135.6225,10.333333333333334,0.0,151.0,0.0,0,1
13786,2010-12-07 13:53:00,2009-12-03 15:32:00,6,3127.99,1515,80,205,368,521.3316666666666,73.6,13.0,1515.0,0.008580858085808581,0,1
13787,2010-12-10 14:45:00,2010-01-14 10:13:00,5,1019.86,717,56,202,330,203.972,82.5,11.0,717.0,0.015341701534170154,1,0
13788,2010-07-22 15:50:00,2010-07-22 15:50:00,1,3.75,1,1,343,1,3.75,1.0,0.0,1.0,0.0,0,1
13789,2010-11-16 15:31:00,2010-11-16 15:31:00,1,239.45999999999998,258,18,226,1,239.45999999999998,1.0,0.0,258.0,0.0,0,1
13791,2011-06-24 16:38:00,2011-06-24 16:38:00,1,937.0,700,7,6,1,937.0,1.0,0.0,700.0,0.0,1,0
13792,2011-02-25 14:03:00,2010-10-13 11:05:00,2,263.0,92,14,125,135,131.5,135.0,0.0,92.0,0.0,0,1
13793,2010-03-03 08:25:00,2010-03-03 08:25:00,1,96.0,52,7,484,1,96.0,1.0,0.0,52.0,0.0,0,1
13794,2010-06-11 12:30:00,2010-06-11 12:30:00,1,126.03,63,9,384,1,126.03,1.0,0.0,63.0,0.0,0,1
13795,2010-11-16 17:25:00,2010-03-12 12:44:00,4,836.3,1250,23,226,249,209.075,83.0,0.0,1250.0,0.0,0,1
13796,2010-07-28 14:45:00,2010-07-28 14:45:00,1,289.7,218,22,337,1,289.7,1.0,0.0,218.0,0.0,0,1
13797,2010-09-29 10:34:00,2010-03-02 12:17:00,3,1179.45,573,71,274,210,393.15000000000003,105.0,3.0,573.0,0.005235602094240838,0,1
13798,2011-06-27 16:48:00,2009-12-08 16:21:00,89,63072.8,39695,154,3,566,708.6831460674158,6.431818181818182,867.0,39695.0,0.02184154175588865,9,0
13799,2011-02-18 14:18:00,2010-03-05 16:39:00,8,2456.41,1323,52,132,349,307.05125,49.857142857142854,181.0,1323.0,0.1368102796674225,1,0
13800,2011-02-03 12:27:00,2009-12-03 10:03:00,3,1679.56,891,73,147,427,559.8533333333334,213.5,0.0,891.0,0.0,0,1
13802,2011-03-30 10:54:00,2010-02-16 10:11:00,18,24790.75,13351,210,92,407,1377.263888888889,23.941176470588236,49.0,13351.0,0.0036701370683843906,1,0
13803,2011-03-29 12:57:00,2010-03-31 10:00:00,3,1338.91,831,73,93,363,446.30333333333334,181.5,12.0,831.0,0.01444043321299639,0,1
13804,2011-02-23 09:09:00,2010-09-29 10:26:00,3,1296.3600000000001,752,69,127,146,432.12000000000006,73.0,0.0,752.0,0.0,4,0
13807,2010-12-07 15:48:00,2009-12-04 12:41:00,3,422.2,116,24,205,368,140.73333333333332,184.0,2.0,116.0,0.017241379310344827,0,1
13809,2011-02-07 13:15:00,2010-09-05 11:42:00,3,679.7,281,23,143,155,226.5666666666667,77.5,0.0,281.0,0.0,0,1
13811,2011-06-09 09:54:00,2011-04-14 18:40:00,3,814.5,68,7,21,55,271.5,27.5,1.0,68.0,0.014705882352941176,0,1
13813,2010-06-30 08:50:00,2009-12-06 10:16:00,4,1398.61,740,50,365,205,349.6525,68.33333333333333,14.0,740.0,0.01891891891891892,3,0
13814,2010-06-30 14:12:00,2010-06-30 14:12:00,1,678.2,350,22,365,1,678.2,1.0,1.0,350.0,0.002857142857142857,2,0
13815,2011-06-20 13:08:00,2010-02-12 10:26:00,6,6426.13,4786,188,10,493,1071.0216666666668,98.6,20.0,4786.0,0.004178854993731718,0,1
13817,2010-12-23 11:46:00,2010-12-23 11:46:00,1,128.7,63,9,189,1,128.7,1.0,0.0,63.0,0.0,0,1
13818,2010-10-06 12:35:00,2010-10-06 12:35:00,1,61.28,60,5,267,1,61.28,1.0,0.0,60.0,0.0,0,1
13819,2011-02-11 10:38:00,2009-12-01 16:18:00,6,2642.35,2309,47,139,436,440.39166666666665,87.2,7.0,2309.0,0.0030316154179298397,0,1
13820,2010-10-17 13:46:00,2010-01-28 12:26:00,3,652.75,285,68,256,262,217.58333333333334,131.0,3.0,285.0,0.010526315789473684,0,1
13821,2011-03-23 11:30:00,2010-01-04 13:36:00,5,1263.59,434,151,99,442,252.718,110.5,6.0,434.0,0.013824884792626729,1,0
13823,2010-11-24 13:32:00,2009-12-15 14:34:00,5,2445.79,1125,91,218,343,489.158,85.75,4.0,1125.0,0.0035555555555555557,1,0
13824,2011-05-20 14:04:00,2010-03-12 15:17:00,10,2848.8,1192,47,41,433,284.88,48.111111111111114,8.0,1192.0,0.006711409395973154,1,0
13825,2010-03-28 11:02:00,2009-12-09 14:30:00,2,255.59,182,38,459,108,127.795,108.0,0.0,182.0,0.0,0,1
13826,2011-06-16 13:48:00,2011-06-16 13:48:00,1,189.5,82,10,14,1,189.5,1.0,0.0,82.0,0.0,0,1
13829,2010-10-14 18:19:00,2010-10-14 18:19:00,1,102.0,12,1,259,1,102.0,1.0,12.0,12.0,1.0,0,1
13830,2010-05-07 12:24:00,2010-05-07 12:24:00,1,156.85000000000002,47,11,419,1,156.85000000000002,1.0,2.0,47.0,0.0425531914893617,0,1
13831,2011-05-23 13:25:00,2009-12-10 14:50:00,15,5480.54,2043,119,38,528,365.3693333333333,37.714285714285715,4.0,2043.0,0.0019579050416054823,2,0
13832,2010-10-13 14:41:00,2010-10-13 14:41:00,1,557.6899999999999,392,51,260,1,557.6899999999999,1.0,0.0,392.0,0.0,0,1
13833,2010-10-31 14:11:00,2010-10-31 14:11:00,1,316.56,126,16,242,1,316.56,1.0,0.0,126.0,0.0,1,0
13834,2010-05-12 10:27:00,2010-02-08 12:52:00,2,324.19,221,15,414,92,162.095,92.0,7.0,221.0,0.03167420814479638,0,1
13835,2011-05-08 15:22:00,2010-03-04 08:26:00,4,589.15,235,34,53,430,147.2875,143.33333333333334,7.0,235.0,0.029787234042553193,1,0
13836,2010-11-05 13:31:00,2010-10-21 13:27:00,2,620.37,273,29,237,15,310.185,15.0,3.0,273.0,0.01098901098901099,0,1
13837,2011-05-12 12:10:00,2011-01-26 12:15:00,2,266.59000000000003,182,17,49,105,133.29500000000002,105.0,0.0,182.0,0.0,0,1
13838,2010-12-05 10:45:00,2010-05-09 11:40:00,7,1245.91,520,242,207,209,177.98714285714286,34.833333333333336,0.0,520.0,0.0,2,0
13839,2010-08-10 13:52:00,2010-08-10 13:52:00,1,139.95000000000002,25,7,324,1,139.95000000000002,1.0,0.0,25.0,0.0,0,1
13840,2010-10-19 13:34:00,2010-10-19 13:34:00,1,651.4,358,40,254,1,651.4,1.0,0.0,358.0,0.0,0,1
13841,2011-04-01 12:10:00,2011-04-01 12:10:00,1,85.0,100,1,90,1,85.0,1.0,0.0,100.0,0.0,0,1
13842,2011-05-24 10:50:00,2010-02-16 15:54:00,15,3762.19,1677,158,37,461,250.81266666666667,32.92857142857143,7.0,1677.0,0.0041741204531902205,2,0
13843,2010-11-23 17:48:00,2010-11-23 17:48:00,1,319.75,145,18,219,1,319.75,1.0,0.0,145.0,0.0,0,1
13846,2011-04-11 15:03:00,2010-11-05 09:47:00,3,1106.66,662,69,80,157,368.8866666666667,78.5,5.0,662.0,0.0075528700906344415,0,1
13847,2009-12-20 10:41:00,2009-12-20 10:41:00,1,310.72,96,19,557,1,310.72,1.0,0.0,96.0,0.0,0,1
13848,2011-02-15 10:17:00,2009-12-09 16:17:00,7,2695.0,8200,3,135,432,385.0,72.0,0.0,8200.0,0.0,1,0
13849,2011-06-22 10:11:00,2010-03-25 12:03:00,4,2524.93,1199,139,8,453,631.2325,151.0,2.0,1199.0,0.0016680567139282735,0,1
13851,2011-02-24 17:18:00,2010-01-29 11:54:00,6,2201.32,970,56,126,391,366.8866666666667,78.2,6.0,970.0,0.006185567010309278,2,0
13852,2010-04-08 09:06:00,2010-04-08 09:06:00,1,187.35000000000002,85,11,448,1,187.35000000000002,1.0,6.0,85.0,0.07058823529411765,0,1
13854,2011-05-27 12:44:00,2010-01-08 11:28:00,30,8994.58,2886,53,34,504,299.8193333333333,17.379310344827587,21.0,2886.0,0.007276507276507277,5,0
13855,2010-07-27 09:53:00,2009-12-08 16:56:00,4,1310.3400000000001,575,64,338,230,327.58500000000004,76.66666666666667,14.0,575.0,0.02434782608695652,0,1
13856,2011-06-24 10:03:00,2010-03-30 15:40:00,11,1142.03,1105,33,6,450,103.82090909090908,45.0,19.0,1105.0,0.017194570135746608,0,1
13857,2010-11-11 12:54:00,2010-05-17 14:21:00,6,1001.01,782,99,231,177,166.835,35.4,2.0,782.0,0.0025575447570332483,0,1
13859,2011-01-17 16:14:00,2010-06-28 15:36:00,2,515.86,167,34,164,203,257.93,203.0,0.0,167.0,0.0,0,1
13861,2010-10-06 14:20:00,2010-06-27 11:37:00,2,273.26,225,21,267,101,136.63,101.0,5.0,225.0,0.022222222222222223,0,1
13862,2011-06-05 14:18:00,2010-11-15 13:43:00,5,1499.24,1048,77,25,202,299.848,50.5,6.0,1048.0,0.0057251908396946565,3,0
13863,2011-04-06 10:20:00,2010-04-25 13:09:00,4,1239.55,553,59,85,345,309.8875,115.0,7.0,553.0,0.012658227848101266,0,1
13864,2010-11-18 12:50:00,2010-11-18 12:50:00,1,662.4000000000001,192,1,224,1,662.4000000000001,1.0,0.0,192.0,0.0,0,1
13865,2011-06-06 08:04:00,2011-02-23 12:04:00,2,282.52,100,17,24,102,141.26,102.0,0.0,100.0,0.0,1,0
13867,2011-05-05 17:28:00,2011-05-05 17:28:00,1,138.85,31,8,56,1,138.85,1.0,0.0,31.0,0.0,1,0
13869,2011-03-22 10:44:00,2010-01-17 14:53:00,9,6486.38,3317,425,100,428,720.7088888888889,53.5,0.0,3317.0,0.0,1,0
13870,2011-06-24 13:29:00,2010-02-08 12:08:00,10,3839.14,2667,125,6,501,383.914,55.666666666666664,5.0,2667.0,0.0018747656542932134,2,0
13871,2011-06-30 10:19:00,2009-12-20 13:09:00,10,4493.42,2005,127,0,556,449.342,61.77777777777778,35.0,2005.0,0.017456359102244388,3,0
13872,2010-06-30 15:35:00,2009-12-14 09:56:00,3,919.57,339,51,365,198,306.52333333333337,99.0,7.0,339.0,0.02064896755162242,0,1
13873,2011-05-05 09:13:00,2010-03-03 12:31:00,7,879.72,398,47,56,427,125.67428571428572,71.16666666666667,2.0,398.0,0.005025125628140704,1,0
13874,2010-12-16 18:20:00,2010-02-04 18:39:00,7,2049.15,864,46,196,314,292.7357142857143,52.333333333333336,13.0,864.0,0.015046296296296295,0,1
13875,2011-06-08 16:34:00,2009-12-17 10:30:00,12,4095.46,2510,136,22,538,341.28833333333336,48.90909090909091,0.0,2510.0,0.0,1,0
13877,2010-08-26 17:19:00,2010-01-19 10:53:00,2,332.44,370,20,308,219,166.22,219.0,3.0,370.0,0.008108108108108109,1,0
13878,2010-06-10 10:15:00,2010-04-14 13:50:00,3,1145.33,464,59,385,56,381.77666666666664,28.0,0.0,464.0,0.0,0,1
13879,2010-03-04 10:49:00,2010-03-04 10:49:00,1,395.5,204,25,483,1,395.5,1.0,0.0,204.0,0.0,0,1
13880,2011-06-06 10:09:00,2010-05-26 14:29:00,10,2413.66,1410,93,24,375,241.36599999999999,41.666666666666664,0.0,1410.0,0.0,5,0
13881,2011-06-23 14:25:00,2010-03-04 14:41:00,30,33237.91,23241,165,7,475,1107.9303333333335,16.379310344827587,274.0,23241.0,0.01178950991781765,5,0
13883,2011-05-05 12:39:00,2009-12-08 17:26:00,14,5628.32,3052,190,56,512,402.0228571428571,39.38461538461539,84.0,3052.0,0.027522935779816515,0,1
13884,2011-03-07 12:53:00,2010-08-26 19:57:00,8,1233.68,517,87,115,192,154.21,27.428571428571427,7.0,517.0,0.013539651837524178,1,0
13885,2011-06-03 15:07:00,2011-05-23 08:52:00,2,506.8,182,28,27,11,253.4,11.0,0.0,182.0,0.0,0,1
13887,2011-05-19 17:22:00,2011-05-19 17:22:00,1,349.55,147,19,42,1,349.55,1.0,0.0,147.0,0.0,0,1
13888,2011-05-05 14:41:00,2010-05-13 11:57:00,6,1635.48,615,110,56,357,272.58,71.4,0.0,615.0,0.0,1,0
13889,2010-11-22 13:25:00,2010-01-22 14:32:00,5,1574.3300000000002,833,50,220,303,314.86600000000004,75.75,32.0,833.0,0.03841536614645858,1,0
13890,2010-12-16 09:31:00,2009-12-06 15:15:00,5,1233.92,654,50,196,374,246.78400000000002,93.5,24.0,654.0,0.03669724770642202,1,0
13891,2010-11-26 15:57:00,2010-05-06 16:02:00,3,859.21,476,97,216,203,286.40333333333336,101.5,0.0,476.0,0.0,0,1
13892,2011-04-07 12:04:00,2010-05-13 10:32:00,3,689.1999999999999,2282,11,84,329,229.73333333333332,164.5,0.0,2282.0,0.0,0,1
13893,2011-02-15 11:30:00,2011-02-15 11:30:00,1,821.1,190,21,135,1,821.1,1.0,0.0,190.0,0.0,0,1
13894,2011-02-02 12:54:00,2011-02-02 12:54:00,1,160.85,105,10,148,1,160.85,1.0,6.0,105.0,0.05714285714285714,0,1
13895,2011-06-28 10:17:00,2009-12-03 13:09:00,3,1797.91,883,78,2,571,599.3033333333334,285.5,1.0,883.0,0.0011325028312570782,1,0
13896,2010-03-24 08:55:00,2010-03-24 08:55:00,1,388.55,149,21,463,1,388.55,1.0,0.0,149.0,0.0,0,1
13897,2010-09-27 13:36:00,2010-01-31 13:48:00,2,849.56,620,42,276,238,424.78,238.0,0.0,620.0,0.0,0,1
13898,2011-01-18 10:28:00,2010-10-24 15:42:00,2,686.4,544,43,163,85,343.2,85.0,0.0,544.0,0.0,0,1
13899,2011-03-10 09:30:00,2011-03-10 09:30:00,1,298.5,122,15,112,1,298.5,1.0,0.0,122.0,0.0,0,1
13900,2011-06-09 19:26:00,2010-03-25 13:46:00,6,1610.59,938,80,21,441,268.4316666666667,88.2,2.0,938.0,0.0021321961620469083,0,1
13901,2011-03-28 14:33:00,2010-01-05 09:29:00,12,3457.44,1913,178,94,447,288.12,40.63636363636363,18.0,1913.0,0.009409304756926294,3,0
13902,2010-03-17 13:09:00,2009-12-15 10:02:00,5,34095.26,220600,58,470,92,6819.052000000001,23.0,2510.0,220600.0,0.011378059836808703,0,1
13903,2010-11-04 17:44:00,2010-11-04 17:44:00,1,165.45000000000002,103,10,238,1,165.45000000000002,1.0,0.0,103.0,0.0,0,1
13904,2011-02-18 11:18:00,2011-02-18 11:18:00,1,201.12,223,17,132,1,201.12,1.0,0.0,223.0,0.0,0,1
13905,2009-12-07 11:41:00,2009-12-07 11:41:00,1,312.65,135,12,570,1,312.65,1.0,11.0,135.0,0.08148148148148149,0,1
13906,2010-10-26 15:00:00,2010-10-26 15:00:00,1,42.0,100,1,247,1,42.0,1.0,0.0,100.0,0.0,0,1
13907,2010-01-17 12:22:00,2010-01-17 12:22:00,1,136.8,68,4,529,1,136.8,1.0,0.0,68.0,0.0,0,1
13908,2011-05-09 10:24:00,2011-03-08 12:04:00,2,831.11,558,49,52,61,415.555,61.0,8.0,558.0,0.014336917562724014,2,0
13909,2010-10-12 17:22:00,2010-07-06 16:52:00,2,282.85,301,35,261,98,141.425,98.0,0.0,301.0,0.0,0,1
13911,2011-05-26 19:13:00,2010-03-01 16:31:00,17,3357.99,3221,152,35,451,197.52882352941174,28.1875,11.0,3221.0,0.0034150884818379386,2,0
13912,2010-10-12 08:43:00,2010-10-12 08:43:00,1,124.95,29,7,261,1,124.95,1.0,0.0,29.0,0.0,0,1
13913,2010-07-21 10:11:00,2010-07-21 10:11:00,1,42.22,10,3,344,1,42.22,1.0,0.0,10.0,0.0,0,1
13915,2010-11-10 15:17:00,2010-11-10 15:17:00,1,70.80000000000001,24,2,232,1,70.80000000000001,1.0,8.0,24.0,0.3333333333333333,0,1
13916,2010-09-02 10:04:00,2010-02-02 10:06:00,4,1275.81,673,72,301,211,318.9525,70.33333333333333,6.0,673.0,0.008915304606240713,0,1
13917,2011-06-01 12:46:00,2011-06-01 12:46:00,1,65.38,38,5,29,1,65.38,1.0,0.0,38.0,0.0,0,1
13918,2011-03-31 18:05:00,2011-03-31 18:05:00,1,198.2,100,8,91,1,198.2,1.0,0.0,100.0,0.0,0,1
13919,2010-10-11 11:53:00,2010-06-17 09:30:00,2,975.87,659,45,262,116,487.935,116.0,0.0,659.0,0.0,1,0
13920,2010-10-04 12:37:00,2010-05-26 15:48:00,4,1774.68,1772,81,269,130,443.67,43.333333333333336,4.0,1772.0,0.002257336343115124,0,1
13921,2010-11-02 16:32:00,2009-12-18 12:19:00,4,730.7,210,36,240,319,182.675,106.33333333333333,1.0,210.0,0.004761904761904762,0,1
13922,2010-12-23 10:38:00,2010-08-29 14:36:00,3,865.2,467,30,189,115,288.40000000000003,57.5,14.0,467.0,0.029978586723768737,0,1
13927,2010-09-28 16:12:00,2010-09-28 16:12:00,1,359.27,249,20,275,1,359.27,1.0,6.0,249.0,0.024096385542168676,1,0
13929,2011-06-23 15:26:00,2010-01-14 07:25:00,11,3494.1,1566,38,7,525,317.6454545454545,52.5,16.0,1566.0,0.010217113665389528,0,1
13931,2011-03-04 08:43:00,2009-12-03 10:26:00,10,4398.06,2974,177,118,455,439.80600000000004,50.55555555555556,0.0,2974.0,0.0,1,0
13932,2011-02-18 12:02:00,2011-02-18 12:02:00,1,307.4,72,16,132,1,307.4,1.0,0.0,72.0,0.0,0,1
13934,2011-03-21 08:39:00,2011-03-21 08:39:00,1,922.1,390,31,101,1,922.1,1.0,0.0,390.0,0.0,0,1
13935,2010-04-22 11:21:00,2010-02-25 16:01:00,3,6116.92,2252,67,434,55,2038.9733333333334,27.5,0.0,2252.0,0.0,0,1
13936,2011-06-13 08:47:00,2010-10-21 14:21:00,3,939.66,661,56,17,234,313.21999999999997,117.0,6.0,661.0,0.009077155824508321,0,1
13937,2011-06-23 16:35:00,2010-11-02 12:37:00,2,880.13,587,54,7,233,440.065,233.0,1.0,587.0,0.0017035775127768314,0,1
13939,2011-02-01 11:30:00,2010-04-06 12:43:00,5,1176.91,963,62,149,300,235.382,75.0,8.0,963.0,0.008307372793354102,1,0
13941,2011-06-21 09:44:00,2009-12-16 16:10:00,13,7745.4800000000005,3800,38,9,551,595.8061538461538,45.916666666666664,36.0,3800.0,0.009473684210526316,1,0
13942,2010-06-23 12:35:00,2010-06-23 12:35:00,1,320.0,1000,1,372,1,320.0,1.0,0.0,1000.0,0.0,0,1
13943,2010-05-11 11:30:00,2010-05-11 11:30:00,1,246.54,94,15,415,1,246.54,1.0,0.0,94.0,0.0,0,1
13944,2010-02-24 15:02:00,2010-02-24 15:02:00,1,200.43,153,35,491,1,200.43,1.0,0.0,153.0,0.0,0,1
13945,2010-11-10 10:00:00,2010-08-17 09:59:00,2,854.15,413,49,232,85,427.075,85.0,0.0,413.0,0.0,0,1
13946,2011-05-22 12:03:00,2009-12-04 11:07:00,5,1800.63,2667,48,39,534,360.12600000000003,133.5,24.0,2667.0,0.008998875140607425,1,0
13948,2010-12-14 10:18:00,2009-12-04 12:14:00,4,548.76,248,23,198,374,137.19,124.66666666666667,2.0,248.0,0.008064516129032258,0,1
13950,2011-04-07 11:29:00,2011-04-07 11:29:00,1,179.30999999999997,81,7,84,1,179.30999999999997,1.0,0.0,81.0,0.0,1,0
13951,2011-06-16 16:43:00,2011-02-18 15:21:00,3,674.45,459,38,14,118,224.8166666666667,59.0,0.0,459.0,0.0,0,1
13952,2011-05-06 09:00:00,2009-12-16 09:41:00,14,12823.521,5947,238,55,505,915.9657857142857,38.84615384615385,9.0,5947.0,0.0015133680847486128,0,1
13953,2011-06-28 13:10:00,2009-12-11 12:58:00,9,5375.0,4300,1,2,564,597.2222222222222,70.5,0.0,4300.0,0.0,1,0
13955,2011-02-07 12:24:00,2010-11-29 17:35:00,2,426.21,228,63,143,69,213.105,69.0,0.0,228.0,0.0,1,0
13956,2011-04-10 16:04:00,2011-03-13 12:51:00,2,290.32,132,49,81,28,145.16,28.0,0.0,132.0,0.0,1,0
13957,2010-10-18 10:02:00,2010-02-19 10:32:00,3,458.25,157,21,255,240,152.75,120.0,0.0,157.0,0.0,0,1
13958,2010-11-25 10:11:00,2009-12-05 13:12:00,8,4709.2300000000005,2264,172,217,354,588.6537500000001,50.57142857142857,49.0,2264.0,0.021643109540636044,0,1
13959,2011-03-03 18:16:00,2010-07-16 15:11:00,5,808.17,537,75,119,230,161.634,57.5,0.0,537.0,0.0,1,0
13961,2010-11-12 14:40:00,2010-11-12 14:40:00,1,538.4,226,19,230,1,538.4,1.0,4.0,226.0,0.017699115044247787,0,1
13962,2011-04-08 11:21:00,2010-09-30 10:35:00,2,310.85,103,19,83,190,155.425,190.0,0.0,103.0,0.0,0,1
13963,2011-02-04 14:43:00,2010-04-21 16:20:00,17,2860.57,2007,129,146,288,168.26882352941178,18.0,7.0,2007.0,0.003487792725460887,0,1
13964,2010-11-17 13:53:00,2010-10-05 12:38:00,2,438.9,228,22,225,43,219.45,43.0,2.0,228.0,0.008771929824561403,0,1
13965,2010-08-20 10:40:00,2010-01-05 15:21:00,3,996.61,425,23,314,226,332.2033333333333,113.0,23.0,425.0,0.05411764705882353,0,1
13966,2010-09-30 13:08:00,2010-09-30 13:08:00,1,384.26,760,21,273,1,384.26,1.0,0.0,760.0,0.0,0,1
13967,2010-11-08 13:24:00,2010-11-08 13:24:00,1,85.6,24,4,234,1,85.6,1.0,0.0,24.0,0.0,1,0
13968,2010-10-12 13:22:00,2010-10-12 13:22:00,1,123.66,174,8,261,1,123.66,1.0,0.0,174.0,0.0,0,1
13969,2011-06-23 19:20:00,2010-03-25 13:15:00,25,6493.49,3447,344,7,455,259.7396,18.958333333333332,3.0,3447.0,0.0008703220191470844,3,0
13970,2010-11-18 13:21:00,2010-09-28 11:53:00,2,846.55,469,10,224,51,423.275,51.0,0.0,469.0,0.0,0,1
13971,2011-06-14 08:03:00,2010-01-26 09:51:00,10,3190.29,2112,139,16,503,319.029,55.888888888888886,30.0,2112.0,0.014204545454545454,2,0
13972,2011-05-22 11:34:00,2011-05-22 11:34:00,1,145.9,42,9,39,1,145.9,1.0,0.0,42.0,0.0,1,0
13973,2011-02-25 15:21:00,2011-02-25 15:21:00,1,264.7,109,11,125,1,264.7,1.0,0.0,109.0,0.0,0,1
13974,2010-05-06 17:55:00,2010-05-06 17:55:00,1,264.13,107,15,420,1,264.13,1.0,2.0,107.0,0.018691588785046728,0,1
13975,2011-05-08 11:41:00,2010-02-02 13:13:00,8,3749.17,2750,345,53,459,468.64625,65.57142857142857,8.0,2750.0,0.002909090909090909,2,0
13976,2011-05-17 09:13:00,2010-02-09 13:08:00,4,1192.36,452,49,44,461,298.09,153.66666666666666,0.0,452.0,0.0,0,1
13977,2010-10-24 14:08:00,2010-10-24 14:08:00,1,519.8100000000001,303,13,249,1,519.8100000000001,1.0,0.0,303.0,0.0,0,1
13979,2010-11-11 14:10:00,2009-12-03 10:02:00,6,2510.06,1631,309,231,343,418.3433333333333,68.6,18.0,1631.0,0.011036174126302882,1,0
13980,2010-09-26 12:58:00,2010-02-21 14:18:00,4,568.68,291,47,277,216,142.17,72.0,6.0,291.0,0.020618556701030927,0,1
13981,2010-10-20 10:03:00,2010-10-20 10:03:00,1,331.14,234,22,253,1,331.14,1.0,1.0,234.0,0.004273504273504274,0,1
13982,2011-06-29 15:11:00,2010-01-20 14:04:00,8,3312.62,2125,98,1,525,414.0775,75.0,12.0,2125.0,0.005647058823529412,0,1
13983,2011-06-05 16:05:00,2009-12-09 13:53:00,17,5831.52,3535,216,25,543,343.03058823529415,33.9375,101.0,3535.0,0.02857142857142857,1,0
13984,2011-04-04 11:01:00,2009-12-07 11:51:00,10,1690.52,1211,50,87,482,169.052,53.55555555555556,0.0,1211.0,0.0,1,0
13985,2011-06-08 13:54:00,2010-02-09 13:56:00,10,4126.03,2049,91,22,483,412.60299999999995,53.666666666666664,9.0,2049.0,0.004392386530014641,5,0
13987,2010-11-25 10:20:00,2010-11-04 09:54:00,2,682.54,492,46,217,21,341.27,21.0,0.0,492.0,0.0,0,1
13988,2011-06-30 11:54:00,2010-03-24 11:05:00,5,2533.34,1631,141,0,463,506.668,115.75,1.0,1631.0,0.0006131207847946045,1,0
13989,2011-04-14 15:39:00,2010-05-25 12:13:00,4,1656.65,1763,53,77,324,414.1625,108.0,0.0,1763.0,0.0,0,1
13990,2011-05-10 15:19:00,2011-05-10 15:19:00,1,311.3,190,16,51,1,311.3,1.0,0.0,190.0,0.0,0,1
13992,2010-11-24 15:42:00,2010-09-02 17:04:00,2,142.7,90,5,218,82,71.35,82.0,0.0,90.0,0.0,0,1
13993,2011-05-18 12:21:00,2009-12-03 11:57:00,14,4802.17,1640,102,43,531,343.01214285714286,40.84615384615385,8.0,1640.0,0.004878048780487805,3,0
13995,2011-04-08 08:20:00,2009-12-18 12:43:00,10,2818.77,1663,117,83,475,281.877,52.77777777777778,35.0,1663.0,0.021046301864101023,2,0
13996,2010-11-18 16:27:00,2010-11-05 15:07:00,2,895.76,613,29,224,13,447.88,13.0,0.0,613.0,0.0,0,1
13997,2010-07-08 18:06:00,2010-06-07 17:33:00,3,376.46,143,36,357,31,125.48666666666666,15.5,0.0,143.0,0.0,0,1
13998,2010-09-19 10:20:00,2010-05-12 13:18:00,3,566.7,204,30,284,129,188.9,64.5,0.0,204.0,0.0,0,1
13999,2011-06-13 14:59:00,2009-12-05 12:42:00,22,7162.32,3836,152,17,555,325.56,26.428571428571427,12.0,3836.0,0.0031282586027111575,4,0
14000,2011-05-12 16:50:00,2009-12-02 09:50:00,5,2046.3400000000001,1838,28,49,526,409.26800000000003,131.5,27.0,1838.0,0.014689880304679,0,1
14001,2011-04-21 09:26:00,2010-08-03 12:49:00,8,3494.91,1449,48,70,260,436.86375,37.142857142857146,3.0,1449.0,0.002070393374741201,0,1
14003,2009-12-07 08:53:00,2009-12-07 08:53:00,1,209.41,149,16,570,1,209.41,1.0,0.0,149.0,0.0,0,1
14004,2011-06-19 11:44:00,2010-09-30 09:39:00,6,3156.17,1495,82,11,262,526.0283333333333,52.4,0.0,1495.0,0.0,4,0
14005,2011-06-17 08:09:00,2011-05-08 10:33:00,2,331.46,510,18,13,39,165.73,39.0,0.0,510.0,0.0,2,0
14006,2011-04-12 16:17:00,2010-02-25 09:45:00,6,1896.57,1987,53,79,411,316.09499999999997,82.2,0.0,1987.0,0.0,1,0
14007,2010-07-15 09:06:00,2010-07-15 09:06:00,1,79.48,16,5,350,1,79.48,1.0,0.0,16.0,0.0,0,1
14008,2010-10-03 13:09:00,2010-10-03 13:09:00,1,509.04,326,32,270,1,509.04,1.0,6.0,326.0,0.018404907975460124,0,1
14009,2011-05-25 15:47:00,2010-09-03 12:08:00,3,1099.91,951,71,36,264,366.6366666666667,132.0,4.0,951.0,0.004206098843322818,0,1
14010,2010-05-23 13:00:00,2010-05-23 12:46:00,2,445.15,177,20,403,1,222.575,1.0,49.0,177.0,0.2768361581920904,0,1
14011,2010-08-16 15:31:00,2010-04-11 13:40:00,2,457.82,644,32,318,127,228.91,127.0,2.0,644.0,0.003105590062111801,0,1
14012,2011-03-07 12:26:00,2011-03-07 12:26:00,1,328.8,160,11,115,1,328.8,1.0,0.0,160.0,0.0,0,1
14013,2011-03-09 08:59:00,2010-03-26 10:02:00,3,730.05,403,35,113,347,243.35,173.5,9.0,403.0,0.022332506203473945,2,0
14014,2010-11-28 14:56:00,2010-05-12 09:04:00,2,1443.03,928,37,214,200,721.515,200.0,0.0,928.0,0.0,1,0
14016,2011-05-16 09:40:00,2010-01-08 14:12:00,10,10426.83,5025,324,45,492,1042.683,54.666666666666664,1.0,5025.0,0.0001990049751243781,1,0
14017,2010-05-17 14:52:00,2010-05-17 14:52:00,1,229.75,73,14,409,1,229.75,1.0,0.0,73.0,0.0,0,1
14018,2010-03-04 14:23:00,2010-03-04 14:23:00,1,367.15000000000003,224,13,483,1,367.15000000000003,1.0,0.0,224.0,0.0,0,1
14020,2010-08-20 13:09:00,2010-06-28 15:29:00,2,606.21,207,29,314,52,303.105,52.0,7.0,207.0,0.033816425120772944,1,0
14021,2011-05-12 13:37:00,2010-04-26 11:22:00,6,1586.38,838,80,49,381,264.3966666666667,76.2,0.0,838.0,0.0,1,0
14022,2011-04-28 14:39:00,2010-08-10 09:38:00,2,792.15,681,45,63,261,396.075,261.0,0.0,681.0,0.0,0,1
14023,2011-04-03 15:50:00,2011-04-03 15:50:00,1,273.14,162,16,88,1,273.14,1.0,0.0,162.0,0.0,0,1
14024,2010-11-14 10:51:00,2010-11-14 10:51:00,1,318.04,88,18,228,1,318.04,1.0,0.0,88.0,0.0,2,0
14025,2010-09-01 10:11:00,2010-05-05 09:56:00,8,4057.9,1914,60,302,119,507.2375,17.0,16.0,1920.0,0.008333333333333333,0,1
14026,2010-08-26 10:31:00,2010-03-24 14:10:00,2,713.11,427,43,308,154,356.555,154.0,0.0,427.0,0.0,0,1
14028,2010-06-07 13:33:00,2010-06-07 12:02:00,3,10396.5,7170,3,388,1,3465.5,0.5,2491.0,7170.0,0.3474198047419805,0,1
14030,2011-04-10 14:02:00,2009-12-10 17:27:00,17,6597.98,3387,522,81,485,388.11647058823525,30.3125,54.0,3387.0,0.015943312666076175,2,0
14031,2011-06-24 17:35:00,2009-12-03 15:35:00,37,30550.57,11195,257,6,568,825.691081081081,15.777777777777779,349.0,11195.0,0.031174631531933897,2,0
14032,2011-06-24 11:08:00,2009-12-14 12:02:00,11,3416.19,3033,70,6,556,310.5627272727273,55.6,35.0,3033.0,0.01153972964061985,1,0
14033,2010-06-02 15:10:00,2010-06-02 15:10:00,1,109.44,576,1,393,1,109.44,1.0,0.0,576.0,0.0,0,1
14035,2011-03-17 10:01:00,2010-04-06 12:39:00,6,2067.31,1040,47,105,344,344.5516666666667,68.8,3.0,1040.0,0.0028846153846153848,1,0
14036,2011-02-28 09:26:00,2011-02-28 09:26:00,1,626.65,268,38,122,1,626.65,1.0,0.0,268.0,0.0,0,1
14037,2011-06-16 13:57:00,2009-12-07 11:39:00,6,836.95,590,96,14,556,139.49166666666667,111.2,27.0,590.0,0.04576271186440678,0,1
14038,2011-05-16 14:05:00,2010-02-04 08:56:00,3,2225.82,1244,87,45,466,741.94,233.0,11.0,1244.0,0.008842443729903537,2,0
14039,2010-05-13 10:15:00,2010-05-13 10:15:00,1,115.08000000000001,100,4,413,1,115.08000000000001,1.0,0.0,100.0,0.0,0,1
14040,2011-06-09 13:51:00,2009-12-01 12:14:00,29,10908.65,4195,300,21,555,376.1603448275862,19.821428571428573,31.0,4195.0,0.007389749702026222,4,0
14041,2011-03-18 13:25:00,2011-03-18 13:25:00,1,141.41,94,21,104,1,141.41,1.0,0.0,94.0,0.0,0,1
14042,2009-12-14 15:07:00,2009-12-14 15:07:00,1,431.98,180,21,563,1,431.98,1.0,0.0,180.0,0.0,0,1
14043,2010-08-05 18:18:00,2009-12-10 15:56:00,2,302.59999999999997,152,37,329,238,151.29999999999998,238.0,1.0,152.0,0.006578947368421052,0,1
14044,2011-02-03 11:39:00,2010-01-24 15:14:00,7,2601.72,1869,465,147,374,371.6742857142857,62.333333333333336,1.0,1869.0,0.0005350454788657035,2,0
14045,2011-01-06 10:01:00,2010-01-08 10:08:00,15,10578.63,4411,16,175,362,705.242,25.857142857142858,340.0,4413.0,0.07704509404033537,1,0
14046,2011-02-28 14:48:00,2011-02-28 14:48:00,1,154.99,460,14,122,1,154.99,1.0,0.0,460.0,0.0,0,1
14047,2011-05-24 11:35:00,2010-02-01 10:05:00,12,3295.42,1370,88,37,477,274.61833333333334,43.36363636363637,13.0,1370.0,0.00948905109489051,1,0
14048,2011-02-07 14:53:00,2010-11-22 14:08:00,3,748.69,467,126,143,77,249.56333333333336,38.5,14.0,467.0,0.029978586723768737,0,1
14049,2011-05-23 11:07:00,2010-04-01 14:52:00,11,10462.49,6687,465,38,416,951.1354545454545,41.6,42.0,6687.0,0.006280843427545985,1,0
14051,2011-06-19 10:34:00,2009-12-03 11:53:00,26,12529.93,3703,74,11,562,481.92038461538465,22.48,56.0,3703.0,0.015122873345935728,4,0
14052,2010-11-14 11:37:00,2010-11-14 11:37:00,1,241.3,85,65,228,1,241.3,1.0,0.0,85.0,0.0,0,1
14053,2010-11-07 14:50:00,2010-08-10 11:02:00,2,312.05,275,3,235,89,156.025,89.0,0.0,275.0,0.0,2,0
14055,2010-05-11 10:24:00,2009-12-16 15:11:00,2,795.3199999999999,504,23,415,145,397.65999999999997,145.0,0.0,504.0,0.0,1,0
14056,2011-06-08 16:54:00,2011-02-28 15:19:00,11,3653.83,2042,238,22,100,332.16636363636366,10.0,3.0,2042.0,0.0014691478942213516,7,0
14057,2011-06-30 13:45:00,2009-12-03 13:17:00,14,5287.83,4412,209,0,574,377.70214285714286,44.15384615384615,168.0,4412.0,0.038077969174977334,5,0
14058,2010-09-03 09:31:00,2010-06-27 11:29:00,2,469.19,211,23,300,67,234.595,67.0,0.0,211.0,0.0,0,1
14059,2011-03-18 10:06:00,2011-03-18 10:06:00,1,183.6,128,8,104,1,183.6,1.0,0.0,128.0,0.0,0,1
14060,2011-06-09 10:46:00,2010-03-11 09:47:00,22,6152.92,5275,74,21,455,279.6781818181818,21.666666666666668,2.0,5275.0,0.0003791469194312796,5,0
14061,2010-07-20 17:22:00,2009-12-01 18:03:00,3,917.4300000000001,133,17,345,230,305.81,115.0,0.0,133.0,0.0,0,1
14062,2011-06-16 17:35:00,2009-12-10 14:28:00,19,20315.47,10080,138,14,553,1069.235263157895,30.72222222222222,101.0,10080.0,0.01001984126984127,4,0
14063,2010-09-27 16:18:00,2009-12-08 13:46:00,9,22710.2,3850,30,276,293,2523.355555555556,36.625,4.0,3850.0,0.001038961038961039,0,1
14064,2011-05-12 12:30:00,2010-01-21 13:22:00,13,2768.06,3434,100,49,475,212.9276923076923,39.583333333333336,523.0,3434.0,0.15230052417006407,1,0
14065,2010-11-15 16:13:00,2010-10-04 12:03:00,3,891.02,582,42,227,42,297.00666666666666,21.0,1.0,582.0,0.001718213058419244,0,1
14066,2011-03-18 12:21:00,2011-03-18 12:21:00,1,152.55,45,7,104,1,152.55,1.0,0.0,45.0,0.0,0,1
14068,2011-01-23 16:02:00,2010-01-31 10:10:00,4,1516.72,510,93,158,357,379.18,119.0,12.0,510.0,0.023529411764705882,0,1
14069,2010-07-13 12:12:00,2010-05-27 12:30:00,2,225.81,58,37,352,46,112.905,46.0,0.0,58.0,0.0,0,1
14070,2010-01-24 12:27:00,2010-01-24 12:27:00,1,321.6,85,40,522,1,321.6,1.0,0.0,85.0,0.0,0,1
14071,2011-03-24 13:28:00,2011-03-20 11:33:00,2,356.81,295,22,98,4,178.405,4.0,95.0,295.0,0.3220338983050847,0,1
14072,2010-02-11 12:31:00,2010-02-11 12:31:00,1,390.85,65,19,504,1,390.85,1.0,0.0,65.0,0.0,0,1
14074,2010-03-26 13:55:00,2010-03-26 13:55:00,1,219.39999999999998,228,6,461,1,219.39999999999998,1.0,0.0,228.0,0.0,0,1
14075,2011-03-23 16:35:00,2010-06-16 14:47:00,4,1100.53,1010,48,99,280,275.1325,93.33333333333333,0.0,1010.0,0.0,0,1
14077,2011-06-10 14:31:00,2010-11-09 16:01:00,4,426.06,256,41,20,212,106.515,70.66666666666667,0.0,256.0,0.0,1,0
14078,2011-06-08 12:49:00,2010-03-28 15:05:00,8,1332.01,513,98,22,436,166.50125,62.285714285714285,0.0,513.0,0.0,1,0
14079,2010-01-26 17:19:00,2010-01-26 17:19:00,1,243.63,1,1,520,1,243.63,1.0,0.0,1.0,0.0,1,0
14080,2010-10-22 14:04:00,2009-12-02 15:01:00,4,1070.08,220,70,251,323,267.52,107.66666666666667,1.0,220.0,0.004545454545454545,0,1
14081,2011-02-10 16:17:00,2009-12-10 18:27:00,10,4867.57,3381,465,140,426,486.75699999999995,47.333333333333336,20.0,3381.0,0.005915409642117717,0,1
14082,2010-12-10 11:02:00,2010-11-12 11:47:00,2,413.36,246,48,202,27,206.68,27.0,0.0,246.0,0.0,0,1
14083,2011-05-24 15:22:00,2009-12-18 11:34:00,7,553.23,418,96,37,522,79.03285714285714,87.0,0.0,418.0,0.0,2,0
14084,2010-07-15 14:36:00,2010-07-15 14:36:00,1,150.5,306,7,350,1,150.5,1.0,0.0,306.0,0.0,0,1
14085,2011-06-17 16:07:00,2009-12-08 13:41:00,26,8232.49,5238,432,13,556,316.6342307692308,22.24,1.0,5238.0,0.00019091256204658267,1,0
14086,2010-09-03 10:52:00,2010-09-03 10:52:00,1,39.95,1,1,300,1,39.95,1.0,0.0,1.0,0.0,0,1
14087,2010-10-31 11:22:00,2009-12-04 15:27:00,2,638.0,468,126,242,330,319.0,330.0,24.0,468.0,0.05128205128205128,0,1
14088,2011-06-22 16:32:00,2010-10-14 19:46:00,7,28932.99,6288,240,8,250,4133.284285714286,41.666666666666664,25.0,6288.0,0.003975826972010178,3,0
14090,2011-01-19 10:51:00,2011-01-19 10:51:00,1,76.32000000000001,72,1,162,1,76.32000000000001,1.0,0.0,72.0,0.0,0,1
14091,2010-02-23 15:17:00,2010-01-10 13:41:00,2,9530.08,3316,13,492,44,4765.04,44.0,0.0,3316.0,0.0,0,1
14092,2011-06-22 12:57:00,2009-12-16 16:24:00,18,5229.8,2544,139,8,552,290.5444444444445,32.470588235294116,3.0,2544.0,0.0011792452830188679,2,0
14094,2010-09-26 11:58:00,2010-09-26 11:58:00,1,311.77,158,41,277,1,311.77,1.0,1.0,158.0,0.006329113924050633,0,1
14095,2009-12-17 12:49:00,2009-12-17 12:49:00,1,2.95,1,1,560,1,2.95,1.0,0.0,1.0,0.0,0,1
14097,2010-08-15 14:20:00,2010-03-04 10:46:00,2,422.85999999999996,352,39,319,164,211.42999999999998,164.0,0.0,352.0,0.0,0,1
14099,2011-06-22 16:33:00,2009-12-10 11:55:00,15,4372.01,2918,229,8,559,291.46733333333333,39.92857142857143,10.0,2918.0,0.003427004797806717,2,0
14101,2011-05-26 10:15:00,2010-03-28 13:36:00,11,8144.53,9450,19,35,423,740.4118181818181,42.3,12.0,9450.0,0.0012698412698412698,2,0
14104,2011-06-27 12:49:00,2010-05-28 16:11:00,4,638.5799999999999,494,115,3,394,159.64499999999998,131.33333333333334,0.0,494.0,0.0,1,0
14105,2011-04-14 17:58:00,2009-12-18 16:57:00,5,5988.83,3534,200,77,482,1197.766,120.5,49.0,3534.0,0.013865308432371251,0,1
14106,2009-12-02 14:09:00,2009-12-02 14:09:00,1,214.79999999999995,24,1,575,1,214.79999999999995,1.0,0.0,24.0,0.0,0,1
14107,2011-06-16 16:47:00,2009-12-09 14:20:00,9,4010.91,2976,96,14,554,445.65666666666664,69.25,8.0,2976.0,0.002688172043010753,1,0
14108,2009-12-08 15:25:00,2009-12-01 18:07:00,2,447.05,279,18,569,6,223.525,6.0,0.0,292.0,0.0,1,0
14110,2011-06-21 11:57:00,2009-12-01 09:50:00,24,9386.04,4326,149,9,567,391.08500000000004,24.652173913043477,12.0,4326.0,0.0027739251040221915,4,0
14111,2011-04-12 11:36:00,2011-04-12 11:36:00,1,94.2,148,2,79,1,94.2,1.0,0.0,148.0,0.0,2,0
14112,2011-05-20 10:36:00,2010-02-23 14:16:00,9,4071.94,2560,160,41,450,452.4377777777778,56.25,98.0,2560.0,0.03828125,1,0
14113,2010-12-20 12:14:00,2009-12-08 07:42:00,13,5685.6900000000005,2796,58,192,377,437.3607692307693,31.416666666666668,346.0,2796.0,0.12374821173104435,1,0
14114,2011-03-11 09:42:00,2010-04-12 11:07:00,7,1364.09,650,72,111,332,194.86999999999998,55.333333333333336,0.0,650.0,0.0,0,1
14115,2010-07-26 12:36:00,2010-02-11 11:44:00,2,622.6700000000001,509,22,339,165,311.33500000000004,165.0,0.0,509.0,0.0,0,1
14118,2010-10-07 11:59:00,2010-10-07 11:59:00,1,458.45,97,15,266,1,458.45,1.0,0.0,97.0,0.0,0,1
14119,2010-11-29 10:33:00,2009-12-21 14:52:00,2,183.37,177,11,213,342,91.685,342.0,2.0,177.0,0.011299435028248588,0,1
14122,2010-10-29 15:11:00,2009-12-02 14:22:00,3,362.42,114,12,244,331,120.80666666666667,165.5,19.0,114.0,0.16666666666666666,0,1
14123,2009-12-06 15:35:00,2009-12-06 15:35:00,1,436.18,234,24,571,1,436.18,1.0,0.0,234.0,0.0,0,1
14126,2010-09-21 14:51:00,2010-09-21 14:51:00,1,466.33000000000004,379,28,282,1,466.33000000000004,1.0,0.0,379.0,0.0,0,1
14127,2011-03-28 12:25:00,2010-10-10 11:53:00,5,1642.6000000000001,704,88,94,169,328.52000000000004,42.25,0.0,704.0,0.0,1,0
14128,2011-03-29 10:49:00,2010-06-06 14:05:00,2,592.25,519,34,93,295,296.125,295.0,3.0,519.0,0.005780346820809248,0,1
14129,2011-03-24 08:44:00,2010-05-09 14:54:00,5,1826.3799999999999,986,37,98,318,365.27599999999995,79.5,0.0,986.0,0.0,2,0
14130,2011-01-24 16:05:00,2009-12-11 16:33:00,4,1858.77,1215,189,157,408,464.6925,136.0,0.0,1215.0,0.0,0,1
14131,2010-03-01 11:59:00,2010-03-01 11:59:00,1,168.22,105,45,486,1,168.22,1.0,0.0,105.0,0.0,0,1
14132,2011-06-30 17:29:00,2011-06-09 12:04:00,2,607.92,578,39,0,21,303.96,21.0,0.0,578.0,0.0,4,0
14133,2011-01-28 11:27:00,2009-12-06 12:10:00,2,623.5,202,24,153,417,311.75,417.0,6.0,202.0,0.0297029702970297,2,0
14134,2010-11-22 12:26:00,2009-12-10 09:25:00,15,11123.35,5814,130,220,347,741.5566666666667,24.785714285714285,0.0,5814.0,0.0,0,1
14135,2011-06-06 13:32:00,2009-12-02 08:58:00,18,6590.82,7431,115,24,551,366.15666666666664,32.411764705882355,23.0,7431.0,0.003095141972816579,2,0
14136,2010-11-04 11:53:00,2009-12-08 09:19:00,5,1570.81,1148,86,238,331,314.162,82.75,3.0,1148.0,0.002613240418118467,0,1
14137,2010-01-13 12:30:00,2010-01-13 12:30:00,1,332.7,462,11,533,1,332.7,1.0,62.0,462.0,0.1341991341991342,0,1
14139,2010-08-06 14:00:00,2010-06-15 09:17:00,3,670.98,539,29,328,52,223.66,26.0,0.0,539.0,0.0,0,1
14142,2010-12-01 16:33:00,2010-03-03 15:13:00,2,671.34,518,42,211,273,335.67,273.0,6.0,518.0,0.011583011583011582,0,1
14144,2010-08-10 15:17:00,2010-08-10 15:17:00,1,30.599999999999998,12,1,324,1,30.599999999999998,1.0,0.0,12.0,0.0,0,1
14145,2011-05-06 13:01:00,2010-04-08 09:47:00,4,4986.45,1127,11,55,393,1246.6125,131.0,0.0,1127.0,0.0,2,0
14146,2011-03-30 11:04:00,2010-01-13 16:04:00,9,7163.03,4154,248,92,440,795.8922222222222,55.0,551.0,4154.0,0.1326432354357246,2,0
14147,2011-02-27 11:42:00,2010-03-09 13:43:00,8,2289.6,927,23,123,354,286.2,50.57142857142857,146.0,927.0,0.1574973031283711,1,0
14148,2011-04-20 12:02:00,2010-10-21 14:08:00,2,466.29,223,15,71,180,233.145,180.0,0.0,223.0,0.0,0,1
14149,2011-05-03 09:44:00,2011-05-03 09:44:00,1,446.62,218,28,58,1,446.62,1.0,89.0,218.0,0.40825688073394495,0,1
14150,2010-12-15 10:04:00,2010-12-15 10:04:00,1,306.17999999999995,262,12,197,1,306.17999999999995,1.0,0.0,262.0,0.0,0,1
14151,2010-02-04 15:35:00,2009-12-23 10:54:00,2,679.45,405,44,511,43,339.725,43.0,1.0,405.0,0.0024691358024691358,0,1
14152,2011-04-19 15:46:00,2010-02-18 13:57:00,6,1690.56,1502,90,72,425,281.76,85.0,18.0,1502.0,0.011984021304926764,1,0
14153,2010-08-13 14:35:00,2010-08-13 14:35:00,1,233.4,312,17,321,1,233.4,1.0,0.0,312.0,0.0,0,1
14154,2011-04-14 16:26:00,2010-01-13 12:47:00,8,6460.7,3222,236,77,456,807.5875,65.14285714285714,18.0,3222.0,0.00558659217877095,0,1
14155,2011-03-18 14:13:00,2011-03-18 14:13:00,1,118.75,25,6,104,1,118.75,1.0,0.0,25.0,0.0,0,1
14156,2011-06-29 10:50:00,2009-12-01 12:30:00,126,249877.56,133173,1268,1,574,1983.155238095238,4.592,1895.0,133173.0,0.014229611107356595,18,0
14157,2011-02-27 13:04:00,2010-03-03 16:49:00,4,822.98,436,68,123,360,205.745,120.0,11.0,436.0,0.02522935779816514,0,1
14159,2011-06-23 11:51:00,2009-12-03 12:31:00,13,4642.81,3392,505,7,566,357.1392307692308,47.166666666666664,219.0,3392.0,0.06456367924528301,4,0
14160,2010-04-08 14:30:00,2010-01-10 12:06:00,7,8421.47,4661,80,448,88,1203.0671428571427,14.666666666666666,0.0,4661.0,0.0,0,1
14161,2011-05-08 11:41:00,2009-12-13 11:46:00,7,2996.93,1480,202,53,510,428.1328571428571,85.0,0.0,1480.0,0.0,0,1
14162,2011-06-19 11:36:00,2011-02-20 12:32:00,2,289.36,142,25,11,118,144.68,118.0,0.0,142.0,0.0,0,1
14163,2011-05-24 15:06:00,2010-09-03 17:15:00,3,898.5,338,26,37,262,299.5,131.0,0.0,338.0,0.0,2,0
14165,2011-03-09 12:39:00,2011-03-09 12:39:00,1,120.44,53,23,113,1,120.44,1.0,0.0,53.0,0.0,0,1
14166,2010-07-22 19:42:00,2010-03-23 15:10:00,2,251.15,82,39,343,121,125.575,121.0,0.0,82.0,0.0,0,1
14167,2011-06-27 16:46:00,2010-01-27 16:07:00,7,1101.55,296,45,3,516,157.3642857142857,86.0,0.0,296.0,0.0,0,1
14168,2010-10-15 10:49:00,2010-05-24 12:28:00,2,370.45,147,11,258,143,185.225,143.0,9.0,147.0,0.061224489795918366,0,1
14169,2010-10-05 08:45:00,2010-09-21 13:39:00,2,621.51,205,50,268,13,310.755,13.0,0.0,205.0,0.0,0,1
14170,2010-11-29 13:10:00,2010-11-09 14:06:00,3,570.18,270,123,213,19,190.05999999999997,9.5,0.0,270.0,0.0,0,1
14171,2009-12-09 13:50:00,2009-12-09 13:50:00,1,135.0,44,6,568,1,135.0,1.0,0.0,44.0,0.0,1,0
14172,2010-04-13 13:26:00,2010-03-07 10:58:00,3,369.02,78,38,443,37,123.00666666666666,18.5,1.0,78.0,0.01282051282051282,0,1
14173,2011-05-04 14:03:00,2009-12-09 12:46:00,3,249.2,84,13,57,511,83.06666666666666,255.5,3.0,84.0,0.03571428571428571,0,1
14175,2011-06-21 14:29:00,2010-03-22 10:43:00,7,5662.57,2120,166,9,456,808.9385714285714,76.0,75.0,2120.0,0.03537735849056604,0,1
14176,2011-02-15 13:12:00,2010-11-23 13:21:00,5,756.46,265,33,135,83,151.292,20.75,2.0,265.0,0.007547169811320755,0,1
14177,2011-06-13 11:10:00,2010-02-26 11:59:00,10,1768.36,877,127,17,471,176.83599999999998,52.333333333333336,0.0,877.0,0.0,3,0
14178,2011-06-10 12:51:00,2011-06-10 12:51:00,1,197.37,161,28,20,1,197.37,1.0,0.0,161.0,0.0,2,0
14180,2011-06-24 12:14:00,2010-06-09 14:56:00,25,4971.15,670,113,6,379,198.84599999999998,15.791666666666666,14.0,670.0,0.020895522388059702,5,0
14181,2010-10-25 08:27:00,2010-05-26 12:32:00,2,308.35,120,48,248,151,154.175,151.0,0.0,120.0,0.0,0,1
14182,2010-09-22 11:45:00,2010-04-22 15:36:00,4,678.77,174,42,281,152,169.6925,50.666666666666664,2.0,174.0,0.011494252873563218,0,1
14183,2010-10-24 14:45:00,2010-08-15 15:36:00,2,278.34,60,27,249,69,139.17,69.0,0.0,60.0,0.0,0,1
14185,2011-01-12 13:52:00,2011-01-12 13:52:00,1,197.65,6,3,169,1,197.65,1.0,0.0,6.0,0.0,0,1
14186,2010-10-08 13:30:00,2010-03-05 11:17:00,5,1550.63,1550,75,265,217,310.12600000000003,54.25,0.0,1550.0,0.0,0,1
14187,2010-08-23 12:06:00,2010-08-23 12:06:00,1,123.5,50,8,311,1,123.5,1.0,0.0,50.0,0.0,0,1
14188,2011-05-09 10:03:00,2011-02-02 13:46:00,2,760.9,413,17,52,95,380.45,95.0,0.0,413.0,0.0,3,0
14189,2011-05-23 10:34:00,2010-11-16 09:28:00,9,3005.14,2324,118,38,188,333.90444444444444,23.5,9.0,2324.0,0.00387263339070568,3,0
14190,2010-02-11 14:27:00,2010-02-11 14:27:00,1,79.9,2,1,504,1,79.9,1.0,0.0,2.0,0.0,0,1
14191,2011-06-30 14:37:00,2009-12-11 10:48:00,6,1238.5,665,39,0,566,206.41666666666666,113.2,15.0,665.0,0.022556390977443608,4,0
14192,2010-11-16 17:44:00,2010-11-16 17:44:00,1,293.74,218,14,226,1,293.74,1.0,0.0,218.0,0.0,0,1
14193,2011-03-15 11:38:00,2010-11-08 12:31:00,2,779.34,458,39,107,126,389.67,126.0,0.0,458.0,0.0,0,1
14194,2011-06-20 09:50:00,2010-01-06 12:16:00,24,11290.23,6164,348,10,529,470.42625,23.0,88.0,6164.0,0.01427644386761843,5,0
14195,2011-05-22 10:29:00,2010-03-15 17:12:00,6,2615.6,2144,10,39,432,435.93333333333334,86.4,300.0,2144.0,0.13992537313432835,0,1
14197,2010-10-25 10:01:00,2010-10-25 10:01:00,1,390.05,143,20,248,1,390.05,1.0,0.0,143.0,0.0,0,1
14198,2011-04-14 14:54:00,2010-01-05 10:07:00,6,1051.63,437,41,77,464,175.27166666666668,92.8,7.0,437.0,0.016018306636155607,2,0
14199,2011-05-05 13:44:00,2010-06-27 12:13:00,4,1091.7,254,15,56,312,272.925,104.0,24.0,254.0,0.09448818897637795,0,1
14200,2010-04-01 13:01:00,2010-04-01 13:01:00,1,379.2,140,21,455,1,379.2,1.0,0.0,140.0,0.0,0,1
14201,2011-06-06 14:35:00,2010-04-30 13:00:00,7,857.2,518,32,24,402,122.45714285714287,67.0,12.0,518.0,0.023166023166023165,2,0
14202,2010-11-23 17:13:00,2010-03-25 10:36:00,3,847.76,166,27,219,243,282.58666666666664,121.5,0.0,166.0,0.0,0,1
14203,2010-11-07 13:35:00,2010-11-07 13:35:00,1,339.34,80,16,235,1,339.34,1.0,0.0,80.0,0.0,0,1
14204,2010-10-13 13:32:00,2009-12-02 13:26:00,3,874.22,397,158,260,315,291.4066666666667,157.5,0.0,397.0,0.0,0,1
14205,2011-03-20 15:07:00,2010-03-07 12:20:00,8,2170.4,1264,70,102,378,271.3,54.0,106.0,1264.0,0.08386075949367089,0,1
14206,2011-04-14 16:38:00,2010-11-02 11:37:00,3,1185.01,930,62,77,163,395.00333333333333,81.5,4.0,930.0,0.004301075268817204,0,1
14207,2010-01-21 09:33:00,2010-01-21 09:33:00,1,157.8,36,2,525,1,157.8,1.0,0.0,36.0,0.0,0,1
14208,2010-06-06 13:11:00,2010-06-06 13:11:00,1,415.31,415,25,389,1,415.31,1.0,0.0,415.0,0.0,1,0
14209,2011-05-10 10:00:00,2010-01-22 10:28:00,12,4002.9900000000002,1383,125,51,472,333.58250000000004,42.90909090909091,12.0,1383.0,0.008676789587852495,2,0
14210,2011-05-26 12:46:00,2010-01-06 10:17:00,15,5250.38,2392,141,35,505,350.0253333333333,36.07142857142857,7.0,2392.0,0.002926421404682274,1,0
14211,2011-05-16 10:46:00,2009-12-09 12:48:00,14,3071.08,1830,117,45,522,219.36285714285714,40.15384615384615,23.0,1830.0,0.012568306010928962,2,0
14212,2010-09-20 11:48:00,2010-09-20 11:48:00,1,1119.6599999999999,894,12,283,1,1119.6599999999999,1.0,0.0,894.0,0.0,1,0
14213,2010-10-31 10:37:00,2010-10-31 10:37:00,1,1192.2,244,5,242,1,1192.2,1.0,244.0,244.0,1.0,0,1
14214,2011-06-22 13:59:00,2011-03-07 12:26:00,2,822.21,618,54,8,107,411.105,107.0,3.0,618.0,0.0048543689320388345,1,0
14215,2011-06-06 10:04:00,2009-12-08 09:35:00,7,2558.88,1412,128,24,545,365.55428571428575,90.83333333333333,4.0,1412.0,0.0028328611898017,1,0
14216,2010-10-21 15:07:00,2010-10-21 15:07:00,1,310.74,118,18,252,1,310.74,1.0,3.0,118.0,0.025423728813559324,0,1
14217,2011-06-08 08:46:00,2010-06-30 12:54:00,14,2282.86,854,95,22,342,163.0614285714286,26.307692307692307,19.0,854.0,0.02224824355971897,4,0
14219,2010-10-26 10:34:00,2010-08-03 14:42:00,2,543.89,285,32,247,83,271.945,83.0,0.0,285.0,0.0,0,1
14220,2011-04-06 13:23:00,2010-05-19 13:26:00,4,1515.0,468,26,85,321,378.75,107.0,0.0,468.0,0.0,0,1
14221,2011-06-02 17:00:00,2010-04-06 14:10:00,12,4738.52,2465,115,28,422,394.8766666666667,38.36363636363637,2.0,2465.0,0.0008113590263691683,4,0
14222,2011-06-15 16:42:00,2011-06-15 16:42:00,1,683.17,607,41,15,1,683.17,1.0,0.0,607.0,0.0,0,1
14223,2011-03-20 16:02:00,2011-03-20 16:02:00,1,304.9,130,18,102,1,304.9,1.0,2.0,130.0,0.015384615384615385,2,0
14224,2011-05-08 14:08:00,2010-06-13 13:46:00,7,1324.05,572,167,53,329,189.15,54.833333333333336,0.0,572.0,0.0,2,0
14225,2010-10-01 10:32:00,2010-01-12 15:02:00,4,2031.07,1167,70,272,261,507.7675,87.0,13.0,1167.0,0.011139674378748929,0,1
14226,2011-05-13 14:16:00,2010-09-24 14:32:00,3,2462.34,1493,66,48,230,820.7800000000001,115.0,9.0,1493.0,0.006028131279303416,1,0
14227,2011-05-27 14:50:00,2010-02-08 09:38:00,12,5417.27,3507,237,34,473,451.4391666666667,43.0,9.0,3507.0,0.0025662959794696323,2,0
14228,2010-09-28 09:45:00,2010-06-11 12:29:00,3,745.5,260,38,275,108,248.5,54.0,0.0,260.0,0.0,0,1
14229,2011-02-21 09:45:00,2010-08-25 11:47:00,6,1808.97,627,37,129,179,301.495,35.8,23.0,627.0,0.03668261562998405,0,1
14230,2010-09-30 09:07:00,2010-06-09 13:56:00,3,979.8000000000001,246,27,273,112,326.6,56.0,0.0,246.0,0.0,0,1
14231,2011-06-09 11:05:00,2010-09-15 09:52:00,4,1235.6200000000001,610,66,21,267,308.90500000000003,89.0,7.0,610.0,0.011475409836065573,0,1
14232,2011-06-06 09:12:00,2011-03-20 12:44:00,2,1003.97,809,52,24,77,501.985,77.0,3.0,809.0,0.003708281829419036,2,0
14233,2011-05-12 10:45:00,2010-03-05 16:35:00,6,2400.65,991,30,49,432,400.10833333333335,86.4,26.0,991.0,0.026236125126135216,0,1
14235,2011-04-27 12:57:00,2010-03-30 13:36:00,6,2837.68,1911,89,64,392,472.94666666666666,78.4,0.0,1911.0,0.0,3,0
14236,2010-12-02 18:49:00,2010-07-22 14:27:00,4,1253.78,502,29,210,133,313.445,44.333333333333336,2.0,502.0,0.00398406374501992,1,0
14237,2010-12-01 13:20:00,2010-04-28 10:04:00,2,471.14,238,26,211,217,235.57,217.0,2.0,238.0,0.008403361344537815,0,1
14238,2011-01-17 14:40:00,2009-12-05 10:58:00,3,434.23,189,13,164,408,144.74333333333334,204.0,0.0,189.0,0.0,0,1
14239,2011-05-23 10:21:00,2009-12-05 12:36:00,16,3177.36,1330,80,38,533,198.585,35.53333333333333,8.0,1330.0,0.006015037593984963,4,0
14240,2011-04-28 11:40:00,2010-10-12 12:48:00,2,584.0,316,26,63,197,292.0,197.0,0.0,316.0,0.0,0,1
14241,2011-06-09 11:46:00,2010-01-12 15:11:00,2,333.70000000000005,242,12,21,512,166.85000000000002,512.0,0.0,242.0,0.0,0,1
14242,2011-04-19 11:46:00,2011-01-18 08:53:00,2,280.55,123,13,72,91,140.275,91.0,0.0,123.0,0.0,0,1
14243,2011-06-16 14:22:00,2010-08-20 13:41:00,13,6405.14,3166,219,14,300,492.70307692307694,25.0,12.0,3166.0,0.003790271636133923,2,0
14244,2010-02-17 11:40:00,2010-02-17 11:40:00,1,366.41999999999996,814,16,498,1,366.41999999999996,1.0,12.0,814.0,0.014742014742014743,0,1
14245,2011-05-04 08:40:00,2011-03-21 10:41:00,2,1693.45,976,107,57,43,846.725,43.0,5.0,976.0,0.005122950819672131,0,1
14246,2011-04-08 08:25:00,2011-04-08 08:25:00,1,449.64,216,24,83,1,449.64,1.0,0.0,216.0,0.0,2,0
14247,2011-03-06 15:21:00,2010-06-06 15:07:00,5,753.56,378,82,116,273,150.712,68.25,1.0,378.0,0.0026455026455026454,0,1
14248,2011-01-25 14:45:00,2010-07-12 14:27:00,3,1032.95,692,41,156,197,344.31666666666666,98.5,0.0,692.0,0.0,0,1
14249,2010-10-25 12:34:00,2010-01-29 14:21:00,12,5400.461,2383,178,248,268,450.0384166666667,24.363636363636363,0.0,2383.0,0.0,0,1
14252,2010-11-23 13:36:00,2010-11-23 13:36:00,1,350.99,111,10,219,1,350.99,1.0,0.0,111.0,0.0,0,1
14253,2010-08-03 14:55:00,2010-03-26 15:08:00,2,363.40000000000003,88,11,331,129,181.70000000000002,129.0,0.0,88.0,0.0,0,1
14254,2010-10-03 11:52:00,2010-10-03 11:52:00,1,601.03,263,23,270,1,601.03,1.0,0.0,263.0,0.0,0,1
14255,2010-06-11 15:54:00,2010-06-11 15:54:00,1,1000.63,1,1,384,1,1000.63,1.0,3.0,1.0,3.0,0,1
14256,2011-03-24 13:17:00,2010-01-14 10:35:00,5,2460.79,1147,100,98,434,492.158,108.5,9.0,1147.0,0.007846556233653008,0,1
14257,2011-06-08 09:58:00,2010-03-01 15:36:00,6,3885.32,2253,138,22,463,647.5533333333334,92.6,0.0,2253.0,0.0,2,0
14258,2011-05-24 09:10:00,2009-12-04 08:36:00,22,26989.18,15026,87,37,536,1226.780909090909,25.523809523809526,239.0,15050.0,0.015880398671096346,2,0
14260,2010-08-25 14:55:00,2010-06-09 11:23:00,3,824.28,544,50,309,77,274.76,38.5,0.0,544.0,0.0,0,1
14262,2011-04-13 12:23:00,2011-04-13 12:23:00,1,240.0,196,16,78,1,240.0,1.0,0.0,196.0,0.0,3,0
14263,2010-10-12 14:09:00,2010-10-12 14:09:00,1,322.93,171,16,261,1,322.93,1.0,0.0,171.0,0.0,0,1
14264,2011-04-08 12:20:00,2010-04-07 13:21:00,5,1299.09,501,52,83,365,259.818,91.25,8.0,501.0,0.015968063872255488,1,0
14265,2010-09-01 12:20:00,2010-04-06 14:39:00,2,843.17,385,47,302,147,421.585,147.0,0.0,385.0,0.0,2,0
14266,2010-10-07 13:32:00,2010-10-07 13:32:00,1,40.56,24,1,266,1,40.56,1.0,0.0,24.0,0.0,0,1
14267,2011-06-30 10:09:00,2011-03-24 11:38:00,3,1516.24,530,25,0,97,505.41333333333336,48.5,15.0,530.0,0.02830188679245283,0,1
14268,2010-08-26 10:45:00,2010-08-26 10:45:00,1,354.85,147,19,308,1,354.85,1.0,0.0,147.0,0.0,0,1
14269,2010-09-26 12:53:00,2010-09-26 12:53:00,1,295.73,123,16,277,1,295.73,1.0,9.0,123.0,0.07317073170731707,0,1
14270,2011-01-12 09:33:00,2011-01-12 09:33:00,1,492.65000000000003,197,29,169,1,492.65000000000003,1.0,0.0,197.0,0.0,0,1
14271,2011-04-28 12:47:00,2010-10-26 17:01:00,2,214.18,148,38,63,183,107.09,183.0,0.0,148.0,0.0,0,1
14272,2011-03-30 13:57:00,2010-05-06 14:01:00,3,614.9399999999999,585,38,92,327,204.98,163.5,0.0,585.0,0.0,1,0
14273,2011-05-06 08:25:00,2011-04-11 13:24:00,2,218.7,109,10,55,24,109.35,24.0,0.0,109.0,0.0,1,0
14274,2010-01-22 12:51:00,2010-01-22 12:51:00,1,256.6,178,15,524,1,256.6,1.0,0.0,178.0,0.0,0,1
14275,2010-11-09 09:06:00,2010-04-11 12:32:00,6,1189.3799999999999,538,14,233,211,198.23,42.2,0.0,538.0,0.0,0,1
14276,2011-06-12 09:56:00,2010-02-17 13:10:00,6,1703.34,1174,63,18,479,283.89,95.8,53.0,1174.0,0.04514480408858603,1,0
14277,2011-05-11 13:20:00,2009-12-13 15:43:00,7,14638.64,88685,218,50,513,2091.2342857142858,85.5,87563.0,88685.0,0.9873484805773243,0,1
14278,2010-10-26 12:07:00,2010-10-26 12:07:00,1,205.83,131,13,247,1,205.83,1.0,0.0,131.0,0.0,0,1
14279,2010-07-07 08:42:00,2010-01-27 16:34:00,2,191.86,46,3,358,160,95.93,160.0,0.0,46.0,0.0,0,1
14280,2011-05-27 10:37:00,2011-05-27 10:37:00,1,134.04,52,8,34,1,134.04,1.0,0.0,52.0,0.0,0,1
14281,2010-10-27 14:45:00,2010-10-27 14:45:00,1,245.15,45,7,246,1,245.15,1.0,0.0,45.0,0.0,0,1
14282,2011-06-30 14:47:00,2010-02-15 11:22:00,17,5772.9,4092,87,0,500,339.58235294117645,31.25,4.0,4092.0,0.0009775171065493646,3,0
14283,2010-09-02 14:46:00,2010-05-19 12:22:00,4,628.4399999999999,550,36,301,106,157.10999999999999,35.333333333333336,0.0,550.0,0.0,0,1
14284,2010-02-24 12:06:00,2010-02-24 12:06:00,1,704.4,349,35,491,1,704.4,1.0,0.0,349.0,0.0,1,0
14285,2011-06-16 12:36:00,2009-12-08 14:13:00,5,1380.31,415,33,14,554,276.062,138.5,1.0,415.0,0.0024096385542168677,1,0
14286,2011-04-11 08:16:00,2009-12-04 08:40:00,5,5901.09,6455,218,80,492,1180.218,123.0,68.0,6455.0,0.010534469403563129,0,1
14287,2011-05-25 11:44:00,2011-05-25 11:41:00,2,83.28,216,4,36,1,41.64,1.0,25.0,216.0,0.11574074074074074,0,1
14288,2011-05-10 13:22:00,2011-05-10 13:22:00,1,426.6,188,16,51,1,426.6,1.0,1.0,188.0,0.005319148936170213,0,1
14289,2011-06-16 11:48:00,2011-02-23 12:33:00,4,723.52,252,31,14,112,180.88,37.333333333333336,0.0,252.0,0.0,1,0
14290,2010-12-13 10:24:00,2009-12-08 11:44:00,4,2979.4700000000003,905,59,199,369,744.8675000000001,123.0,86.0,905.0,0.09502762430939227,1,0
14291,2011-06-20 10:21:00,2009-12-09 10:46:00,18,6051.07,4653,201,10,557,336.17055555555555,32.76470588235294,5.0,4653.0,0.001074575542660649,1,0
14292,2011-05-19 17:25:00,2010-03-19 11:10:00,9,5479.53,2229,98,42,426,608.8366666666666,53.25,50.0,2229.0,0.02243158366980709,3,0
14293,2011-02-07 15:47:00,2009-12-10 10:57:00,7,2364.4700000000003,1111,63,143,424,337.7814285714286,70.66666666666667,144.0,1111.0,0.12961296129612962,1,0
14294,2010-10-28 16:25:00,2010-10-28 16:25:00,1,375.34,190,23,245,1,375.34,1.0,0.0,190.0,0.0,0,1
14295,2010-09-27 09:48:00,2009-12-08 09:49:00,4,2196.71,945,61,276,292,549.1775,97.33333333333333,7.0,945.0,0.007407407407407408,0,1
14296,2010-10-14 14:14:00,2010-05-14 14:34:00,2,456.40000000000003,314,27,259,152,228.20000000000002,152.0,1.0,314.0,0.0031847133757961785,0,1
14297,2011-03-10 08:31:00,2011-03-10 08:31:00,1,232.6,78,11,112,1,232.6,1.0,0.0,78.0,0.0,0,1
14298,2011-06-27 12:45:00,2009-12-11 13:49:00,69,70827.86,79709,1104,3,562,1026.490724637681,8.264705882352942,96.0,79709.0,0.0012043809356534394,10,0
14299,2011-01-25 14:44:00,2009-12-02 10:58:00,22,11670.57,6329,99,156,419,530.4804545454546,19.952380952380953,156.0,6329.0,0.024648443671986094,2,0
14301,2010-10-19 14:09:00,2010-02-11 13:07:00,3,1352.04,1080,29,254,250,450.68,125.0,7.0,1080.0,0.006481481481481481,1,0
14302,2010-10-05 08:10:00,2009-12-02 08:16:00,3,742.9000000000001,298,25,268,306,247.63333333333335,153.0,0.0,298.0,0.0,0,1
14303,2010-10-28 15:37:00,2010-10-01 10:31:00,2,277.94,218,21,245,27,138.97,27.0,0.0,218.0,0.0,0,1
14304,2011-05-01 11:50:00,2010-05-18 10:50:00,3,1725.01,775,69,60,348,575.0033333333333,174.0,88.0,775.0,0.1135483870967742,0,1
14306,2010-11-26 10:44:00,2010-01-31 13:42:00,4,1058.0800000000002,990,12,216,298,264.52000000000004,99.33333333333333,0.0,990.0,0.0,1,0
14307,2011-05-04 09:57:00,2009-12-07 13:06:00,7,2987.18,1937,150,57,512,426.73999999999995,85.33333333333333,1.0,1937.0,0.0005162622612287042,3,0
14308,2010-06-08 16:48:00,2010-06-08 16:39:00,2,1147.02,2,1,387,1,573.51,1.0,3.0,2.0,1.5,0,1
14309,2011-06-24 12:51:00,2010-06-07 10:24:00,8,2738.3,1914,112,6,382,342.2875,54.57142857142857,14.0,1914.0,0.0073145245559038665,1,0
14310,2010-10-03 12:34:00,2010-10-03 12:34:00,1,492.1,230,22,270,1,492.1,1.0,0.0,230.0,0.0,0,1
14311,2011-04-11 10:14:00,2010-05-21 10:28:00,2,516.45,235,31,80,324,258.225,324.0,21.0,235.0,0.08936170212765958,0,1
14312,2011-06-06 09:01:00,2010-07-23 15:05:00,9,2333.29,1277,120,24,317,259.25444444444446,39.625,0.0,1277.0,0.0,1,0
14314,2010-10-05 08:00:00,2010-10-05 08:00:00,1,109.80000000000001,36,2,268,1,109.80000000000001,1.0,2.0,36.0,0.05555555555555555,1,0
14315,2011-06-01 14:42:00,2010-03-15 12:49:00,4,1572.8899999999999,707,52,29,443,393.22249999999997,147.66666666666666,1.0,707.0,0.0014144271570014145,3,0
14316,2010-10-13 16:31:00,2010-03-19 15:18:00,5,1370.34,4494,21,260,208,274.068,52.0,12.0,4494.0,0.0026702269692923898,0,1
14318,2010-09-05 15:32:00,2010-09-05 15:32:00,1,158.02,152,9,298,1,158.02,1.0,0.0,152.0,0.0,0,1
14319,2010-10-11 13:38:00,2010-10-11 13:38:00,1,494.85,329,26,262,1,494.85,1.0,2.0,329.0,0.0060790273556231,0,1
14320,2011-05-17 09:24:00,2010-01-21 11:44:00,5,1346.75,713,68,44,480,269.35,120.0,87.0,713.0,0.12201963534361851,0,1
14321,2011-06-16 11:38:00,2010-08-23 12:56:00,4,1314.24,2023,111,14,296,328.56,98.66666666666667,4.0,2023.0,0.001977261492832427,2,0
14322,2010-10-06 15:17:00,2010-02-18 08:49:00,4,474.1,158,10,267,230,118.525,76.66666666666667,16.0,158.0,0.10126582278481013,0,1
14323,2011-04-15 11:44:00,2011-04-15 11:44:00,1,299.82,222,19,76,1,299.82,1.0,10.0,222.0,0.04504504504504504,1,0
14324,2010-10-26 11:44:00,2010-01-15 13:31:00,2,701.61,402,41,247,283,350.805,283.0,0.0,402.0,0.0,0,1
14325,2010-05-19 09:20:00,2010-05-19 09:20:00,1,245.48000000000002,320,18,407,1,245.48000000000002,1.0,0.0,320.0,0.0,0,1
14326,2011-04-11 15:04:00,2010-06-25 12:10:00,3,940.98,572,54,80,290,313.66,145.0,4.0,572.0,0.006993006993006993,0,1
14327,2011-06-29 13:58:00,2010-01-08 14:04:00,6,1894.93,1296,99,1,536,315.82166666666666,107.2,0.0,1296.0,0.0,0,1
14328,2010-09-27 16:01:00,2010-09-27 16:01:00,1,445.05,1,1,276,1,445.05,1.0,2.0,1.0,2.0,0,1
14329,2011-06-28 15:36:00,2009-12-16 15:31:00,11,7998.06,4749,302,2,559,727.0963636363637,55.9,25.0,4749.0,0.0052642661612971155,1,0
14330,2010-03-26 09:10:00,2010-03-26 09:10:00,1,200.63,103,13,461,1,200.63,1.0,0.0,103.0,0.0,0,1
14332,2010-11-23 15:24:00,2010-10-19 13:01:00,2,1077.2,412,31,219,35,538.6,35.0,0.0,412.0,0.0,1,0
14334,2011-05-20 10:37:00,2010-05-20 10:04:00,9,3444.5,2402,137,41,365,382.72222222222223,45.625,2.0,2402.0,0.0008326394671107411,2,0
14336,2011-05-25 14:44:00,2011-03-08 16:48:00,3,1114.39,989,53,36,77,371.46333333333337,38.5,0.0,989.0,0.0,0,1
14338,2011-05-27 13:30:00,2010-06-21 10:32:00,2,919.85,621,43,34,340,459.925,340.0,5.0,621.0,0.008051529790660225,1,0
14339,2011-04-11 11:06:00,2010-10-07 08:50:00,2,620.27,456,21,80,186,310.135,186.0,18.0,456.0,0.039473684210526314,0,1
14340,2011-05-05 09:44:00,2011-05-05 09:44:00,1,134.7,58,6,56,1,134.7,1.0,0.0,58.0,0.0,0,1
14341,2011-05-08 15:16:00,2009-12-01 12:20:00,14,2988.19,1834,126,53,523,213.44214285714287,40.23076923076923,3.0,1834.0,0.0016357688113413304,2,0
14342,2011-05-13 13:50:00,2010-08-24 13:03:00,3,559.48,276,18,48,262,186.49333333333334,131.0,13.0,276.0,0.04710144927536232,1,0
14343,2010-10-14 13:05:00,2010-01-18 16:47:00,4,1079.66,626,193,259,268,269.915,89.33333333333333,0.0,626.0,0.0,0,1
14344,2011-05-17 09:40:00,2010-03-23 15:47:00,18,2749.0,1402,124,44,419,152.72222222222223,24.647058823529413,0.0,1402.0,0.0,2,0
14346,2011-02-15 13:52:00,2010-07-30 10:44:00,4,1556.61,1377,88,135,200,389.1525,66.66666666666667,0.0,1377.0,0.0,1,0
14347,2009-12-03 10:49:00,2009-12-03 10:49:00,1,82.6,48,6,574,1,82.6,1.0,0.0,48.0,0.0,0,1
14348,2011-03-24 16:23:00,2011-03-24 16:23:00,1,409.57,183,18,98,1,409.57,1.0,0.0,183.0,0.0,0,1
14350,2011-03-10 14:14:00,2010-10-05 15:52:00,3,972.03,543,55,112,155,324.01,77.5,17.0,543.0,0.03130755064456722,0,1
14351,2011-06-28 11:56:00,2011-06-28 11:56:00,1,51.0,12,1,2,1,51.0,1.0,0.0,12.0,0.0,0,1
14352,2011-04-19 08:17:00,2011-03-11 14:58:00,2,845.32,410,35,72,38,422.66,38.0,0.0,410.0,0.0,2,0
14353,2011-05-08 16:06:00,2010-10-04 12:38:00,3,376.5,344,18,53,216,125.5,108.0,0.0,344.0,0.0,0,1
14355,2010-12-09 12:16:00,2010-03-22 15:08:00,3,840.0500000000001,617,57,203,261,280.0166666666667,130.5,0.0,617.0,0.0,0,1
14358,2010-11-15 15:51:00,2010-10-07 17:26:00,2,400.06,338,21,227,38,200.03,38.0,1.0,338.0,0.0029585798816568047,0,1
14361,2010-05-10 12:29:00,2010-05-10 12:29:00,1,214.70999999999998,251,14,416,1,214.70999999999998,1.0,0.0,251.0,0.0,0,1
14363,2010-11-02 17:01:00,2010-09-14 14:39:00,2,227.47000000000003,105,8,240,49,113.73500000000001,49.0,0.0,105.0,0.0,0,1
14364,2011-06-28 13:17:00,2011-05-12 12:56:00,6,2808.0,1464,46,2,47,468.0,9.4,0.0,1464.0,0.0,2,0
14365,2010-11-10 09:52:00,2010-01-27 09:44:00,2,634.68,557,50,232,287,317.34,287.0,0.0,557.0,0.0,0,1
14366,2010-07-02 17:23:00,2010-07-02 17:23:00,1,136.0,16,1,363,1,136.0,1.0,0.0,16.0,0.0,0,1
14367,2011-06-08 13:04:00,2011-03-08 14:12:00,8,4116.77,1873,183,22,91,514.59625,13.0,25.0,1873.0,0.013347570742124934,4,0
14368,2011-01-24 09:52:00,2011-01-24 09:52:00,1,155.0,36,8,157,1,155.0,1.0,0.0,36.0,0.0,0,1
14369,2010-03-07 15:47:00,2010-02-16 10:28:00,2,469.13,255,24,480,19,234.565,19.0,0.0,255.0,0.0,0,1
14370,2010-09-15 10:53:00,2010-02-01 08:35:00,6,1175.78,266,37,288,226,195.96333333333334,45.2,9.0,266.0,0.03383458646616541,0,1
14371,2011-02-17 16:35:00,2011-02-17 16:35:00,1,100.5,34,4,133,1,100.5,1.0,0.0,34.0,0.0,0,1
14372,2010-09-22 16:17:00,2010-04-19 15:57:00,2,860.08,378,36,281,156,430.04,156.0,2.0,378.0,0.005291005291005291,0,1
14373,2010-12-16 15:40:00,2010-12-16 15:40:00,1,76.55,17,4,196,1,76.55,1.0,0.0,17.0,0.0,0,1
14374,2010-06-16 14:25:00,2010-06-16 14:25:00,1,108.0,20,7,379,1,108.0,1.0,0.0,20.0,0.0,0,1
14375,2011-06-07 13:44:00,2010-06-16 14:34:00,3,1106.82,647,176,23,355,368.94,177.5,0.0,647.0,0.0,0,1
14376,2010-01-25 15:36:00,2010-01-25 15:36:00,1,215.46,50,17,521,1,215.46,1.0,0.0,50.0,0.0,0,1
14377,2011-06-01 13:32:00,2011-03-22 13:38:00,2,617.05,219,11,29,70,308.525,70.0,0.0,219.0,0.0,0,1
14378,2010-03-28 12:22:00,2010-03-28 12:22:00,1,131.25,57,9,459,1,131.25,1.0,0.0,57.0,0.0,0,1
14379,2011-02-17 15:03:00,2010-08-16 15:31:00,3,1028.04,548,75,133,184,342.68,92.0,0.0,548.0,0.0,0,1
14380,2010-01-26 17:11:00,2010-01-26 17:11:00,1,48.96,1,1,520,1,48.96,1.0,1.0,1.0,1.0,0,1
14381,2010-09-14 16:15:00,2010-09-14 16:15:00,1,423.26,303,56,289,1,423.26,1.0,0.0,303.0,0.0,0,1
14382,2010-11-14 16:32:00,2010-11-14 16:32:00,1,578.14,436,137,228,1,578.14,1.0,1.0,436.0,0.0022935779816513763,0,1
14383,2011-06-29 10:18:00,2011-06-29 10:18:00,1,242.09,201,15,1,1,242.09,1.0,0.0,201.0,0.0,0,1
14384,2010-07-27 09:53:00,2010-07-27 09:53:00,1,58.5,30,3,338,1,58.5,1.0,0.0,30.0,0.0,0,1
14386,2011-02-16 09:45:00,2011-02-16 09:45:00,1,142.4,54,7,134,1,142.4,1.0,0.0,54.0,0.0,0,1
14388,2011-05-20 16:25:00,2010-01-20 11:54:00,11,4348.55,2994,130,41,485,395.32272727272726,48.5,16.0,2994.0,0.005344021376085505,3,0
14389,2011-06-02 12:04:00,2010-04-28 14:57:00,4,1165.69,848,40,28,399,291.4225,133.0,36.0,848.0,0.04245283018867924,0,1
14390,2011-05-12 17:03:00,2010-10-10 14:30:00,7,2541.59,1126,150,49,214,363.0842857142857,35.666666666666664,3.0,1126.0,0.0026642984014209592,1,0
14391,2010-05-12 09:42:00,2010-05-12 09:42:00,1,135.6,168,14,414,1,135.6,1.0,0.0,168.0,0.0,0,1
14392,2010-10-03 12:56:00,2010-10-03 12:56:00,1,266.4,114,14,270,1,266.4,1.0,0.0,114.0,0.0,0,1
14393,2011-05-05 18:16:00,2011-05-05 18:16:00,1,67.95,13,5,56,1,67.95,1.0,0.0,13.0,0.0,0,1
14394,2010-05-24 10:43:00,2010-05-24 10:43:00,1,93.8,58,6,402,1,93.8,1.0,0.0,58.0,0.0,0,1
14395,2011-06-15 12:21:00,2010-04-18 13:12:00,17,6274.34,3153,261,15,422,369.07882352941175,26.375,3.0,3153.0,0.0009514747859181732,1,0
14396,2010-12-03 15:19:00,2009-12-02 14:21:00,6,1591.74,773,167,209,366,265.29,73.2,0.0,773.0,0.0,0,1
14397,2011-06-21 09:30:00,2011-05-10 12:25:00,4,379.04,312,11,9,41,94.76,13.666666666666666,0.0,312.0,0.0,7,0
14398,2010-11-03 13:46:00,2010-06-30 11:57:00,2,707.79,267,50,239,126,353.895,126.0,0.0,267.0,0.0,0,1
14399,2010-11-10 13:23:00,2010-02-03 13:09:00,8,2108.21,965,119,232,280,263.52625,40.0,8.0,965.0,0.008290155440414507,0,1
14400,2010-10-27 13:59:00,2010-03-18 12:11:00,2,1157.77,1252,47,246,223,578.885,223.0,9.0,1252.0,0.00718849840255591,1,0
14401,2011-06-30 16:28:00,2009-12-14 13:22:00,14,4343.84,3400,111,0,563,310.2742857142857,43.30769230769231,20.0,3400.0,0.0058823529411764705,6,0
14402,2010-02-25 13:20:00,2010-02-25 13:20:00,1,285.6,240,8,490,1,285.6,1.0,0.0,240.0,0.0,0,1
14403,2011-05-06 16:48:00,2010-03-10 14:00:00,4,1380.71,621,20,55,422,345.1775,140.66666666666666,11.0,621.0,0.017713365539452495,2,0
14404,2011-06-23 12:36:00,2009-12-20 14:40:00,11,2288.09,1355,106,7,549,208.00818181818184,54.9,20.0,1355.0,0.014760147601476014,1,0
14405,2010-11-18 11:40:00,2010-11-18 11:40:00,1,195.0,100,2,224,1,195.0,1.0,0.0,100.0,0.0,0,1
14407,2011-05-18 12:28:00,2011-03-08 11:59:00,2,1002.6800000000001,416,33,43,71,501.34000000000003,71.0,2.0,416.0,0.004807692307692308,4,0
14408,2011-06-21 13:58:00,2009-12-07 12:18:00,8,2718.56,1549,38,9,561,339.82,80.14285714285714,0.0,1549.0,0.0,2,0
14409,2011-01-25 11:18:00,2010-05-21 16:45:00,6,2033.94,1424,52,156,248,338.99,49.6,72.0,1424.0,0.05056179775280899,3,0
14410,2011-05-17 12:49:00,2010-09-28 15:46:00,8,2305.63,1148,251,44,230,288.20375,32.857142857142854,18.0,1150.0,0.01565217391304348,3,0
14411,2011-02-02 10:56:00,2011-02-02 10:56:00,1,1063.0,196,14,148,1,1063.0,1.0,0.0,196.0,0.0,0,1
14412,2010-10-11 12:33:00,2010-10-11 12:33:00,1,656.16,642,41,262,1,656.16,1.0,0.0,642.0,0.0,1,0
14413,2010-12-12 13:37:00,2010-01-19 14:27:00,4,764.52,277,93,200,326,191.13,108.66666666666667,0.0,277.0,0.0,0,1
14414,2010-12-16 11:11:00,2010-11-30 10:12:00,2,1119.55,511,28,196,16,559.775,16.0,0.0,511.0,0.0,6,0
14415,2011-06-10 15:07:00,2009-12-16 14:08:00,16,8850.39,4526,358,20,541,553.149375,36.06666666666667,27.0,4526.0,0.005965532479010163,3,0
14417,2010-11-17 10:55:00,2010-11-17 10:55:00,1,524.65,543,106,225,1,524.65,1.0,0.0,543.0,0.0,0,1
14419,2011-04-01 11:47:00,2010-11-22 11:09:00,3,509.99,230,53,90,130,169.99666666666667,65.0,0.0,230.0,0.0,1,0
14420,2010-11-08 10:49:00,2010-01-17 12:41:00,3,1251.65,786,58,234,294,417.2166666666667,147.0,4.0,786.0,0.005089058524173028,1,0
14421,2011-05-12 10:49:00,2010-01-17 11:30:00,5,2111.44,1171,67,49,479,422.288,119.75,1.0,1171.0,0.0008539709649871904,0,1
14422,2011-06-22 15:07:00,2009-12-17 12:12:00,15,7040.03,3702,227,8,552,469.3353333333333,39.42857142857143,8.0,3702.0,0.0021609940572663426,1,0
14423,2011-05-05 15:12:00,2010-01-14 11:49:00,3,916.6099999999999,419,12,56,476,305.53666666666663,238.0,1.0,419.0,0.002386634844868735,0,1
14425,2010-10-01 10:24:00,2009-12-02 11:31:00,3,661.39,325,35,272,302,220.46333333333334,151.0,6.0,325.0,0.018461538461538463,0,1
14426,2011-06-14 12:31:00,2010-03-04 14:36:00,11,9456.2,5552,412,16,466,859.6545454545455,46.6,11.0,5552.0,0.0019812680115273776,2,0
14427,2010-08-02 11:25:00,2010-03-18 09:49:00,2,900.1800000000001,310,27,332,137,450.09000000000003,137.0,0.0,310.0,0.0,0,1
14428,2011-04-14 09:43:00,2011-01-18 16:39:00,2,330.62,145,25,77,85,165.31,85.0,4.0,145.0,0.027586206896551724,1,0
14429,2010-11-01 10:08:00,2010-11-01 10:08:00,1,516.28,286,22,241,1,516.28,1.0,0.0,286.0,0.0,0,1
14430,2010-07-16 11:35:00,2010-04-11 15:59:00,3,1220.9,446,29,349,95,406.9666666666667,47.5,38.0,446.0,0.08520179372197309,0,1
14431,2011-02-10 10:40:00,2010-01-21 10:49:00,4,2614.2,1202,72,140,384,653.55,128.0,6.0,1202.0,0.004991680532445923,0,1
14433,2010-08-31 12:35:00,2010-08-31 12:35:00,1,280.7,131,72,303,1,280.7,1.0,0.0,131.0,0.0,0,1
14435,2010-07-26 12:33:00,2010-07-26 12:33:00,1,90.42,282,3,339,1,90.42,1.0,0.0,282.0,0.0,0,1
14436,2010-06-04 11:32:00,2010-06-04 11:32:00,1,182.64000000000001,168,2,391,1,182.64000000000001,1.0,0.0,168.0,0.0,1,0
14437,2010-12-09 09:27:00,2010-05-05 12:20:00,5,873.34,420,34,203,217,174.668,54.25,6.0,420.0,0.014285714285714285,0,1
14438,2011-02-06 14:56:00,2011-02-06 14:56:00,1,131.9,82,9,144,1,131.9,1.0,0.0,82.0,0.0,0,1
14439,2011-01-24 11:39:00,2010-01-21 14:01:00,5,9443.04,2244,105,157,367,1888.6080000000002,91.75,0.0,2244.0,0.0,0,1
14440,2011-01-27 10:30:00,2009-12-02 12:13:00,10,4810.06,1358,55,154,420,481.00600000000003,46.666666666666664,10.0,1358.0,0.007363770250368188,1,0
14441,2011-03-29 12:01:00,2010-01-18 10:40:00,8,3255.64,922,76,93,435,406.955,62.142857142857146,11.0,922.0,0.01193058568329718,1,0
14442,2011-05-19 11:36:00,2010-01-18 12:59:00,7,5367.0199999999995,1431,128,42,485,766.7171428571428,80.83333333333333,10.0,1431.0,0.0069881201956673656,0,1
14443,2011-02-02 15:09:00,2010-11-25 14:18:00,3,1271.17,766,72,148,69,423.72333333333336,34.5,7.0,766.0,0.009138381201044387,1,0
14444,2010-09-09 18:56:00,2010-09-09 18:56:00,1,120.44,172,11,294,1,120.44,1.0,0.0,172.0,0.0,0,1
14445,2010-09-10 11:09:00,2010-09-10 11:09:00,1,221.65,83,32,293,1,221.65,1.0,0.0,83.0,0.0,0,1
14446,2011-04-07 12:10:00,2010-11-18 12:08:00,2,492.96999999999997,493,113,84,140,246.48499999999999,140.0,0.0,493.0,0.0,1,0
14447,2011-05-27 14:29:00,2010-11-04 13:32:00,3,1149.53,655,63,34,204,383.1766666666667,102.0,0.0,655.0,0.0,0,1
14448,2010-12-10 17:26:00,2010-12-10 17:26:00,1,102.35000000000001,44,18,202,1,102.35000000000001,1.0,0.0,44.0,0.0,0,1
14449,2011-04-07 12:16:00,2010-09-29 13:15:00,6,1745.07,1196,211,84,189,290.84499999999997,37.8,0.0,1196.0,0.0,0,1
14450,2011-06-12 10:46:00,2010-04-08 12:09:00,7,1128.44,522,47,18,429,161.2057142857143,71.5,0.0,522.0,0.0,0,1
14451,2011-05-29 12:35:00,2010-01-17 10:35:00,11,2974.78,1563,218,32,497,270.43454545454546,49.7,34.0,1563.0,0.021753039027511197,0,1
14452,2010-11-09 14:13:00,2010-07-06 13:13:00,2,399.9,169,62,233,126,199.95,126.0,0.0,169.0,0.0,1,0
14453,2011-06-02 14:15:00,2011-06-02 14:15:00,1,119.93,49,22,28,1,119.93,1.0,0.0,49.0,0.0,0,1
14454,2010-11-28 13:26:00,2009-12-06 12:56:00,5,977.3,400,93,214,357,195.45999999999998,89.25,4.0,400.0,0.01,0,1
14455,2010-10-03 15:48:00,2010-08-01 13:26:00,4,617.72,706,65,270,63,154.43,21.0,37.0,706.0,0.05240793201133145,0,1
14457,2011-02-02 09:39:00,2011-02-02 09:39:00,1,113.64,88,4,148,1,113.64,1.0,0.0,88.0,0.0,0,1
14458,2010-11-24 12:43:00,2010-11-24 12:43:00,1,228.07,317,46,218,1,228.07,1.0,0.0,317.0,0.0,0,1
14459,2010-02-26 13:26:00,2010-02-26 13:26:00,1,3537.821,1543,76,489,1,3537.821,1.0,1.0,1543.0,0.0006480881399870382,1,0
14460,2011-06-21 12:40:00,2009-12-15 19:06:00,8,935.6999999999999,1515,29,9,552,116.96249999999999,78.85714285714286,118.0,1515.0,0.07788778877887789,1,0
14461,2011-06-14 13:15:00,2010-01-18 12:48:00,12,6320.07,2842,503,16,512,526.6725,46.54545454545455,2.0,2842.0,0.0007037297677691766,1,0
14462,2011-06-07 10:46:00,2010-10-03 14:13:00,8,1379.51,609,139,23,246,172.43875,35.142857142857146,31.0,609.0,0.05090311986863711,3,0
14463,2011-06-22 10:31:00,2010-07-28 11:35:00,3,566.37,158,6,8,328,188.79,164.0,0.0,158.0,0.0,1,0
14464,2010-05-20 18:00:00,2010-03-22 15:20:00,2,111.0,62,4,406,59,55.5,59.0,0.0,62.0,0.0,0,1
14465,2011-04-07 12:38:00,2010-01-07 15:03:00,11,3925.85,2539,128,84,454,356.8954545454545,45.4,0.0,2539.0,0.0,0,1
14466,2011-06-05 15:47:00,2009-12-13 15:44:00,10,3340.45,1959,73,25,539,334.04499999999996,59.888888888888886,0.0,1959.0,0.0,2,0
14467,2011-01-31 12:35:00,2009-12-02 12:44:00,9,1738.68,948,120,150,424,193.18666666666667,53.0,0.0,948.0,0.0,0,1
14468,2009-12-06 12:21:00,2009-12-06 12:21:00,1,204.23999999999998,164,12,571,1,204.23999999999998,1.0,0.0,164.0,0.0,0,1
14469,2010-10-19 14:30:00,2010-01-29 11:12:00,4,2093.46,973,120,254,263,523.365,87.66666666666667,0.0,973.0,0.0,0,1
14470,2011-02-25 11:56:00,2010-10-05 12:39:00,2,548.49,227,48,125,142,274.245,142.0,0.0,227.0,0.0,0,1
14471,2010-04-27 17:12:00,2009-12-07 12:26:00,2,400.95,187,38,429,141,200.475,141.0,0.0,187.0,0.0,0,1
14472,2011-06-05 12:44:00,2010-01-19 13:09:00,6,1723.26,1029,158,25,501,287.21,100.2,0.0,1029.0,0.0,3,0
14473,2011-03-02 13:56:00,2011-03-02 13:56:00,1,85.0,10,1,120,1,85.0,1.0,0.0,10.0,0.0,1,0
14474,2010-05-09 12:12:00,2010-05-09 12:12:00,1,711.23,308,97,417,1,711.23,1.0,0.0,308.0,0.0,0,1
14475,2011-06-06 13:06:00,2010-10-27 09:20:00,3,847.47,337,28,24,222,282.49,111.0,19.0,337.0,0.05637982195845697,1,0
14476,2011-03-27 15:39:00,2011-03-27 15:39:00,1,193.0,110,17,95,1,193.0,1.0,0.0,110.0,0.0,0,1
14477,2011-06-08 13:33:00,2010-01-04 15:41:00,5,1183.0,700,5,22,519,236.6,129.75,4.0,700.0,0.005714285714285714,0,1
14478,2010-11-22 15:29:00,2009-12-01 13:20:00,4,1276.66,1226,59,220,356,319.165,118.66666666666667,0.0,1226.0,0.0,0,1
14479,2011-03-31 09:07:00,2009-12-06 13:48:00,4,1124.71,562,127,91,479,281.1775,159.66666666666666,0.0,562.0,0.0,0,1
14480,2010-11-02 12:35:00,2009-12-21 16:32:00,3,1020.47,527,43,240,315,340.1566666666667,157.5,1.0,527.0,0.0018975332068311196,0,1
14481,2011-06-28 10:38:00,2010-01-31 12:43:00,5,2284.69,1568,114,2,512,456.938,128.0,1.0,1568.0,0.0006377551020408163,0,1
14482,2011-04-14 16:41:00,2010-08-26 14:13:00,7,2522.01,1353,99,77,231,360.2871428571429,38.5,86.0,1353.0,0.06356245380635625,1,0
14483,2011-03-03 10:26:00,2009-12-03 10:16:00,2,257.1,193,13,119,455,128.55,455.0,0.0,193.0,0.0,0,1
14484,2010-11-03 13:50:00,2009-12-17 10:57:00,3,749.0600000000001,534,37,239,321,249.6866666666667,160.5,0.0,534.0,0.0,0,1
14486,2010-07-16 09:42:00,2010-06-04 10:30:00,2,175.5,90,4,349,41,87.75,41.0,0.0,90.0,0.0,0,1
14487,2010-12-06 13:22:00,2010-11-25 13:36:00,2,225.89000000000001,86,32,206,10,112.94500000000001,10.0,1.0,86.0,0.011627906976744186,3,0
14489,2011-05-16 14:51:00,2010-04-06 09:52:00,4,1574.93,1011,65,45,405,393.7325,135.0,0.0,1011.0,0.0,0,1
14490,2010-10-29 15:04:00,2010-10-07 11:36:00,2,1273.47,933,72,244,22,636.735,22.0,0.0,933.0,0.0,0,1
14491,2011-06-17 15:22:00,2010-12-02 12:10:00,2,340.93,139,17,13,197,170.465,197.0,0.0,139.0,0.0,0,1
14492,2010-10-05 13:21:00,2010-03-30 14:23:00,7,1921.91,751,70,268,188,274.55857142857144,31.333333333333332,112.0,751.0,0.14913448735019974,0,1
14493,2010-11-14 16:16:00,2010-03-08 08:33:00,5,2704.62,1863,204,228,251,540.924,62.75,6.0,1863.0,0.00322061191626409,1,0
14494,2010-11-03 13:13:00,2009-12-08 13:25:00,2,261.9,118,10,239,329,130.95,329.0,0.0,118.0,0.0,0,1
14495,2010-02-18 08:49:00,2010-02-18 08:49:00,1,51.0,6,1,497,1,51.0,1.0,1.0,6.0,0.16666666666666666,1,0
14496,2011-02-01 09:01:00,2010-03-16 13:15:00,7,2363.89,905,64,149,321,337.6985714285714,53.5,11.0,905.0,0.012154696132596685,0,1
14497,2011-02-03 17:01:00,2010-02-04 09:59:00,2,697.0600000000001,332,40,147,364,348.53000000000003,364.0,2.0,332.0,0.006024096385542169,0,1
14498,2011-06-06 14:34:00,2010-06-07 16:05:00,7,2256.75,1188,163,24,363,322.39285714285717,60.5,0.0,1188.0,0.0,2,0
14499,2011-03-06 11:55:00,2010-08-27 11:57:00,5,1416.22,805,119,116,190,283.244,47.5,9.0,805.0,0.011180124223602485,1,0
14500,2011-06-03 10:08:00,2011-06-03 10:08:00,1,284.85,103,4,27,1,284.85,1.0,0.0,103.0,0.0,2,0
14501,2011-06-09 12:02:00,2011-01-24 10:43:00,2,251.21,161,9,21,136,125.605,136.0,0.0,161.0,0.0,0,1
14502,2011-04-19 12:22:00,2011-01-30 15:52:00,6,1059.94,437,176,72,78,176.65666666666667,15.6,11.0,437.0,0.02517162471395881,1,0
14503,2011-06-14 10:00:00,2011-06-14 10:00:00,1,597.07,381,40,16,1,597.07,1.0,0.0,381.0,0.0,1,0
14504,2011-04-10 16:01:00,2011-03-06 14:38:00,3,542.71,263,81,81,35,180.90333333333334,17.5,0.0,263.0,0.0,0,1
14505,2011-05-19 13:35:00,2009-12-09 14:48:00,16,9179.51,3922,737,42,525,573.719375,35.0,69.0,3922.0,0.017593064762876084,1,0
14506,2011-06-30 19:27:00,2010-04-19 08:27:00,5,1818.56,483,143,0,437,363.712,109.25,0.0,483.0,0.0,0,1
14507,2011-05-08 14:18:00,2009-12-10 17:04:00,8,2464.17,1233,169,53,513,308.02125,73.28571428571429,43.0,1233.0,0.034874290348742905,1,0
14508,2010-11-28 13:21:00,2010-06-17 13:02:00,3,554.87,218,100,214,164,184.95666666666668,82.0,13.0,218.0,0.05963302752293578,1,0
14509,2010-06-23 13:21:00,2010-06-23 13:21:00,1,110.95,38,25,372,1,110.95,1.0,0.0,38.0,0.0,0,1
14510,2010-11-29 12:46:00,2010-09-29 13:35:00,3,979.85,793,67,213,60,326.6166666666667,30.0,6.0,793.0,0.007566204287515763,0,1
14512,2011-06-05 12:39:00,2009-12-07 13:49:00,7,1215.97,736,55,25,544,173.71,90.66666666666667,0.0,736.0,0.0,0,1
14513,2011-05-17 12:21:00,2010-05-20 17:57:00,5,649.77,401,15,44,361,129.954,90.25,6.0,401.0,0.014962593516209476,1,0
14514,2011-05-22 15:12:00,2009-12-13 13:21:00,8,3792.95,1971,197,39,525,474.11875,75.0,1.0,1971.0,0.0005073566717402334,0,1
14515,2011-06-01 12:54:00,2010-06-07 12:37:00,8,2412.82,1154,72,29,359,301.6025,51.285714285714285,10.0,1154.0,0.008665511265164644,0,1
14516,2010-07-11 14:07:00,2010-07-11 14:07:00,1,151.17,63,35,354,1,151.17,1.0,0.0,63.0,0.0,0,1
14519,2010-01-25 11:18:00,2009-12-11 10:40:00,2,203.14,81,38,521,45,101.57,45.0,0.0,81.0,0.0,0,1
14520,2011-02-22 09:15:00,2011-02-22 09:15:00,1,165.0,100,1,128,1,165.0,1.0,0.0,100.0,0.0,0,1
14521,2010-08-05 16:35:00,2010-08-05 16:35:00,1,199.45000000000002,211,17,329,1,199.45000000000002,1.0,8.0,211.0,0.037914691943127965,0,1
14522,2011-05-25 16:01:00,2010-01-24 13:55:00,5,1052.51,599,27,36,486,210.502,121.5,0.0,599.0,0.0,2,0
14524,2011-06-14 12:46:00,2010-10-19 11:44:00,9,2094.9,916,211,16,238,232.76666666666668,29.75,0.0,916.0,0.0,3,0
14525,2011-06-07 12:34:00,2009-12-13 14:01:00,13,5742.68,3528,268,23,540,441.74461538461543,45.0,20.0,3528.0,0.005668934240362812,2,0
14526,2010-11-15 13:32:00,2010-11-15 13:32:00,1,258.65,178,41,227,1,258.65,1.0,0.0,178.0,0.0,0,1
14527,2011-06-29 14:17:00,2009-12-02 12:06:00,97,22658.97,5534,535,1,574,233.5976288659794,5.979166666666667,185.0,5534.0,0.03342970726418504,13,0
14530,2011-06-07 14:30:00,2010-01-21 11:25:00,13,4723.8,2255,227,23,502,363.3692307692308,41.833333333333336,15.0,2255.0,0.0066518847006651885,2,0
14531,2010-08-17 10:16:00,2010-08-17 10:16:00,1,376.34,260,29,317,1,376.34,1.0,0.0,260.0,0.0,0,1
14532,2011-04-17 13:05:00,2010-01-10 11:47:00,11,3845.78,1111,209,74,462,349.61636363636364,46.2,1.0,1111.0,0.0009000900090009,0,1
14533,2010-12-22 11:07:00,2010-04-08 12:13:00,5,1950.15,2559,32,190,257,390.03000000000003,64.25,13.0,2559.0,0.005080109417741305,2,0
14534,2011-06-23 14:11:00,2010-03-15 14:16:00,18,4071.75,1868,327,7,464,226.20833333333334,27.294117647058822,16.0,1868.0,0.008565310492505354,4,0
14535,2011-04-05 12:50:00,2010-02-24 15:03:00,7,3971.26,1850,437,86,404,567.3228571428572,67.33333333333333,20.0,1850.0,0.010810810810810811,1,0
14536,2011-03-25 12:21:00,2011-03-25 12:21:00,1,170.95,39,18,97,1,170.95,1.0,0.0,39.0,0.0,0,1
14537,2010-03-26 13:44:00,2010-03-26 13:44:00,1,285.84000000000003,108,13,461,1,285.84000000000003,1.0,1.0,108.0,0.009259259259259259,0,1
14538,2011-03-28 14:57:00,2010-01-25 15:42:00,4,1089.0900000000001,159,30,94,426,272.27250000000004,142.0,0.0,159.0,0.0,0,1
14540,2011-02-03 15:02:00,2009-12-07 13:00:00,9,2952.88,1306,149,147,423,328.09777777777776,52.875,2.0,1306.0,0.0015313935681470138,1,0
14541,2011-06-24 10:31:00,2010-01-07 11:59:00,13,2345.38,1079,99,6,532,180.41384615384615,44.333333333333336,0.0,1079.0,0.0,0,1
14542,2011-06-07 08:19:00,2011-06-07 08:19:00,1,103.25,19,5,23,1,103.25,1.0,0.0,19.0,0.0,0,1
14543,2011-06-21 13:37:00,2009-12-01 13:47:00,34,13760.34,2485,99,9,566,404.7158823529412,17.151515151515152,570.0,2485.0,0.22937625754527163,3,0
14544,2010-12-13 12:50:00,2010-08-26 16:00:00,2,2036.0,1712,111,199,108,1018.0,108.0,0.0,1712.0,0.0,0,1
14545,2010-02-03 15:23:00,2010-02-03 15:23:00,1,349.25,236,23,512,1,349.25,1.0,0.0,236.0,0.0,0,1
14546,2011-05-22 11:41:00,2009-12-06 13:10:00,8,3485.79,1876,314,39,531,435.72375,75.85714285714286,51.0,1876.0,0.027185501066098083,1,0
14548,2011-01-26 08:38:00,2009-12-06 14:00:00,8,2214.89,858,66,155,415,276.86125,59.285714285714285,0.0,858.0,0.0,1,0
14549,2011-02-01 13:47:00,2009-12-02 14:06:00,4,913.6,394,117,149,425,228.4,141.66666666666666,0.0,394.0,0.0,0,1
14550,2010-11-16 14:05:00,2010-08-13 12:05:00,2,587.69,382,46,226,95,293.845,95.0,0.0,382.0,0.0,0,1
14551,2011-05-19 18:21:00,2010-01-27 12:06:00,6,817.29,446,68,42,477,136.215,95.4,11.0,446.0,0.02466367713004484,0,1
14552,2010-11-24 12:36:00,2010-04-26 13:44:00,2,343.71,168,80,218,211,171.855,211.0,0.0,168.0,0.0,1,0
14553,2011-05-05 11:08:00,2010-07-18 12:07:00,6,1271.65,807,169,56,290,211.9416666666667,58.0,2.0,807.0,0.0024783147459727386,0,1
14555,2011-02-10 17:19:00,2009-12-18 11:39:00,5,2177.83,810,93,140,419,435.566,104.75,3.0,810.0,0.003703703703703704,0,1
14556,2010-04-22 14:57:00,2010-01-20 11:49:00,3,815.69,323,158,434,92,271.8966666666667,46.0,0.0,323.0,0.0,0,1
14558,2010-02-23 12:51:00,2009-12-08 10:41:00,3,655.5,162,13,492,77,218.5,38.5,4.0,162.0,0.024691358024691357,0,1
14559,2010-11-14 16:05:00,2010-11-14 16:05:00,1,75.6,72,2,228,1,75.6,1.0,0.0,72.0,0.0,0,1
14560,2011-06-30 17:16:00,2009-12-02 10:15:00,32,5125.26,3557,51,0,575,160.164375,18.548387096774192,1.0,3557.0,0.000281135788585887,5,0
14561,2011-06-30 13:43:00,2011-06-08 13:26:00,2,566.99,375,35,0,22,283.495,22.0,0.0,375.0,0.0,1,0
14562,2011-06-09 19:55:00,2010-02-07 14:10:00,12,2737.37,1254,164,21,487,228.11416666666665,44.27272727272727,0.0,1254.0,0.0,6,0
14563,2010-07-18 12:01:00,2010-04-26 12:51:00,2,640.54,279,95,347,82,320.27,82.0,0.0,279.0,0.0,0,1
14564,2010-10-01 09:02:00,2009-12-04 09:27:00,2,2605.62,1295,107,272,300,1302.81,300.0,11.0,1295.0,0.008494208494208495,0,1
14565,2011-05-18 13:09:00,2010-08-23 09:48:00,3,2637.65,1299,104,43,268,879.2166666666667,134.0,5.0,1299.0,0.003849114703618168,2,0
14566,2010-10-18 14:57:00,2010-06-24 10:34:00,3,2660.0,1600,8,255,116,886.6666666666666,58.0,0.0,1600.0,0.0,1,0
14568,2010-09-30 17:15:00,2010-09-30 17:15:00,1,919.7,645,47,273,1,919.7,1.0,12.0,645.0,0.018604651162790697,0,1
14569,2010-09-13 10:51:00,2010-04-15 11:49:00,3,369.94,178,21,290,150,123.31333333333333,75.0,0.0,178.0,0.0,0,1
14570,2011-03-04 10:58:00,2010-09-22 13:07:00,3,613.75,431,64,118,162,204.58333333333334,81.0,0.0,431.0,0.0,0,1
14571,2010-10-10 15:06:00,2010-10-10 15:06:00,1,160.0,56,30,263,1,160.0,1.0,0.0,56.0,0.0,0,1
14572,2011-03-30 16:34:00,2010-03-28 13:47:00,7,3795.67,1919,251,92,367,542.2385714285714,61.166666666666664,2.0,1919.0,0.0010422094841063053,2,0
14573,2011-06-13 11:15:00,2010-01-08 16:34:00,13,2163.12,683,183,17,520,166.39384615384614,43.333333333333336,6.0,683.0,0.008784773060029283,0,1
14574,2009-12-07 12:42:00,2009-12-07 12:42:00,1,143.70000000000002,63,11,570,1,143.70000000000002,1.0,0.0,63.0,0.0,0,1
14575,2010-08-08 14:51:00,2010-08-08 14:51:00,1,420.22,163,71,326,1,420.22,1.0,0.0,163.0,0.0,0,1
14576,2010-12-02 17:51:00,2010-12-02 17:51:00,1,35.400000000000006,12,1,210,1,35.400000000000006,1.0,0.0,12.0,0.0,0,1
14577,2011-06-29 11:46:00,2009-12-11 12:09:00,6,1151.08,496,95,1,564,191.84666666666666,112.8,0.0,496.0,0.0,0,1
14579,2010-10-03 14:36:00,2010-10-03 14:36:00,1,105.56,56,24,270,1,105.56,1.0,0.0,56.0,0.0,0,1
14580,2010-07-09 15:20:00,2010-07-09 15:20:00,1,14.850000000000001,3,1,356,1,14.850000000000001,1.0,0.0,3.0,0.0,0,1
14581,2010-06-13 15:48:00,2010-06-13 15:48:00,1,271.05,87,43,382,1,271.05,1.0,0.0,87.0,0.0,0,1
14583,2011-06-27 12:28:00,2010-03-28 15:16:00,6,1111.76,727,247,3,455,185.29333333333332,91.0,0.0,727.0,0.0,1,0
14584,2011-06-23 18:33:00,2010-02-17 14:01:00,8,1738.16,960,127,7,491,217.27,70.14285714285714,4.0,960.0,0.004166666666666667,0,1
14585,2010-11-22 12:44:00,2010-10-19 12:17:00,4,986.22,539,64,220,34,246.555,11.333333333333334,0.0,539.0,0.0,0,1
14586,2011-03-08 10:04:00,2011-03-08 10:04:00,1,237.36,444,19,114,1,237.36,1.0,208.0,444.0,0.46846846846846846,0,1
14587,2011-06-08 14:09:00,2011-01-12 13:16:00,8,1452.68,716,166,22,147,181.585,21.0,2.0,716.0,0.002793296089385475,0,1
14588,2010-05-10 15:08:00,2010-05-10 15:08:00,1,135.39,62,16,416,1,135.39,1.0,0.0,62.0,0.0,0,1
14589,2010-12-03 11:42:00,2010-12-03 11:42:00,1,39.75,5,3,209,1,39.75,1.0,0.0,5.0,0.0,0,1
14590,2010-10-11 12:06:00,2009-12-07 14:10:00,20,2993.37,901,124,262,307,149.6685,16.157894736842106,23.0,901.0,0.025527192008879023,0,1
14591,2011-05-10 14:09:00,2011-05-10 14:09:00,1,204.02,91,33,51,1,204.02,1.0,0.0,91.0,0.0,0,1
14593,2011-05-25 11:21:00,2009-12-09 12:57:00,11,3387.97,1636,369,36,531,307.99727272727273,53.1,13.0,1636.0,0.007946210268948655,0,1
14594,2010-12-01 13:54:00,2010-12-01 13:54:00,1,255.0,146,31,211,1,255.0,1.0,0.0,146.0,0.0,0,1
14595,2011-01-30 13:36:00,2010-01-20 13:59:00,3,587.6500000000001,326,30,151,374,195.88333333333335,187.0,0.0,326.0,0.0,1,0
14596,2010-03-23 12:13:00,2010-03-23 12:13:00,1,222.22000000000003,75,50,464,1,222.22000000000003,1.0,0.0,75.0,0.0,0,1
14597,2011-06-01 12:33:00,2010-09-28 13:17:00,5,1483.49,988,44,29,245,296.698,61.25,0.0,988.0,0.0,0,1
14598,2010-05-19 13:07:00,2010-05-19 13:07:00,1,162.07,165,40,407,1,162.07,1.0,165.0,165.0,1.0,0,1
14599,2010-11-14 14:49:00,2010-07-18 15:54:00,2,457.89,292,77,228,118,228.945,118.0,0.0,292.0,0.0,0,1
14600,2011-02-07 09:48:00,2010-11-11 15:56:00,2,865.1700000000001,487,53,143,87,432.58500000000004,87.0,0.0,487.0,0.0,0,1
14602,2010-02-21 15:47:00,2010-02-21 15:47:00,1,205.35999999999999,80,31,494,1,205.35999999999999,1.0,0.0,80.0,0.0,0,1
14603,2011-03-10 10:27:00,2011-03-10 10:27:00,1,660.0,400,2,112,1,660.0,1.0,0.0,400.0,0.0,0,1
14604,2010-03-16 13:00:00,2010-03-16 13:00:00,1,143.85999999999999,88,20,471,1,143.85999999999999,1.0,0.0,88.0,0.0,0,1
14605,2010-11-30 14:07:00,2009-12-08 13:59:00,4,921.5600000000001,416,88,212,357,230.39000000000001,119.0,0.0,416.0,0.0,0,1
14606,2011-06-29 12:59:00,2009-12-03 12:40:00,155,25549.71,13037,1190,1,573,164.8368387096774,3.720779220779221,131.0,13037.0,0.010048324000920457,20,0
14607,2011-03-23 15:22:00,2009-12-15 11:25:00,9,8048.63,4109,76,99,463,894.2922222222222,57.875,111.0,4109.0,0.027013871988318325,0,1
14608,2010-12-12 14:49:00,2009-12-06 12:34:00,8,1771.79,538,10,200,371,221.47375,53.0,10.0,538.0,0.01858736059479554,1,0
14609,2011-06-15 09:33:00,2010-02-09 09:48:00,8,1179.84,8814,6,15,490,147.48,70.0,2400.0,8814.0,0.27229407760381213,2,0
14610,2010-11-09 10:58:00,2010-07-13 16:06:00,2,24.35,15,10,233,118,12.175,118.0,0.0,15.0,0.0,0,1
14611,2010-09-22 09:19:00,2010-04-20 10:19:00,2,604.3299999999999,582,37,281,154,302.16499999999996,154.0,1.0,582.0,0.001718213058419244,0,1
14612,2010-10-20 16:01:00,2010-10-20 16:01:00,1,877.7,134,14,253,1,877.7,1.0,0.0,134.0,0.0,0,1
14613,2010-01-28 13:02:00,2010-01-28 13:02:00,1,76.32000000000001,72,1,518,1,76.32000000000001,1.0,0.0,72.0,0.0,0,1
14614,2010-11-18 13:04:00,2010-11-18 13:04:00,1,295.13,189,19,224,1,295.13,1.0,0.0,189.0,0.0,0,1
14615,2010-11-10 13:36:00,2010-06-09 13:59:00,5,951.76,495,40,232,153,190.352,38.25,14.0,495.0,0.028282828282828285,0,1
14616,2011-04-11 09:54:00,2010-06-09 09:42:00,5,527.78,170,3,80,306,105.556,76.5,0.0,170.0,0.0,0,1
14617,2010-11-02 11:41:00,2010-10-20 10:40:00,2,190.47000000000003,81,7,240,13,95.23500000000001,13.0,0.0,81.0,0.0,0,1
14618,2011-01-06 11:59:00,2010-06-11 10:11:00,5,1000.6800000000001,532,35,175,209,200.13600000000002,52.25,4.0,532.0,0.007518796992481203,0,1
14619,2011-04-08 07:37:00,2010-06-16 14:41:00,2,1291.24,594,58,83,295,645.62,295.0,7.0,594.0,0.011784511784511785,0,1
14620,2011-05-18 11:58:00,2011-03-01 08:30:00,2,412.78000000000003,214,26,43,78,206.39000000000001,78.0,26.0,214.0,0.12149532710280374,0,1
14621,2011-06-05 13:05:00,2010-01-25 09:08:00,6,1848.52,995,88,25,496,308.08666666666664,99.2,29.0,995.0,0.02914572864321608,1,0
14622,2011-06-08 12:42:00,2011-06-08 12:42:00,1,320.58000000000004,146,21,22,1,320.58000000000004,1.0,0.0,146.0,0.0,0,1
14623,2011-06-06 13:46:00,2010-04-16 17:12:00,7,1528.14,802,157,24,415,218.3057142857143,69.16666666666667,3.0,802.0,0.003740648379052369,1,0
14624,2010-10-20 15:16:00,2010-04-14 10:44:00,4,588.22,483,30,253,189,147.055,63.0,0.0,483.0,0.0,0,1
14625,2011-05-27 15:32:00,2009-12-16 13:23:00,11,4497.88,2155,167,34,527,408.89818181818185,52.7,11.0,2155.0,0.005104408352668214,0,1
14626,2011-04-20 13:18:00,2009-12-10 14:57:00,8,3206.55,2164,112,71,495,400.81875,70.71428571428571,15.0,2164.0,0.006931608133086876,1,0
14627,2010-11-25 16:32:00,2010-11-25 16:32:00,1,462.75,284,29,217,1,462.75,1.0,15.0,284.0,0.0528169014084507,0,1
14628,2011-04-11 14:43:00,2010-01-25 14:40:00,4,1657.6200000000001,981,60,80,441,414.40500000000003,147.0,0.0,981.0,0.0,1,0
14630,2010-08-12 16:38:00,2010-08-12 16:38:00,1,338.65,111,21,322,1,338.65,1.0,0.0,111.0,0.0,0,1
14631,2011-04-18 16:49:00,2010-08-09 14:45:00,5,1648.79,1137,55,73,252,329.758,63.0,12.0,1137.0,0.010554089709762533,0,1
14632,2011-03-22 08:49:00,2011-03-22 08:49:00,1,114.56,96,8,100,1,114.56,1.0,0.0,96.0,0.0,0,1
14633,2011-03-18 17:07:00,2011-03-18 17:07:00,1,344.90000000000003,96,20,104,1,344.90000000000003,1.0,0.0,96.0,0.0,0,1
14634,2010-09-28 10:40:00,2010-06-16 09:48:00,4,2124.46,1906,105,275,104,531.115,34.666666666666664,56.0,1906.0,0.02938090241343127,0,1
14635,2010-09-12 10:47:00,2010-09-12 10:47:00,1,215.22,118,15,291,1,215.22,1.0,0.0,118.0,0.0,0,1
14636,2011-03-16 09:52:00,2011-03-16 09:52:00,1,300.19,117,16,106,1,300.19,1.0,0.0,117.0,0.0,0,1
14637,2010-01-31 15:52:00,2010-01-31 15:52:00,1,106.67999999999999,100,7,515,1,106.67999999999999,1.0,0.0,100.0,0.0,0,1
14639,2011-02-21 13:21:00,2010-02-16 12:35:00,5,3229.6,1490,133,129,370,645.92,92.5,3.0,1490.0,0.0020134228187919465,2,0
14640,2011-06-22 15:41:00,2010-01-22 15:44:00,6,2344.03,1050,118,8,515,390.6716666666667,103.0,41.0,1050.0,0.039047619047619046,2,0
14643,2011-06-22 14:41:00,2009-12-11 11:52:00,5,1679.89,1377,57,8,558,335.978,139.5,60.0,1377.0,0.04357298474945534,0,1
14644,2011-02-14 14:14:00,2009-12-03 16:24:00,6,1604.46,578,37,136,437,267.41,87.4,9.0,578.0,0.015570934256055362,0,1
14645,2011-03-09 09:52:00,2010-03-15 11:33:00,2,519.9,284,26,113,358,259.95,358.0,13.0,284.0,0.045774647887323945,1,0
14646,2011-06-28 11:22:00,2009-12-02 16:52:00,110,384398.61,267699,766,2,572,3494.532818181818,5.247706422018348,1844.0,267763.0,0.006886687107628762,14,0
14647,2011-05-22 13:40:00,2010-07-04 13:27:00,2,506.04,175,42,39,322,253.02,322.0,0.0,175.0,0.0,0,1
14648,2010-10-19 13:12:00,2009-12-10 13:59:00,15,4466.65,3265,286,254,312,297.77666666666664,22.285714285714285,41.0,3265.0,0.012557427258805513,0,1
14649,2011-05-11 14:42:00,2010-01-20 13:10:00,7,2830.72,1760,301,50,476,404.3885714285714,79.33333333333333,3.0,1760.0,0.0017045454545454545,1,0
14650,2010-04-29 20:27:00,2010-04-29 20:27:00,1,62.5,22,4,427,1,62.5,1.0,0.0,22.0,0.0,0,1
14651,2011-05-12 16:29:00,2010-03-18 11:39:00,8,1787.24,722,185,49,420,223.405,60.0,0.0,722.0,0.0,0,1
14653,2011-01-05 13:41:00,2009-12-02 11:51:00,6,2011.22,1329,150,176,399,335.2033333333333,79.8,0.0,1329.0,0.0,0,1
14654,2009-12-01 12:57:00,2009-12-01 12:57:00,1,246.86,273,27,576,1,246.86,1.0,0.0,273.0,0.0,0,1
14655,2011-05-01 14:59:00,2010-04-22 14:29:00,4,2756.84,1774,55,60,374,689.21,124.66666666666667,15.0,1774.0,0.008455467869222097,1,0
14656,2011-06-23 13:51:00,2010-04-15 12:10:00,5,790.0,309,148,7,434,158.0,108.5,0.0,309.0,0.0,0,1
14657,2011-03-02 16:17:00,2010-09-30 19:57:00,4,1126.3700000000001,684,120,120,152,281.59250000000003,50.666666666666664,1.0,684.0,0.0014619883040935672,1,0
14659,2011-06-05 15:19:00,2011-01-28 12:43:00,5,1381.76,650,96,25,128,276.352,32.0,10.0,650.0,0.015384615384615385,2,0
14662,2011-04-19 12:26:00,2009-12-03 16:47:00,6,1147.34,651,139,72,501,191.22333333333333,100.2,0.0,651.0,0.0,0,1
14663,2010-10-05 13:21:00,2010-10-05 13:12:00,2,490.6,397,60,268,1,245.3,1.0,0.0,397.0,0.0,0,1
14665,2011-02-16 10:34:00,2010-04-26 11:17:00,5,1645.6100000000001,672,78,134,295,329.122,73.75,2.0,672.0,0.002976190476190476,1,0
14667,2011-06-21 11:33:00,2009-12-02 12:38:00,43,15971.57,9390,495,9,565,371.43186046511624,13.452380952380953,66.0,9390.0,0.007028753993610224,5,0
14668,2010-09-20 15:03:00,2010-09-20 15:03:00,1,111.63,49,10,283,1,111.63,1.0,0.0,49.0,0.0,0,1
14669,2011-04-12 11:43:00,2009-12-02 13:06:00,7,3216.78,2043,334,79,495,459.54,82.5,0.0,2043.0,0.0,0,1
14670,2011-03-04 14:13:00,2009-12-07 13:59:00,3,583.33,423,159,118,452,194.44333333333336,226.0,0.0,423.0,0.0,0,1
14671,2010-06-08 13:39:00,2010-05-20 18:21:00,2,1127.45,571,48,387,18,563.725,18.0,0.0,571.0,0.0,0,1
14672,2011-04-19 10:19:00,2010-01-28 11:33:00,4,1113.14,646,93,72,445,278.285,148.33333333333334,0.0,646.0,0.0,0,1
14673,2010-12-07 12:49:00,2010-10-26 10:14:00,3,1674.41,1031,65,205,42,558.1366666666667,21.0,0.0,1031.0,0.0,0,1
14674,2010-07-18 14:25:00,2010-07-18 14:25:00,1,173.66,103,14,347,1,173.66,1.0,0.0,103.0,0.0,0,1
14675,2010-11-16 12:22:00,2010-11-16 12:22:00,1,419.21999999999997,324,114,226,1,419.21999999999997,1.0,0.0,324.0,0.0,0,1
14676,2011-05-16 15:28:00,2010-03-10 09:30:00,9,6957.07,7372,66,45,432,773.0077777777777,54.0,48.0,7372.0,0.0065111231687466084,2,0
14677,2010-04-26 09:48:00,2010-04-26 09:48:00,1,184.91,139,14,430,1,184.91,1.0,0.0,139.0,0.0,0,1
14678,2010-05-09 14:32:00,2010-05-09 14:32:00,1,403.39,179,24,417,1,403.39,1.0,1.0,179.0,0.00558659217877095,0,1
14679,2010-11-23 11:51:00,2009-12-08 17:13:00,3,1289.44,794,49,219,349,429.81333333333333,174.5,5.0,794.0,0.006297229219143577,0,1
14680,2011-06-14 10:49:00,2009-12-04 12:36:00,52,42444.52,20573,215,16,556,816.2407692307692,10.901960784313726,382.0,20573.0,0.01856802605356535,5,0
14681,2011-05-12 10:45:00,2010-02-24 08:54:00,4,770.1500000000001,144,18,49,442,192.53750000000002,147.33333333333334,0.0,144.0,0.0,2,0
14682,2011-06-05 12:12:00,2010-02-05 14:47:00,6,1514.81,949,79,25,484,252.46833333333333,96.8,0.0,949.0,0.0,0,1
14683,2010-04-30 17:18:00,2010-04-30 17:18:00,1,146.56,386,21,426,1,146.56,1.0,0.0,386.0,0.0,0,1
14684,2011-05-08 12:58:00,2010-11-14 14:07:00,3,721.96,454,195,53,174,240.65333333333334,87.0,0.0,454.0,0.0,1,0
14685,2010-05-12 13:08:00,2009-12-13 11:32:00,8,4536.64,1969,109,414,150,567.08,21.428571428571427,60.0,1969.0,0.03047232097511427,0,1
14686,2010-10-21 18:31:00,2010-02-18 18:29:00,5,852.53,457,185,252,245,170.506,61.25,1.0,457.0,0.002188183807439825,0,1
14687,2010-11-04 18:56:00,2010-06-06 10:36:00,2,773.6800000000001,380,23,238,151,386.84000000000003,151.0,0.0,380.0,0.0,1,0
14688,2011-06-28 11:46:00,2010-09-09 12:35:00,19,4715.09,3689,154,2,291,248.16263157894738,16.166666666666668,9.0,3689.0,0.002439685551640011,5,0
14689,2011-05-15 11:22:00,2011-05-15 11:22:00,1,112.8,76,13,46,1,112.8,1.0,0.0,76.0,0.0,0,1
14690,2010-11-12 14:51:00,2010-10-25 12:20:00,2,422.63,174,43,230,18,211.315,18.0,0.0,174.0,0.0,1,0
14691,2011-05-11 09:55:00,2011-05-11 09:55:00,1,439.6,162,17,50,1,439.6,1.0,0.0,162.0,0.0,3,0
14692,2011-04-18 15:14:00,2010-04-01 14:04:00,11,1603.8899999999999,854,95,73,382,145.8081818181818,38.2,10.0,854.0,0.0117096018735363,1,0
14693,2011-03-20 12:50:00,2010-07-02 08:28:00,7,1165.36,388,43,102,261,166.48,43.5,2.0,388.0,0.005154639175257732,0,1
14694,2010-04-01 19:46:00,2010-04-01 19:46:00,1,244.31,193,15,455,1,244.31,1.0,0.0,193.0,0.0,0,1
14695,2010-07-08 14:18:00,2009-12-07 11:05:00,3,1534.22,661,76,357,213,511.4066666666667,106.5,54.0,661.0,0.08169440242057488,0,1
14696,2011-06-05 13:32:00,2010-10-14 11:43:00,5,1565.72,988,88,25,234,313.144,58.5,4.0,988.0,0.004048582995951417,2,0
14697,2011-05-05 15:39:00,2011-05-05 15:29:00,2,188.60999999999999,181,22,56,1,94.30499999999999,1.0,0.0,181.0,0.0,0,1
14699,2011-05-09 14:54:00,2010-07-02 12:04:00,4,702.6,484,45,52,311,175.65,103.66666666666667,0.0,484.0,0.0,0,1
14700,2011-06-03 11:59:00,2010-08-11 12:19:00,4,2422.06,1140,88,27,295,605.515,98.33333333333333,0.0,1140.0,0.0,0,1
14701,2011-06-20 11:36:00,2010-01-24 12:15:00,13,3902.4500000000003,1489,377,10,511,300.1884615384616,42.583333333333336,23.0,1489.0,0.01544660846205507,0,1
14702,2011-06-30 19:58:00,2009-12-10 20:22:00,19,4468.19,1882,249,0,566,235.16789473684207,31.444444444444443,2.0,1882.0,0.0010626992561105207,3,0
14704,2011-06-12 13:59:00,2010-03-25 17:21:00,3,359.71,170,75,18,443,119.90333333333332,221.5,0.0,170.0,0.0,2,0
14705,2011-05-25 12:39:00,2011-05-25 12:39:00,1,179.0,100,1,36,1,179.0,1.0,0.0,100.0,0.0,0,1
14706,2010-03-31 11:09:00,2010-03-31 11:09:00,1,367.54,246,25,456,1,367.54,1.0,0.0,246.0,0.0,0,1
14707,2010-09-30 11:37:00,2010-05-12 11:07:00,2,139.2,96,1,273,141,69.6,141.0,0.0,96.0,0.0,0,1
14708,2010-12-06 12:23:00,2010-09-10 10:26:00,3,1085.91,888,14,206,87,361.97,43.5,6.0,888.0,0.006756756756756757,1,0
14709,2011-06-05 11:40:00,2009-12-05 15:26:00,17,5908.33,2577,85,25,546,347.5488235294118,34.125,3.0,2577.0,0.0011641443538998836,5,0
14710,2010-11-25 13:29:00,2009-12-03 17:12:00,9,1300.31,760,203,217,356,144.4788888888889,44.5,0.0,760.0,0.0,0,1
14711,2011-06-30 17:40:00,2011-03-22 13:32:00,7,1908.16,681,144,0,100,272.5942857142857,16.666666666666668,12.0,681.0,0.01762114537444934,2,0
14712,2010-10-17 14:49:00,2010-10-17 14:49:00,1,411.0,96,7,256,1,411.0,1.0,0.0,96.0,0.0,2,0
14713,2011-06-06 15:24:00,2009-12-03 19:22:00,17,3903.2,2574,185,24,549,229.6,34.3125,11.0,2574.0,0.004273504273504274,2,0
14714,2010-10-28 17:46:00,2010-01-21 11:51:00,3,746.05,413,59,245,280,248.6833333333333,140.0,5.0,413.0,0.012106537530266344,0,1
14715,2011-02-14 13:19:00,2010-01-19 12:18:00,6,1205.52,637,69,136,391,200.92,78.2,0.0,637.0,0.0,1,0
14716,2010-09-21 12:07:00,2010-09-21 12:07:00,1,235.77,148,44,282,1,235.77,1.0,0.0,148.0,0.0,1,0
14717,2009-12-06 13:05:00,2009-12-06 13:05:00,1,81.3,32,11,571,1,81.3,1.0,2.0,32.0,0.0625,0,1
14718,2010-10-25 13:07:00,2010-10-25 13:07:00,1,226.42,202,11,248,1,226.42,1.0,0.0,202.0,0.0,0,1
14719,2011-06-13 12:52:00,2011-04-04 14:17:00,2,488.12,398,70,17,69,244.06,69.0,0.0,398.0,0.0,0,1
14721,2010-11-25 13:08:00,2010-11-25 13:08:00,1,109.07,57,24,217,1,109.07,1.0,0.0,57.0,0.0,0,1
14722,2010-08-19 14:34:00,2010-08-10 13:28:00,2,309.1,96,53,315,9,154.55,9.0,0.0,96.0,0.0,1,0
14723,2010-12-16 19:19:00,2009-12-04 11:22:00,8,1136.35,694,180,196,377,142.04375,53.857142857142854,0.0,694.0,0.0,0,1
14724,2010-04-28 13:26:00,2010-04-28 13:26:00,1,341.9,184,40,428,1,341.9,1.0,0.0,184.0,0.0,0,1
14725,2010-11-10 11:47:00,2010-06-23 11:34:00,3,597.16,747,41,232,140,199.0533333333333,70.0,24.0,747.0,0.0321285140562249,0,1
14726,2010-02-23 12:35:00,2010-02-23 12:35:00,1,116.5,82,15,492,1,116.5,1.0,0.0,82.0,0.0,0,1
14727,2011-03-10 14:45:00,2010-06-11 13:23:00,3,463.72999999999996,458,43,112,272,154.57666666666665,136.0,382.0,458.0,0.834061135371179,0,1
14728,2010-10-22 15:57:00,2010-10-22 15:57:00,1,190.58,68,14,251,1,190.58,1.0,0.0,68.0,0.0,0,1
14729,2010-12-01 12:43:00,2010-03-24 13:30:00,3,586.24,372,126,211,251,195.41333333333333,125.5,0.0,372.0,0.0,0,1
14730,2011-06-14 12:24:00,2011-03-08 12:49:00,4,734.99,424,123,16,97,183.7475,32.333333333333336,0.0,424.0,0.0,1,0
14731,2011-05-18 11:02:00,2011-05-11 13:06:00,2,251.01999999999998,182,23,43,6,125.50999999999999,6.0,0.0,182.0,0.0,0,1
14732,2011-06-06 12:04:00,2009-12-09 10:48:00,15,4097.78,1608,128,24,544,273.1853333333333,38.857142857142854,11.0,1608.0,0.006840796019900498,2,0
14733,2011-06-22 13:14:00,2010-11-02 15:42:00,12,13098.3,5442,134,8,231,1091.5249999999999,21.0,31.0,5442.0,0.00569643513414186,2,0
14734,2010-10-10 12:04:00,2010-06-06 15:15:00,4,1056.42,378,48,263,125,264.105,41.666666666666664,1.0,378.0,0.0026455026455026454,0,1
14735,2011-06-16 12:11:00,2009-12-04 11:32:00,42,9060.880000000001,3242,162,14,559,215.73523809523812,13.634146341463415,115.0,3242.0,0.035471930906847624,8,0
14736,2010-08-11 15:21:00,2010-08-11 15:13:00,2,374.05,148,70,323,1,187.025,1.0,0.0,148.0,0.0,0,1
14737,2010-12-21 13:49:00,2010-11-04 11:29:00,2,2823.62,876,28,191,47,1411.81,47.0,0.0,876.0,0.0,1,0
14738,2011-05-24 17:18:00,2009-12-07 10:21:00,6,1033.14,375,41,37,533,172.19000000000003,106.6,5.0,375.0,0.013333333333333334,1,0
14739,2011-05-04 11:58:00,2009-12-02 13:23:00,21,8978.960000000001,6950,116,57,517,427.56952380952384,25.85,5.0,6950.0,0.0007194244604316547,1,0
14740,2011-05-26 18:17:00,2010-02-25 11:40:00,11,4161.06,2081,173,35,455,378.27818181818185,45.5,22.0,2081.0,0.010571840461316675,0,1
14741,2011-06-28 14:20:00,2010-10-18 09:33:00,4,981.61,653,33,2,253,245.4025,84.33333333333333,0.0,653.0,0.0,1,0
14742,2010-09-30 14:07:00,2010-09-30 14:07:00,1,579.85,374,34,273,1,579.85,1.0,0.0,374.0,0.0,0,1
14743,2010-04-26 10:26:00,2010-04-26 10:26:00,1,50.48,40,3,430,1,50.48,1.0,0.0,40.0,0.0,0,1
14744,2011-02-15 11:33:00,2010-05-18 14:06:00,12,3488.13,2291,53,135,272,290.6775,24.727272727272727,3.0,2291.0,0.0013094718463553033,0,1
14745,2011-06-08 08:26:00,2010-03-12 10:33:00,9,1912.82,1402,58,22,452,212.53555555555556,56.5,24.0,1402.0,0.017118402282453638,3,0
14746,2010-10-29 14:44:00,2010-10-12 11:06:00,4,593.5,398,7,244,17,148.375,5.666666666666667,0.0,398.0,0.0,0,1
14747,2011-04-04 14:09:00,2011-04-04 14:09:00,1,328.2,84,18,87,1,328.2,1.0,2.0,84.0,0.023809523809523808,0,1
14748,2011-05-11 15:16:00,2010-03-04 17:08:00,8,2037.28,1808,94,50,432,254.66,61.714285714285715,432.0,1808.0,0.23893805309734514,1,0
14749,2010-08-17 12:36:00,2010-08-17 12:36:00,1,310.15,403,18,317,1,310.15,1.0,0.0,403.0,0.0,0,1
14750,2009-12-03 17:57:00,2009-12-03 17:57:00,1,112.03,65,32,574,1,112.03,1.0,0.0,65.0,0.0,0,1
14751,2010-01-24 13:37:00,2009-12-13 14:08:00,2,126.45,65,7,522,41,63.225,41.0,0.0,65.0,0.0,0,1
14753,2010-09-05 11:04:00,2010-09-05 11:04:00,1,306.36,201,18,298,1,306.36,1.0,0.0,201.0,0.0,1,0
14754,2011-02-17 12:21:00,2010-01-18 11:04:00,5,1138.15,697,90,133,395,227.63000000000002,98.75,2.0,697.0,0.0028694404591104736,0,1
14755,2011-06-16 15:28:00,2009-12-03 16:51:00,19,7201.55,3094,192,14,559,379.0289473684211,31.055555555555557,35.0,3094.0,0.011312217194570135,3,0
14756,2010-11-22 09:22:00,2010-10-11 11:50:00,2,1914.8,1007,68,220,41,957.4,41.0,4.0,1007.0,0.003972194637537239,0,1
14758,2011-05-18 12:07:00,2010-04-08 08:27:00,6,2587.85,740,84,43,405,431.30833333333334,81.0,0.0,740.0,0.0,1,0
14759,2011-04-21 10:55:00,2011-04-21 10:55:00,1,572.25,119,35,70,1,572.25,1.0,0.0,119.0,0.0,1,0
14760,2011-02-15 16:27:00,2011-02-15 16:27:00,1,89.2,40,5,135,1,89.2,1.0,12.0,40.0,0.3,0,1
14761,2011-01-09 12:03:00,2010-09-21 14:22:00,2,289.52,146,20,172,109,144.76,109.0,0.0,146.0,0.0,0,1
14762,2011-03-21 08:20:00,2010-03-23 15:36:00,2,417.57,428,28,101,362,208.785,362.0,0.0,428.0,0.0,0,1
14765,2011-06-16 19:49:00,2011-06-16 19:49:00,1,80.5,18,7,14,1,80.5,1.0,0.0,18.0,0.0,1,0
14766,2011-06-24 15:00:00,2010-06-06 11:11:00,9,5433.68,3634,226,6,383,603.7422222222223,47.875,36.0,3634.0,0.009906439185470555,1,0
14767,2010-08-22 14:54:00,2010-08-22 14:54:00,1,382.81,117,18,312,1,382.81,1.0,0.0,117.0,0.0,0,1
14769,2011-05-22 13:01:00,2009-12-16 09:17:00,13,10731.38,7583,616,39,522,825.4907692307692,43.5,26.0,7583.0,0.0034287221416325992,3,0
14770,2011-04-21 14:21:00,2010-02-25 18:58:00,8,3637.64,1598,152,70,419,454.705,59.857142857142854,1.0,1598.0,0.0006257822277847309,0,1
14771,2010-03-28 12:52:00,2009-12-03 09:44:00,2,594.62,622,46,459,115,297.31,115.0,14.0,622.0,0.022508038585209004,0,1
14773,2010-04-26 10:29:00,2010-04-26 10:29:00,1,140.55,53,10,430,1,140.55,1.0,3.0,53.0,0.05660377358490566,0,1
14774,2010-06-29 12:26:00,2010-06-29 12:26:00,1,241.45,99,13,366,1,241.45,1.0,0.0,99.0,0.0,0,1
14775,2010-12-02 16:38:00,2010-12-02 16:38:00,1,406.56,384,20,210,1,406.56,1.0,0.0,384.0,0.0,1,0
14776,2011-06-21 11:07:00,2010-09-19 14:12:00,10,2639.16,3318,68,9,274,263.916,30.444444444444443,14.0,3318.0,0.004219409282700422,2,0
14777,2010-11-01 12:50:00,2010-11-01 12:50:00,1,307.56,212,16,241,1,307.56,1.0,11.0,212.0,0.05188679245283019,0,1
14778,2011-02-04 11:43:00,2011-02-04 11:43:00,1,334.05,141,18,146,1,334.05,1.0,0.0,141.0,0.0,1,0
14779,2011-03-04 12:42:00,2011-01-20 12:04:00,3,386.15,84,40,118,43,128.71666666666667,21.5,0.0,84.0,0.0,0,1
14782,2011-01-24 11:12:00,2011-01-24 11:12:00,1,200.10000000000002,114,6,157,1,200.10000000000002,1.0,0.0,114.0,0.0,0,1
14783,2010-02-18 16:16:00,2010-02-18 16:16:00,1,307.3,262,17,497,1,307.3,1.0,1.0,262.0,0.003816793893129771,0,1
14784,2011-01-20 09:25:00,2010-11-15 09:49:00,2,274.62,182,14,161,65,137.31,65.0,0.0,182.0,0.0,0,1
14786,2010-06-07 13:42:00,2010-06-07 13:42:00,1,90.96,112,7,388,1,90.96,1.0,0.0,112.0,0.0,0,1
14787,2010-08-25 14:38:00,2010-08-25 14:38:00,1,110.65,59,14,309,1,110.65,1.0,0.0,59.0,0.0,0,1
14788,2010-04-22 18:16:00,2010-04-22 18:16:00,1,476.88,298,28,434,1,476.88,1.0,0.0,298.0,0.0,0,1
14790,2011-03-31 11:49:00,2009-12-11 14:37:00,7,1933.72,2079,54,91,474,276.2457142857143,79.0,0.0,2079.0,0.0,1,0
14791,2010-04-12 10:24:00,2010-04-12 10:24:00,1,303.63,127,19,444,1,303.63,1.0,0.0,127.0,0.0,0,1
14793,2010-06-22 16:54:00,2010-06-22 16:54:00,1,396.91,270,25,373,1,396.91,1.0,0.0,270.0,0.0,0,1
14794,2011-05-20 11:53:00,2010-08-09 15:44:00,7,1313.53,421,57,41,283,187.64714285714285,47.166666666666664,3.0,421.0,0.007125890736342043,0,1
14795,2011-06-26 13:04:00,2011-06-26 13:04:00,1,131.45000000000002,17,6,4,1,131.45000000000002,1.0,0.0,17.0,0.0,0,1
14796,2011-06-20 14:36:00,2009-12-14 15:06:00,20,6204.55,3928,332,10,552,310.2275,29.05263157894737,76.0,3928.0,0.019348268839103868,4,0
14797,2010-07-20 14:07:00,2010-07-20 14:07:00,1,300.31,99,16,345,1,300.31,1.0,0.0,99.0,0.0,0,1
14798,2011-02-02 15:26:00,2010-03-01 08:38:00,6,626.25,527,26,148,338,104.375,67.6,2.0,527.0,0.003795066413662239,1,0
14799,2009-12-02 11:18:00,2009-12-02 11:18:00,1,180.45,349,10,575,1,180.45,1.0,0.0,349.0,0.0,0,1
14800,2011-06-01 14:12:00,2010-09-30 14:38:00,12,6245.65,5536,286,29,243,520.4708333333333,22.09090909090909,122.0,5536.0,0.02203757225433526,3,0
14802,2010-09-27 16:34:00,2010-09-27 16:32:00,2,1502.98,2,1,276,1,751.49,1.0,4.0,2.0,2.0,0,1
14803,2011-06-30 13:58:00,2011-02-20 13:21:00,3,845.55,370,35,0,130,281.84999999999997,65.0,0.0,370.0,0.0,0,1
14805,2011-01-30 10:43:00,2010-03-28 12:34:00,4,645.4,331,82,151,307,161.35,102.33333333333333,0.0,331.0,0.0,0,1
14806,2010-09-26 15:50:00,2010-09-26 15:50:00,1,110.03999999999999,93,9,277,1,110.03999999999999,1.0,0.0,93.0,0.0,1,0
14807,2010-11-14 12:47:00,2010-02-28 11:33:00,2,504.14,234,37,228,259,252.07,259.0,0.0,234.0,0.0,0,1
14808,2011-06-26 12:54:00,2011-06-20 12:53:00,3,920.51,496,98,4,6,306.83666666666664,3.0,1.0,496.0,0.0020161290322580645,4,0
14809,2010-03-28 15:44:00,2010-03-28 15:42:00,2,686.76,232,18,459,1,343.38,1.0,0.0,232.0,0.0,0,1
14810,2011-05-25 11:59:00,2010-10-06 13:12:00,10,1544.85,757,100,36,230,154.48499999999999,25.555555555555557,0.0,757.0,0.0,2,0
14811,2010-11-17 13:09:00,2010-11-17 13:09:00,1,170.5,74,28,225,1,170.5,1.0,0.0,74.0,0.0,0,1
14812,2010-04-20 12:13:00,2010-04-20 12:13:00,1,178.85,135,36,436,1,178.85,1.0,0.0,135.0,0.0,0,1
14813,2010-12-05 11:57:00,2010-04-08 11:49:00,4,888.91,392,110,207,241,222.2275,80.33333333333333,0.0,392.0,0.0,0,1
14814,2010-05-07 14:10:00,2010-05-07 14:10:00,1,154.21,93,28,419,1,154.21,1.0,0.0,93.0,0.0,0,1
14816,2011-05-26 13:16:00,2011-05-26 13:16:00,1,271.85,5,4,35,1,271.85,1.0,0.0,5.0,0.0,0,1
14817,2011-05-23 13:35:00,2010-03-22 12:10:00,7,3959.86,2462,142,38,427,565.6942857142857,71.16666666666667,17.0,2462.0,0.006904955320877335,0,1
14818,2011-06-23 14:13:00,2010-03-02 12:48:00,5,905.39,421,70,7,478,181.078,119.5,0.0,421.0,0.0,1,0
14819,2011-05-31 13:50:00,2009-12-21 15:54:00,3,269.06,109,43,30,525,89.68666666666667,262.5,0.0,109.0,0.0,0,1
14820,2011-06-19 14:56:00,2010-01-31 12:49:00,6,907.24,558,38,11,504,151.20666666666668,100.8,0.0,558.0,0.0,1,0
14821,2010-12-08 08:43:00,2010-02-01 13:33:00,7,1230.15,459,65,204,309,175.7357142857143,51.5,0.0,459.0,0.0,0,1
14822,2010-08-11 12:52:00,2010-08-11 12:52:00,1,157.70000000000002,94,9,323,1,157.70000000000002,1.0,0.0,94.0,0.0,0,1
14823,2011-06-12 13:12:00,2011-05-29 12:48:00,3,321.43,88,56,18,14,107.14333333333333,7.0,0.0,88.0,0.0,0,1
14824,2010-11-25 12:40:00,2010-03-12 13:07:00,6,2895.2000000000003,1429,76,217,257,482.53333333333336,51.4,20.0,1429.0,0.013995801259622114,2,0
14825,2011-06-23 17:53:00,2010-04-06 14:14:00,18,3715.4900000000002,2278,177,7,443,206.41611111111112,26.058823529411764,7.0,2278.0,0.0030728709394205445,2,0
14826,2010-05-07 09:00:00,2010-01-13 13:08:00,2,385.2,152,10,419,113,192.6,113.0,0.0,152.0,0.0,0,1
14828,2011-05-27 10:16:00,2009-12-07 11:19:00,13,9839.460000000001,9718,72,34,535,756.8815384615385,44.583333333333336,48.0,9718.0,0.004939287919324964,0,1
14829,2011-06-08 14:29:00,2010-09-29 13:14:00,6,1289.95,869,72,22,252,214.99166666666667,50.4,38.0,869.0,0.04372842347525892,0,1
14831,2010-01-28 14:31:00,2009-12-02 09:21:00,3,1676.57,885,67,518,57,558.8566666666667,28.5,8.0,885.0,0.00903954802259887,0,1
14832,2010-03-19 15:14:00,2010-03-19 15:14:00,1,322.69,1,1,468,1,322.69,1.0,2.0,1.0,2.0,0,1
14833,2010-07-29 10:06:00,2010-07-29 10:06:00,1,94.8,58,7,336,1,94.8,1.0,0.0,58.0,0.0,0,1
14834,2011-04-13 15:00:00,2010-10-28 17:37:00,2,729.55,219,28,78,166,364.775,166.0,2.0,219.0,0.0091324200913242,2,0
14835,2010-06-29 10:08:00,2010-04-01 19:34:00,2,297.0,180,1,366,88,148.5,88.0,2.0,180.0,0.011111111111111112,0,1
14837,2011-06-26 11:47:00,2010-01-24 10:20:00,7,2768.26,2482,144,4,518,395.46571428571434,86.33333333333333,2.0,2482.0,0.0008058017727639,2,0
14838,2010-10-12 15:46:00,2009-12-03 09:52:00,2,769.9200000000001,361,69,261,313,384.96000000000004,313.0,0.0,361.0,0.0,0,1
14839,2010-10-17 13:01:00,2010-01-04 16:29:00,3,915.28,927,61,256,285,305.0933333333333,142.5,0.0,927.0,0.0,0,1
14840,2011-03-17 12:00:00,2010-06-18 15:42:00,2,362.71,179,20,105,271,181.355,271.0,6.0,179.0,0.0335195530726257,0,1
14841,2011-06-13 14:55:00,2009-12-02 16:49:00,12,6242.81,3621,182,17,557,520.2341666666667,50.63636363636363,0.0,3621.0,0.0,0,1
14842,2011-06-01 08:38:00,2011-02-04 15:32:00,2,1688.48,633,77,29,116,844.24,116.0,3.0,633.0,0.004739336492890996,1,0
14843,2010-09-29 12:39:00,2010-09-29 12:39:00,1,211.79999999999998,132,9,274,1,211.79999999999998,1.0,0.0,132.0,0.0,0,1
14844,2011-06-16 09:28:00,2010-04-12 12:50:00,8,5055.97,3472,135,14,429,631.99625,61.285714285714285,4.0,3472.0,0.001152073732718894,1,0
14845,2010-04-19 10:19:00,2010-04-19 10:19:00,1,150.0,600,1,437,1,150.0,1.0,0.0,600.0,0.0,0,1
14846,2010-10-08 17:07:00,2010-10-08 17:07:00,1,437.4,193,12,265,1,437.4,1.0,12.0,193.0,0.06217616580310881,0,1
14847,2010-10-28 09:45:00,2010-05-24 12:29:00,2,1039.55,413,47,245,156,519.775,156.0,4.0,413.0,0.009685230024213076,1,0
14848,2010-10-31 12:22:00,2010-10-31 12:22:00,1,310.56,260,11,242,1,310.56,1.0,0.0,260.0,0.0,0,1
14849,2011-06-16 17:05:00,2010-01-10 11:40:00,30,10874.72,8510,216,14,522,362.49066666666664,18.0,115.0,8510.0,0.013513513513513514,5,0
14850,2011-02-01 11:21:00,2010-05-20 13:28:00,7,1770.96,1393,129,149,256,252.99428571428572,42.666666666666664,16.0,1393.0,0.01148600143575018,0,1
14851,2011-03-28 14:59:00,2010-03-19 11:52:00,2,524.19,445,24,94,374,262.095,374.0,0.0,445.0,0.0,0,1
14852,2011-06-15 08:36:00,2010-03-05 14:51:00,15,4503.99,3366,111,15,466,300.26599999999996,33.285714285714285,5.0,3366.0,0.0014854426619132501,2,0
14853,2011-05-12 15:17:00,2010-04-13 09:26:00,4,1115.57,297,21,49,394,278.8925,131.33333333333334,1.0,297.0,0.003367003367003367,0,1
14854,2011-06-28 14:58:00,2010-01-22 09:48:00,9,3476.41,2453,152,2,522,386.2677777777778,65.25,13.0,2453.0,0.005299633102323685,2,0
14855,2010-08-22 13:37:00,2010-04-08 10:30:00,5,5874.65,3243,156,312,136,1174.9299999999998,34.0,0.0,3243.0,0.0,2,0
14857,2010-09-23 14:09:00,2010-03-15 11:00:00,5,2478.731,1617,125,280,192,495.74620000000004,48.0,7.0,1617.0,0.004329004329004329,1,0
14858,2010-07-22 10:51:00,2010-07-22 10:51:00,1,180.75,105,11,343,1,180.75,1.0,0.0,105.0,0.0,0,1
14859,2011-05-19 14:42:00,2010-06-03 10:26:00,2,648.76,426,17,42,350,324.38,350.0,2.0,426.0,0.004694835680751174,1,0
14861,2010-11-24 11:18:00,2009-12-08 12:12:00,9,1254.94,959,58,218,350,139.4377777777778,43.75,22.0,959.0,0.022940563086548488,0,1
14865,2010-12-02 18:23:00,2009-12-01 16:05:00,3,77.52000000000001,192,3,210,366,25.840000000000003,183.0,0.0,192.0,0.0,0,1
14866,2010-12-08 14:58:00,2010-08-26 11:54:00,8,6460.32,2481,13,204,104,807.54,14.857142857142858,0.0,2481.0,0.0,4,0
14867,2011-06-07 11:39:00,2009-12-05 15:47:00,16,2952.06,996,67,23,548,184.50375,36.53333333333333,3.0,996.0,0.0030120481927710845,0,1
14868,2011-04-20 13:36:00,2010-10-15 14:52:00,5,1669.75,1056,80,71,186,333.95,46.5,0.0,1056.0,0.0,4,0
14869,2010-11-16 14:09:00,2009-12-16 11:43:00,4,2056.69,1581,136,226,335,514.1725,111.66666666666667,11.0,1581.0,0.006957621758380772,1,0
14870,2011-03-23 10:51:00,2010-01-25 09:05:00,6,1838.95,483,43,99,422,306.4916666666667,84.4,5.0,483.0,0.010351966873706004,0,1
14871,2011-06-14 13:04:00,2009-12-01 11:57:00,8,1062.19,376,101,16,560,132.77375,80.0,0.0,376.0,0.0,0,1
14872,2010-08-13 12:34:00,2010-03-16 14:41:00,3,816.6,662,34,321,149,272.2,74.5,48.0,662.0,0.07250755287009064,0,1
14873,2011-05-13 13:52:00,2010-03-16 10:51:00,2,854.13,311,48,48,423,427.065,423.0,0.0,311.0,0.0,0,1
14874,2010-06-22 14:58:00,2010-06-22 14:58:00,1,116.18,148,6,373,1,116.18,1.0,0.0,148.0,0.0,0,1
14875,2011-03-22 11:53:00,2010-09-24 10:28:00,2,1759.08,874,47,100,179,879.54,179.0,3.0,874.0,0.003432494279176201,1,0
14876,2010-07-06 14:57:00,2010-05-27 13:49:00,2,256.7,162,12,359,40,128.35,40.0,0.0,162.0,0.0,0,1
14877,2010-10-17 13:09:00,2010-03-07 12:25:00,2,425.85,168,57,256,224,212.925,224.0,0.0,168.0,0.0,0,1
14878,2011-06-19 11:14:00,2010-02-21 11:14:00,22,3683.43,2244,150,11,483,167.42863636363634,23.0,253.0,2244.0,0.11274509803921569,1,0
14879,2010-01-24 11:35:00,2010-01-24 11:35:00,1,185.06,104,27,522,1,185.06,1.0,0.0,104.0,0.0,0,1
14880,2011-06-07 13:27:00,2011-02-24 12:27:00,2,347.67,237,25,23,103,173.835,103.0,0.0,237.0,0.0,1,0
14882,2010-11-14 13:04:00,2010-03-30 15:02:00,12,2956.9500000000003,1456,31,228,228,246.41250000000002,20.727272727272727,192.0,1456.0,0.13186813186813187,0,1
14883,2011-06-29 09:32:00,2011-05-12 09:49:00,2,358.48,322,25,1,47,179.24,47.0,0.0,322.0,0.0,2,0
14884,2010-02-08 12:56:00,2010-02-08 12:56:00,1,120.6,72,8,507,1,120.6,1.0,0.0,72.0,0.0,0,1
14885,2010-10-08 12:08:00,2010-08-31 10:11:00,2,832.8,584,16,265,38,416.4,38.0,24.0,584.0,0.0410958904109589,1,0
14886,2011-04-01 08:56:00,2011-04-01 08:56:00,1,364.8,160,18,90,1,364.8,1.0,0.0,160.0,0.0,0,1
14888,2011-05-16 14:58:00,2011-05-16 14:58:00,1,369.2,184,20,45,1,369.2,1.0,0.0,184.0,0.0,0,1
14889,2011-01-07 15:19:00,2011-01-07 15:19:00,1,135.9,90,10,174,1,135.9,1.0,0.0,90.0,0.0,0,1
14890,2011-03-31 11:57:00,2010-02-18 09:00:00,3,817.25,636,55,91,406,272.4166666666667,203.0,0.0,636.0,0.0,0,1
14891,2011-06-05 10:58:00,2010-09-29 12:41:00,3,1001.73,717,52,25,248,333.91,124.0,0.0,717.0,0.0,1,0
14892,2010-01-18 08:58:00,2010-01-18 08:58:00,1,202.35000000000002,79,13,528,1,202.35000000000002,1.0,0.0,79.0,0.0,0,1
14893,2010-04-01 09:03:00,2010-04-01 09:03:00,1,571.76,248,33,455,1,571.76,1.0,13.0,248.0,0.05241935483870968,0,1
14894,2010-09-22 15:23:00,2009-12-02 10:42:00,2,837.0600000000001,338,23,281,294,418.53000000000003,294.0,12.0,338.0,0.03550295857988166,1,0
14895,2011-06-10 14:08:00,2009-12-10 14:22:00,23,18710.59,7710,347,20,546,813.5039130434783,24.818181818181817,53.0,7710.0,0.006874189364461738,8,0
14896,2011-05-19 10:20:00,2009-12-06 12:42:00,8,1826.0,931,150,42,528,228.25,75.42857142857143,14.0,931.0,0.015037593984962405,0,1
14897,2011-02-16 08:37:00,2009-12-15 17:05:00,5,1949.66,816,65,134,427,389.932,106.75,4.0,816.0,0.004901960784313725,1,0
14898,2011-04-13 13:42:00,2009-12-03 16:40:00,12,2707.57,1627,135,78,495,225.63083333333336,45.0,21.0,1627.0,0.01290719114935464,1,0
14899,2010-11-09 15:20:00,2010-11-09 15:20:00,1,1331.38,570,126,233,1,1331.38,1.0,0.0,570.0,0.0,0,1
14900,2010-07-05 15:09:00,2010-07-05 15:09:00,1,13.919999999999996,48,1,360,1,13.919999999999996,1.0,0.0,48.0,0.0,0,1
14901,2010-12-14 11:29:00,2010-07-29 11:11:00,6,994.76,425,61,198,138,165.79333333333332,27.6,2.0,425.0,0.004705882352941176,4,0
14902,2010-11-09 10:29:00,2010-06-04 12:35:00,2,702.96,498,34,233,157,351.48,157.0,4.0,498.0,0.008032128514056224,0,1
14903,2011-05-23 13:17:00,2011-03-06 11:50:00,3,1796.93,922,156,38,78,598.9766666666667,39.0,44.0,922.0,0.04772234273318872,1,0
14904,2010-10-27 15:40:00,2010-10-08 12:48:00,2,605.05,537,62,246,19,302.525,19.0,0.0,537.0,0.0,0,1
14905,2011-04-20 10:48:00,2009-12-03 14:36:00,7,1663.79,863,43,71,502,237.68428571428572,83.66666666666667,9.0,863.0,0.010428736964078795,1,0
14906,2010-09-20 16:30:00,2010-09-20 16:30:00,1,68.44,1,1,283,1,68.44,1.0,2.0,1.0,2.0,0,1
14907,2010-12-14 11:04:00,2010-04-16 13:40:00,12,3007.31,1256,82,198,241,250.60916666666665,21.90909090909091,30.0,1256.0,0.02388535031847134,2,0
14908,2010-09-02 16:39:00,2010-09-02 16:39:00,1,104.10000000000001,50,5,301,1,104.10000000000001,1.0,0.0,50.0,0.0,1,0
14909,2010-09-28 16:56:00,2010-02-14 15:47:00,3,1404.68,888,61,275,226,468.2266666666667,113.0,2.0,888.0,0.0022522522522522522,0,1
14911,2011-06-30 15:46:00,2009-12-01 11:41:00,275,196582.58,91480,2056,0,576,714.8457454545454,2.102189781021898,3670.0,91490.0,0.04011367362553284,56,0
14912,2011-04-07 11:06:00,2010-01-26 16:29:00,5,1504.1899999999998,1293,37,84,435,300.83799999999997,108.75,15.0,1293.0,0.01160092807424594,0,1
14913,2011-06-09 14:14:00,2010-08-11 08:40:00,7,3762.85,3574,161,21,302,537.55,50.333333333333336,0.0,3574.0,0.0,0,1
14915,2011-03-07 09:39:00,2009-12-03 10:17:00,10,1646.05,671,63,115,458,164.605,50.888888888888886,1.0,671.0,0.0014903129657228018,1,0
14916,2011-01-19 15:30:00,2010-04-01 10:57:00,5,2069.02,1522,62,162,293,413.804,73.25,32.0,1522.0,0.02102496714848883,3,0
14917,2010-04-22 11:28:00,2010-04-22 09:44:00,2,1123.75,891,29,434,1,561.875,1.0,0.0,891.0,0.0,0,1
14918,2010-10-31 12:41:00,2010-04-08 11:18:00,7,4345.66,1876,64,242,206,620.8085714285714,34.333333333333336,0.0,1876.0,0.0,2,0
14919,2010-06-18 13:06:00,2010-06-18 13:06:00,1,359.35,129,13,377,1,359.35,1.0,0.0,129.0,0.0,0,1
14920,2011-05-11 10:32:00,2010-05-23 15:25:00,3,1607.17,886,90,50,352,535.7233333333334,176.0,0.0,886.0,0.0,0,1
14921,2011-05-22 12:51:00,2011-05-22 12:51:00,1,903.01,631,53,39,1,903.01,1.0,0.0,631.0,0.0,0,1
14922,2010-11-11 11:14:00,2010-07-20 09:45:00,2,843.74,376,49,231,114,421.87,114.0,0.0,376.0,0.0,0,1
14924,2011-04-08 09:25:00,2010-03-10 12:51:00,3,931.01,312,30,83,393,310.33666666666664,196.5,0.0,312.0,0.0,0,1
14926,2010-11-23 07:13:00,2010-04-20 09:59:00,2,359.4,204,2,219,216,179.7,216.0,15.0,204.0,0.07352941176470588,0,1
14927,2010-11-08 12:30:00,2010-11-08 12:30:00,1,308.2,196,20,234,1,308.2,1.0,0.0,196.0,0.0,0,1
14928,2010-03-22 09:14:00,2010-03-22 09:14:00,1,223.91000000000003,268,21,465,1,223.91000000000003,1.0,5.0,268.0,0.018656716417910446,0,1
14929,2010-10-14 12:22:00,2010-10-14 12:22:00,1,612.8100000000001,351,23,259,1,612.8100000000001,1.0,0.0,351.0,0.0,0,1
14930,2011-03-10 14:42:00,2010-04-12 11:22:00,4,3977.9,1734,166,112,332,994.475,110.66666666666667,7.0,1734.0,0.004036908881199538,2,0
14931,2011-05-17 17:12:00,2011-04-13 09:32:00,2,586.0,98,10,44,34,293.0,34.0,1.0,98.0,0.01020408163265306,1,0
14932,2010-12-09 11:48:00,2010-11-19 09:16:00,2,666.13,257,29,203,20,333.065,20.0,0.0,257.0,0.0,0,1
14933,2010-09-22 10:47:00,2010-09-21 17:29:00,4,1770.0,600,1,281,1,442.5,0.3333333333333333,300.0,600.0,0.5,0,1
14934,2011-03-02 11:48:00,2010-09-24 12:08:00,4,2441.4,1517,89,120,158,610.35,52.666666666666664,653.0,1517.0,0.43045484508899146,1,0
14935,2011-02-15 14:44:00,2010-03-30 11:48:00,2,2849.83,1931,25,135,322,1424.915,322.0,0.0,1931.0,0.0,0,1
14936,2011-06-17 13:14:00,2010-05-05 12:26:00,6,7910.18,3969,195,13,408,1318.3633333333335,81.6,1.0,3969.0,0.0002519526329050139,1,0
14938,2010-05-26 13:38:00,2010-05-26 13:35:00,2,2322.43,1369,71,400,1,1161.215,1.0,8.0,1369.0,0.005843681519357195,0,1
14940,2010-10-18 10:47:00,2009-12-06 15:46:00,2,531.49,384,32,255,315,265.745,315.0,0.0,384.0,0.0,0,1
14941,2010-05-10 11:30:00,2010-05-10 11:30:00,1,182.1,80,7,416,1,182.1,1.0,0.0,80.0,0.0,0,1
14942,2010-11-03 10:51:00,2009-12-10 10:32:00,4,746.56,354,12,239,328,186.64,109.33333333333333,1.0,354.0,0.002824858757062147,0,1
14943,2010-02-14 16:04:00,2010-02-14 16:04:00,1,107.62,46,5,501,1,107.62,1.0,0.0,46.0,0.0,0,1
14944,2011-06-06 15:06:00,2010-02-17 08:47:00,12,5716.45,3050,134,24,474,476.37083333333334,43.09090909090909,25.0,3050.0,0.00819672131147541,4,0
14945,2010-10-22 11:26:00,2010-10-22 11:26:00,1,179.4,156,11,251,1,179.4,1.0,0.0,156.0,0.0,0,1
14947,2010-11-16 18:30:00,2010-03-25 11:29:00,4,758.97,237,37,226,236,189.7425,78.66666666666667,0.0,237.0,0.0,2,0
14948,2011-05-04 14:52:00,2011-05-04 14:52:00,1,278.4,72,13,57,1,278.4,1.0,0.0,72.0,0.0,4,0
14949,2010-08-27 15:38:00,2009-12-18 15:28:00,4,515.0,250,16,307,252,128.75,84.0,7.0,250.0,0.028,0,1
14952,2011-05-17 08:38:00,2009-12-03 15:34:00,28,13064.47,5409,209,44,529,466.5882142857143,19.59259259259259,88.0,5409.0,0.016269180994638564,2,0
14953,2010-10-17 12:52:00,2010-09-30 12:16:00,3,685.65,790,153,256,17,228.54999999999998,8.5,20.0,790.0,0.02531645569620253,0,1
14954,2010-01-05 16:38:00,2010-01-05 16:38:00,1,167.27,92,41,541,1,167.27,1.0,0.0,92.0,0.0,0,1
14955,2009-12-07 11:35:00,2009-12-07 11:35:00,1,163.77,74,30,570,1,163.77,1.0,0.0,74.0,0.0,0,1
14956,2010-10-14 16:40:00,2010-10-14 16:40:00,1,1325.0,2500,4,259,1,1325.0,1.0,0.0,2500.0,0.0,0,1
14957,2011-03-31 17:59:00,2010-03-05 10:50:00,2,261.69,97,27,91,391,130.845,391.0,0.0,97.0,0.0,0,1
14958,2011-06-07 16:16:00,2009-12-03 16:02:00,5,834.59,228,46,23,551,166.918,137.75,0.0,228.0,0.0,1,0
14959,2011-05-08 11:38:00,2011-02-16 13:00:00,2,422.38,342,31,53,80,211.19,80.0,0.0,342.0,0.0,1,0
14960,2011-06-21 13:38:00,2011-06-21 13:38:00,1,88.3,20,2,9,1,88.3,1.0,0.0,20.0,0.0,0,1
14961,2011-04-21 16:59:00,2009-12-04 11:32:00,18,12545.130000000001,6360,266,70,503,696.9516666666667,29.58823529411765,37.0,6360.0,0.005817610062893081,3,0
14962,2011-03-14 09:42:00,2010-05-04 14:57:00,4,366.91,123,14,108,313,91.7275,104.33333333333333,0.0,123.0,0.0,0,1
14963,2011-06-09 12:30:00,2010-07-02 12:43:00,8,1945.43,1295,215,21,341,243.17875,48.714285714285715,3.0,1295.0,0.0023166023166023165,0,1
14964,2011-04-06 14:13:00,2011-04-06 14:13:00,1,206.21,143,13,85,1,206.21,1.0,0.0,143.0,0.0,0,1
14966,2010-11-17 13:14:00,2009-12-15 13:48:00,5,881.24,881,93,225,336,176.248,84.0,0.0,881.0,0.0,0,1
14967,2010-09-24 11:11:00,2009-12-03 14:07:00,5,1518.81,512,19,279,294,303.762,73.5,1.0,512.0,0.001953125,0,1
14968,2010-09-07 13:28:00,2010-09-07 13:28:00,1,353.65,130,47,296,1,353.65,1.0,0.0,130.0,0.0,0,1
14969,2010-01-05 12:43:00,2010-01-05 12:43:00,1,906.23,665,13,541,1,906.23,1.0,0.0,665.0,0.0,0,1
14970,2011-04-01 13:33:00,2010-02-14 13:37:00,10,4109.54,847,56,90,410,410.954,45.55555555555556,219.0,847.0,0.2585596221959858,1,0
14972,2010-11-23 16:17:00,2010-11-23 16:17:00,1,30.300000000000004,12,2,219,1,30.300000000000004,1.0,0.0,12.0,0.0,1,0
14973,2011-04-28 12:22:00,2011-04-28 12:22:00,1,654.6,51,5,63,1,654.6,1.0,0.0,51.0,0.0,2,0
14975,2010-10-14 14:11:00,2010-10-14 14:11:00,1,192.45,127,15,259,1,192.45,1.0,0.0,127.0,0.0,0,1
14976,2011-05-27 16:30:00,2011-01-17 11:09:00,3,450.26,115,35,34,130,150.08666666666667,65.0,4.0,115.0,0.034782608695652174,1,0
14977,2009-12-14 10:37:00,2009-12-14 10:37:00,1,31.929999999999996,17,4,563,1,31.929999999999996,1.0,0.0,17.0,0.0,0,1
14978,2011-04-18 10:55:00,2010-04-28 10:50:00,9,2718.05,628,159,73,355,302.0055555555556,44.375,4.0,628.0,0.006369426751592357,1,0
14979,2009-12-04 12:54:00,2009-12-04 12:54:00,1,429.66,209,42,573,1,429.66,1.0,0.0,209.0,0.0,0,1
14980,2009-12-02 14:09:00,2009-12-02 14:09:00,1,150.68,79,24,575,1,150.68,1.0,0.0,79.0,0.0,0,1
14981,2011-04-07 13:45:00,2010-10-12 11:04:00,2,372.92,241,20,84,177,186.46,177.0,12.0,241.0,0.04979253112033195,0,1
14982,2010-05-16 15:52:00,2010-05-16 15:52:00,1,237.78,125,39,410,1,237.78,1.0,0.0,125.0,0.0,0,1
14983,2010-01-19 17:32:00,2010-01-19 17:32:00,1,183.20000000000002,90,30,527,1,183.20000000000002,1.0,0.0,90.0,0.0,0,1
14984,2011-06-12 11:04:00,2010-01-11 13:22:00,5,1160.37,310,27,18,516,232.07399999999998,129.0,0.0,310.0,0.0,0,1
14985,2011-05-25 14:29:00,2010-12-16 19:51:00,2,292.01,256,78,36,159,146.005,159.0,0.0,256.0,0.0,0,1
14986,2010-11-28 15:25:00,2010-01-24 15:54:00,2,563.1,338,87,214,307,281.55,307.0,0.0,338.0,0.0,0,1
14987,2010-12-09 12:13:00,2009-12-02 14:56:00,7,1387.4499999999998,543,4,203,371,198.20714285714283,61.833333333333336,32.0,543.0,0.058931860036832415,0,1
14988,2011-05-12 12:05:00,2010-04-16 13:34:00,7,2038.65,1260,171,49,390,291.2357142857143,65.0,0.0,1260.0,0.0,0,1
14989,2010-02-16 10:40:00,2010-02-16 10:40:00,1,342.4,200,18,499,1,342.4,1.0,0.0,200.0,0.0,0,1
14990,2010-04-06 13:54:00,2009-12-09 13:31:00,2,304.17,129,41,450,118,152.085,118.0,0.0,129.0,0.0,0,1
14991,2010-10-05 13:01:00,2010-10-05 13:01:00,1,314.67,191,21,268,1,314.67,1.0,0.0,191.0,0.0,0,1
14992,2010-09-23 17:48:00,2010-09-23 17:48:00,1,210.5,145,27,280,1,210.5,1.0,0.0,145.0,0.0,0,1
14993,2010-05-25 12:47:00,2010-05-25 12:47:00,1,36.13,21,9,401,1,36.13,1.0,0.0,21.0,0.0,0,1
14994,2010-11-22 12:59:00,2010-03-26 14:16:00,5,946.72,568,233,220,240,189.344,60.0,88.0,568.0,0.15492957746478872,0,1
14995,2011-03-04 13:14:00,2011-03-04 13:14:00,1,119.31,51,37,118,1,119.31,1.0,0.0,51.0,0.0,0,1
14996,2010-08-15 13:44:00,2010-08-15 13:41:00,2,442.28999999999996,404,37,319,1,221.14499999999998,1.0,0.0,404.0,0.0,0,1
14997,2011-06-14 16:52:00,2010-02-22 12:11:00,2,385.68,600,20,16,477,192.84,477.0,0.0,600.0,0.0,1,0
14998,2011-06-22 17:30:00,2010-04-13 16:07:00,4,753.18,352,111,8,435,188.295,145.0,0.0,352.0,0.0,0,1
14999,2010-04-26 10:47:00,2010-04-26 10:47:00,1,129.48000000000002,88,9,430,1,129.48000000000002,1.0,0.0,88.0,0.0,0,1
15001,2010-11-10 13:51:00,2010-11-10 13:31:00,2,199.10999999999999,70,44,232,1,99.55499999999999,1.0,0.0,70.0,0.0,0,1
15002,2011-02-16 10:25:00,2010-01-12 11:40:00,8,3643.91,1877,194,134,399,455.48875,57.0,0.0,1877.0,0.0,1,0
15003,2010-08-23 15:44:00,2010-01-26 13:04:00,6,1027.03,525,253,311,209,171.17166666666665,41.8,4.0,525.0,0.007619047619047619,0,1
15005,2011-06-30 12:12:00,2009-12-01 14:19:00,43,10934.16,6665,505,0,575,254.28279069767441,13.69047619047619,94.0,6665.0,0.014103525881470368,7,0
15006,2010-09-12 13:03:00,2010-09-12 13:03:00,1,277.4,101,47,291,1,277.4,1.0,0.0,101.0,0.0,0,1
15008,2010-08-16 13:09:00,2010-03-12 11:13:00,2,360.0,1500,6,318,157,180.0,157.0,0.0,1500.0,0.0,0,1
15011,2010-11-09 11:10:00,2010-10-19 12:05:00,2,416.6,289,17,233,20,208.3,20.0,0.0,289.0,0.0,0,1
15012,2010-12-01 12:49:00,2010-05-12 11:49:00,2,429.78,242,107,211,203,214.89,203.0,0.0,242.0,0.0,0,1
15013,2010-08-09 12:05:00,2010-01-31 12:15:00,10,1610.82,1715,177,325,189,161.082,21.0,0.0,1715.0,0.0,0,1
15014,2011-06-16 19:40:00,2011-06-16 19:40:00,1,117.72999999999999,68,2,14,1,117.72999999999999,1.0,0.0,68.0,0.0,0,1
15015,2010-07-26 13:50:00,2009-12-14 14:46:00,13,2354.97,1584,158,339,223,181.15153846153845,18.583333333333332,30.0,1584.0,0.01893939393939394,0,1
15016,2011-06-20 12:06:00,2010-06-14 13:06:00,5,620.89,243,93,10,370,124.178,92.5,3.0,243.0,0.012345679012345678,0,1
15018,2011-04-01 09:56:00,2010-12-07 10:47:00,2,291.34000000000003,94,17,90,114,145.67000000000002,114.0,1.0,94.0,0.010638297872340425,0,1
15019,2011-03-18 12:35:00,2011-03-18 12:35:00,1,252.81,150,64,104,1,252.81,1.0,0.0,150.0,0.0,0,1
15020,2010-11-25 13:29:00,2010-11-25 13:29:00,1,198.47,111,27,217,1,198.47,1.0,0.0,111.0,0.0,0,1
15021,2011-06-17 12:16:00,2010-07-29 16:35:00,7,1506.67,686,261,13,322,215.23857142857145,53.666666666666664,22.0,686.0,0.03206997084548105,2,0
15022,2010-01-31 16:02:00,2010-01-31 16:02:00,1,281.05,113,19,515,1,281.05,1.0,0.0,113.0,0.0,0,1
15023,2011-06-23 18:44:00,2010-02-03 15:45:00,14,8451.45,3782,411,7,505,603.6750000000001,38.84615384615385,7.0,3782.0,0.0018508725542041248,3,0
15024,2011-02-16 12:02:00,2010-10-11 16:14:00,9,2603.55,1355,124,134,127,289.28333333333336,15.875,0.0,1355.0,0.0,2,0
15025,2010-05-20 13:28:00,2010-05-20 13:28:00,1,617.83,319,72,406,1,617.83,1.0,0.0,319.0,0.0,0,1
15026,2011-04-13 14:25:00,2010-09-17 13:52:00,4,810.67,451,83,78,208,202.6675,69.33333333333333,0.0,451.0,0.0,1,0
15027,2011-06-24 14:33:00,2010-03-25 14:39:00,9,3096.42,2740,67,6,455,344.0466666666667,56.875,578.0,2740.0,0.21094890510948905,0,1
15028,2010-12-06 12:47:00,2010-11-10 14:32:00,3,521.78,333,45,206,25,173.92666666666665,12.5,0.0,333.0,0.0,0,1
15029,2010-03-30 12:16:00,2010-03-30 12:16:00,1,365.1,234,10,457,1,365.1,1.0,1.0,234.0,0.004273504273504274,0,1
15030,2011-03-16 15:34:00,2010-03-04 17:10:00,7,1614.39,1009,21,106,376,230.62714285714287,62.666666666666664,2.0,1009.0,0.0019821605550049554,1,0
15031,2011-03-02 14:46:00,2009-12-08 13:38:00,11,2600.58,1243,205,120,449,236.41636363636363,44.9,179.0,1243.0,0.14400643604183427,1,0
15032,2011-03-28 15:03:00,2009-12-10 15:27:00,8,11010.05,6601,39,94,472,1376.25625,67.42857142857143,300.0,6601.0,0.04544765944553855,0,1
15033,2011-05-15 13:14:00,2011-01-14 13:28:00,3,1155.62,659,151,46,120,385.20666666666665,60.0,0.0,659.0,0.0,3,0
15034,2011-04-21 11:03:00,2010-05-11 13:30:00,11,6597.42,3661,308,70,344,599.7654545454545,34.4,5.0,3661.0,0.0013657470636438131,1,0
15036,2011-06-15 13:35:00,2011-06-13 12:19:00,2,212.49,143,49,15,2,106.245,2.0,0.0,143.0,0.0,1,0
15037,2010-11-28 13:05:00,2010-11-28 12:14:00,2,397.76,298,40,214,1,198.88,1.0,0.0,298.0,0.0,0,1
15038,2011-06-05 11:14:00,2010-10-10 14:35:00,7,958.49,292,176,25,237,136.92714285714285,39.5,0.0,292.0,0.0,0,1
15039,2011-06-30 11:32:00,2009-12-10 11:39:00,76,34804.06,15896,504,0,566,457.9481578947368,7.546666666666667,125.0,15896.0,0.007863613487669854,9,0
15040,2010-06-16 11:40:00,2010-06-16 11:40:00,1,7.49,1,1,379,1,7.49,1.0,0.0,1.0,0.0,0,1
15041,2011-06-22 16:16:00,2010-09-21 13:16:00,2,289.4,194,98,8,274,144.7,274.0,0.0,194.0,0.0,0,1
15042,2011-05-24 16:25:00,2010-04-23 14:01:00,2,315.45,238,9,37,396,157.725,396.0,0.0,238.0,0.0,0,1
15043,2010-09-02 15:09:00,2010-06-24 15:50:00,5,2333.3199999999997,719,39,301,69,466.66399999999993,17.25,0.0,719.0,0.0,0,1
15044,2011-06-16 12:05:00,2009-12-16 15:13:00,30,13387.890000000001,3947,264,14,546,446.26300000000003,18.82758620689655,19.0,3947.0,0.004813782619711173,2,0
15045,2011-03-27 11:44:00,2011-03-27 11:44:00,1,388.9,38,4,95,1,388.9,1.0,8.0,38.0,0.21052631578947367,1,0
15046,2011-06-19 12:31:00,2010-01-14 14:29:00,19,5412.78,2989,204,11,520,284.8831578947368,28.88888888888889,171.0,2989.0,0.057209769153563066,2,0
15047,2011-03-15 10:49:00,2011-03-15 10:49:00,1,343.62,222,22,107,1,343.62,1.0,0.0,222.0,0.0,0,1
15048,2011-05-03 11:40:00,2010-12-06 12:15:00,2,254.25,120,58,58,147,127.125,147.0,0.0,120.0,0.0,1,0
15049,2011-03-11 12:13:00,2011-03-11 12:13:00,1,121.17000000000002,63,3,111,1,121.17000000000002,1.0,0.0,63.0,0.0,0,1
15050,2010-10-14 14:18:00,2010-08-16 12:00:00,2,2349.5,1384,58,259,59,1174.75,59.0,0.0,1384.0,0.0,2,0
15051,2010-11-25 16:46:00,2009-12-01 13:29:00,6,2543.55,2042,113,217,359,423.925,71.8,12.0,2042.0,0.005876591576885406,1,0
15052,2011-01-24 15:52:00,2011-01-24 15:52:00,1,207.73000000000002,79,27,157,1,207.73000000000002,1.0,0.0,79.0,0.0,0,1
15053,2011-03-03 12:06:00,2011-03-03 12:06:00,1,222.65,257,19,119,1,222.65,1.0,0.0,257.0,0.0,1,0
15055,2010-08-22 11:06:00,2009-12-16 15:48:00,3,549.12,225,77,312,248,183.04,124.0,0.0,225.0,0.0,0,1
15056,2010-07-07 15:58:00,2010-07-07 15:58:00,1,113.64999999999999,69,6,358,1,113.64999999999999,1.0,0.0,69.0,0.0,0,1
15057,2011-03-09 15:17:00,2009-12-05 15:27:00,5,3255.96,1394,62,113,458,651.192,114.5,12.0,1394.0,0.00860832137733142,0,1
15058,2011-06-09 16:16:00,2010-02-24 14:07:00,11,2285.45,1065,163,21,470,207.7681818181818,47.0,3.0,1065.0,0.0028169014084507044,2,0
15059,2011-06-22 12:24:00,2009-12-06 12:17:00,15,2886.41,1298,273,8,563,192.42733333333334,40.214285714285715,19.0,1298.0,0.014637904468412942,2,0
15061,2011-06-21 10:56:00,2009-12-01 12:18:00,111,104074.92,62170,116,9,566,937.6118918918919,5.1454545454545455,690.0,62170.0,0.01109860061122728,9,0
15062,2011-05-06 10:19:00,2010-04-08 15:41:00,7,2411.8,1650,95,55,392,344.54285714285714,65.33333333333333,0.0,1650.0,0.0,1,0
15063,2011-05-10 13:25:00,2011-05-10 13:25:00,1,370.79999999999995,56,5,51,1,370.79999999999995,1.0,0.0,56.0,0.0,0,1
15064,2010-10-25 14:32:00,2009-12-22 16:17:00,4,1254.41,810,75,248,306,313.6025,102.0,0.0,810.0,0.0,0,1
15065,2011-06-28 11:44:00,2010-10-25 09:13:00,4,3027.48,1244,140,2,246,756.87,82.0,28.0,1244.0,0.022508038585209004,0,1
15067,2011-03-02 12:10:00,2010-04-11 15:54:00,3,2966.17,1532,125,120,324,988.7233333333334,162.0,1.0,1532.0,0.0006527415143603133,2,0
15068,2011-03-28 14:27:00,2010-03-28 13:18:00,3,861.5,598,139,94,365,287.1666666666667,182.5,0.0,598.0,0.0,0,1
15069,2011-06-13 14:16:00,2011-06-13 14:16:00,1,1109.53,520,70,17,1,1109.53,1.0,0.0,520.0,0.0,0,1
15070,2010-12-02 11:23:00,2009-12-15 13:49:00,3,737.0500000000001,339,26,210,351,245.68333333333337,175.5,0.0,347.0,0.0,0,1
15071,2011-03-09 10:19:00,2010-05-18 12:45:00,3,1062.16,312,31,113,294,354.05333333333334,147.0,0.0,312.0,0.0,1,0
15072,2010-08-17 15:46:00,2010-08-17 15:46:00,1,187.51999999999998,164,13,317,1,187.51999999999998,1.0,0.0,164.0,0.0,0,1
15073,2011-06-07 12:00:00,2010-01-27 08:48:00,7,2606.57,1347,109,23,496,372.3671428571429,82.66666666666667,214.0,1347.0,0.1588715664439495,0,1
15074,2010-10-06 15:49:00,2010-08-29 11:47:00,2,817.46,608,31,267,38,408.73,38.0,0.0,608.0,0.0,1,0
15076,2011-06-20 08:23:00,2010-07-05 14:11:00,3,1447.74,866,68,10,349,482.58,174.5,2.0,866.0,0.0023094688221709007,0,1
15077,2010-08-02 11:13:00,2009-12-09 17:10:00,2,2428.08,528,28,332,235,1214.04,235.0,2.0,528.0,0.003787878787878788,0,1
15078,2011-06-02 10:00:00,2009-12-04 12:03:00,35,11727.78,5796,99,28,544,335.0794285714286,16.0,80.0,5796.0,0.013802622498274672,10,0
15079,2011-05-11 12:45:00,2009-12-08 11:22:00,11,3625.4,1459,119,50,519,329.58181818181816,51.9,20.0,1459.0,0.013708019191226868,0,1
15080,2010-10-08 11:52:00,2010-07-26 10:03:00,2,546.25,287,31,265,74,273.125,74.0,0.0,287.0,0.0,0,1
15081,2011-05-15 13:31:00,2010-06-22 10:25:00,9,1597.82,672,65,46,327,177.53555555555556,40.875,2.0,672.0,0.002976190476190476,1,0
15082,2010-02-09 10:23:00,2010-02-09 10:23:00,1,93.35000000000001,43,6,506,1,93.35000000000001,1.0,0.0,43.0,0.0,0,1
15083,2011-03-28 12:18:00,2011-03-28 12:18:00,1,88.2,38,5,94,1,88.2,1.0,0.0,38.0,0.0,0,1
15084,2010-11-25 11:58:00,2010-03-04 10:45:00,2,965.1999999999999,600,31,217,266,482.59999999999997,266.0,0.0,600.0,0.0,0,1
15085,2009-12-10 11:47:00,2009-12-10 11:47:00,1,347.54,169,9,567,1,347.54,1.0,0.0,169.0,0.0,0,1
15086,2010-05-24 12:27:00,2010-03-24 13:56:00,2,218.53,95,10,402,60,109.265,60.0,0.0,95.0,0.0,0,1
15087,2011-03-03 10:34:00,2011-03-03 10:34:00,1,306.94,470,15,119,1,306.94,1.0,0.0,470.0,0.0,0,1
15090,2011-02-04 14:03:00,2011-02-04 14:03:00,1,381.32,208,23,146,1,381.32,1.0,0.0,208.0,0.0,0,1
15091,2010-02-03 11:50:00,2010-02-03 11:46:00,2,565.9,236,27,512,1,282.95,1.0,5.0,236.0,0.0211864406779661,0,1
15092,2011-05-08 14:10:00,2010-09-03 12:33:00,3,776.46,230,39,53,247,258.82,123.5,2.0,230.0,0.008695652173913044,0,1
15093,2011-05-17 11:28:00,2009-12-08 12:46:00,21,12502.04,9955,104,44,524,595.3352380952381,26.2,127.0,9955.0,0.012757408337518835,1,0
15094,2010-09-02 16:55:00,2010-03-05 12:56:00,2,83.0,28,4,301,181,41.5,181.0,0.0,28.0,0.0,0,1
15095,2011-05-20 14:27:00,2010-01-21 09:37:00,7,2541.54,1859,89,41,484,363.07714285714286,80.66666666666667,2.0,1859.0,0.0010758472296933835,3,0
15097,2010-05-05 14:33:00,2010-05-05 14:22:00,2,660.27,254,39,421,1,330.135,1.0,126.0,254.0,0.49606299212598426,0,1
15098,2011-06-10 15:33:00,2011-06-10 15:22:00,3,39916.5,121,1,20,1,13305.5,0.5,61.0,121.0,0.5041322314049587,0,1
15100,2011-01-10 10:35:00,2010-01-07 14:33:00,7,2193.8999999999996,270,11,171,367,313.41428571428565,61.166666666666664,44.0,270.0,0.16296296296296298,0,1
15101,2010-12-15 12:54:00,2010-04-28 15:00:00,5,1262.69,469,48,197,230,252.538,57.5,21.0,469.0,0.04477611940298507,0,1
15102,2010-06-27 12:16:00,2010-06-11 10:16:00,2,554.67,339,26,368,16,277.335,16.0,0.0,339.0,0.0,0,1
15104,2011-05-27 12:29:00,2011-03-02 14:16:00,2,993.54,635,66,34,85,496.77,85.0,2.0,635.0,0.0031496062992125984,0,1
15105,2010-10-05 14:12:00,2010-03-23 12:18:00,2,795.98,536,50,268,196,397.99,196.0,0.0,536.0,0.0,3,0
15106,2011-05-12 08:41:00,2011-03-15 12:52:00,2,778.45,560,51,49,57,389.225,57.0,0.0,560.0,0.0,1,0
15107,2011-02-01 14:46:00,2010-09-14 10:47:00,9,824.35,330,32,149,140,91.59444444444445,17.5,10.0,331.0,0.030211480362537766,0,1
15108,2011-06-06 16:01:00,2011-04-26 10:54:00,3,623.45,164,24,24,41,207.8166666666667,20.5,2.0,164.0,0.012195121951219513,1,0
15109,2011-04-08 09:58:00,2009-12-04 12:33:00,3,983.1,258,46,83,489,327.7,244.5,4.0,258.0,0.015503875968992248,0,1
15110,2011-01-25 11:41:00,2010-08-11 15:49:00,3,679.4,160,17,156,166,226.46666666666667,83.0,1.0,160.0,0.00625,1,0
15111,2010-12-02 11:45:00,2010-04-26 13:12:00,3,1163.39,454,60,210,219,387.7966666666667,109.5,0.0,454.0,0.0,0,1
15112,2010-04-07 14:17:00,2010-04-07 14:17:00,1,209.4,72,7,449,1,209.4,1.0,0.0,72.0,0.0,0,1
15114,2011-06-10 09:44:00,2010-10-14 16:44:00,6,1666.81,1439,79,20,238,277.8016666666667,47.6,0.0,1439.0,0.0,5,0
15115,2009-12-07 11:20:00,2009-12-07 11:20:00,1,191.74,88,14,570,1,191.74,1.0,1.0,88.0,0.011363636363636364,0,1
15116,2011-05-19 08:50:00,2011-05-19 08:50:00,1,479.65,147,15,42,1,479.65,1.0,0.0,147.0,0.0,1,0
15117,2011-05-08 12:38:00,2010-03-15 13:39:00,4,1246.5900000000001,1815,51,53,418,311.64750000000004,139.33333333333334,0.0,1815.0,0.0,1,0
15119,2011-04-08 09:08:00,2011-04-08 09:08:00,1,266.4,88,14,83,1,266.4,1.0,0.0,88.0,0.0,0,1
15121,2011-02-24 12:41:00,2011-02-24 12:41:00,1,295.15,125,18,126,1,295.15,1.0,0.0,125.0,0.0,0,1
15122,2011-05-19 19:32:00,2010-03-30 14:05:00,10,3784.1,1730,139,42,415,378.40999999999997,46.111111111111114,25.0,1730.0,0.014450867052023121,1,0
15123,2011-05-17 14:57:00,2010-03-16 09:49:00,4,3526.33,1838,113,44,427,881.5825,142.33333333333334,0.0,1838.0,0.0,0,1
15124,2011-06-01 09:06:00,2010-02-26 10:49:00,3,357.38,318,25,29,459,119.12666666666667,229.5,0.0,318.0,0.0,0,1
15125,2011-06-20 17:09:00,2010-03-31 13:29:00,17,13876.57,6782,130,10,446,816.2688235294117,27.875,159.0,6782.0,0.0234444116779711,4,0
15126,2010-06-21 12:31:00,2010-01-21 17:09:00,2,449.49,273,25,374,150,224.745,150.0,0.0,273.0,0.0,0,1
15127,2010-07-08 10:07:00,2010-07-08 10:07:00,1,304.97,213,12,357,1,304.97,1.0,0.0,213.0,0.0,0,1
15128,2011-06-24 11:39:00,2010-10-05 16:46:00,3,1170.78,985,67,6,261,390.26,130.5,17.0,985.0,0.017258883248730966,1,0
15129,2011-06-16 09:49:00,2010-04-08 17:15:00,19,5214.11,3395,75,14,433,274.4268421052631,24.055555555555557,0.0,3395.0,0.0,3,0
15130,2011-06-23 10:15:00,2011-06-23 10:15:00,1,330.11,197,22,7,1,330.11,1.0,0.0,197.0,0.0,0,1
15131,2010-11-10 12:07:00,2010-11-10 12:07:00,1,80.28,88,7,232,1,80.28,1.0,0.0,88.0,0.0,0,1
15132,2011-05-24 08:53:00,2011-03-22 12:02:00,2,489.87,377,24,37,62,244.935,62.0,0.0,377.0,0.0,1,0
15133,2011-03-27 10:56:00,2010-07-07 12:31:00,4,1482.38,592,34,95,262,370.595,87.33333333333333,0.0,592.0,0.0,1,0
15134,2011-06-15 10:29:00,2010-10-13 12:44:00,5,619.38,434,27,15,244,123.876,61.0,0.0,434.0,0.0,2,0
15135,2011-04-14 19:16:00,2010-06-01 13:33:00,2,305.68,84,17,77,317,152.84,317.0,2.0,84.0,0.023809523809523808,0,1
15137,2010-07-07 09:41:00,2010-01-28 15:45:00,2,823.4,596,34,358,159,411.7,159.0,89.0,596.0,0.1493288590604027,0,1
15138,2010-11-11 09:16:00,2010-11-11 09:16:00,1,502.52,300,31,231,1,502.52,1.0,22.0,300.0,0.07333333333333333,0,1
15139,2011-04-14 11:39:00,2011-01-07 12:44:00,2,178.96,208,13,77,96,89.48,96.0,0.0,208.0,0.0,0,1
15140,2011-05-25 11:01:00,2010-09-23 13:07:00,4,2016.8899999999999,1339,67,36,243,504.22249999999997,81.0,5.0,1339.0,0.0037341299477221808,3,0
15141,2010-09-08 11:33:00,2010-03-28 15:58:00,7,1388.47,1197,44,295,163,198.35285714285715,27.166666666666668,13.0,1197.0,0.01086048454469507,0,1
15142,2010-10-25 15:36:00,2010-07-27 09:05:00,5,2121.18,1790,97,248,90,424.236,22.5,1.0,1790.0,0.0005586592178770949,0,1
15143,2011-04-28 12:03:00,2010-10-03 13:58:00,2,563.63,320,27,63,206,281.815,206.0,0.0,320.0,0.0,0,1
15144,2011-05-06 13:07:00,2009-12-13 11:35:00,17,7274.89,2999,121,55,509,427.93470588235294,31.8125,46.0,2999.0,0.01533844614871624,7,0
15145,2011-04-26 16:40:00,2011-04-05 15:20:00,2,724.03,438,35,65,21,362.015,21.0,0.0,438.0,0.0,0,1
15146,2011-06-28 12:09:00,2011-02-21 13:07:00,2,1327.16,1473,90,2,126,663.58,126.0,14.0,1473.0,0.009504412763068567,0,1
15147,2011-04-13 15:57:00,2011-04-13 15:57:00,1,623.5,366,28,78,1,623.5,1.0,3.0,366.0,0.00819672131147541,0,1
15149,2010-05-12 16:04:00,2010-02-28 11:13:00,4,1033.81,252,44,414,73,258.4525,24.333333333333332,0.0,252.0,0.0,1,0
15150,2011-06-06 12:51:00,2010-06-14 12:01:00,5,5004.68,3479,318,24,357,1000.936,89.25,0.0,3479.0,0.0,5,0
15151,2010-10-12 16:37:00,2010-07-18 12:19:00,2,2085.61,795,56,261,86,1042.805,86.0,0.0,795.0,0.0,0,1
15152,2011-06-05 15:36:00,2010-01-07 15:15:00,2,1274.24,719,70,25,514,637.12,514.0,4.0,719.0,0.005563282336578581,6,0
15154,2010-08-18 17:43:00,2010-08-18 17:41:00,2,1089.44,244,101,316,1,544.72,1.0,0.0,244.0,0.0,1,0
15155,2010-11-21 12:59:00,2010-11-21 12:59:00,1,383.96999999999997,192,24,221,1,383.96999999999997,1.0,0.0,192.0,0.0,0,1
15157,2010-12-16 13:44:00,2009-12-10 14:44:00,3,1803.5,2152,81,196,370,601.1666666666666,185.0,72.0,2152.0,0.03345724907063197,1,0
15158,2010-11-03 13:46:00,2010-11-03 13:46:00,1,204.62,21,4,239,1,204.62,1.0,9.0,21.0,0.42857142857142855,0,1
15159,2011-06-21 14:23:00,2010-10-04 09:31:00,19,9621.31,5009,210,9,260,506.3847368421052,14.444444444444445,6.0,5009.0,0.0011978438810141745,5,0
15160,2010-12-17 14:15:00,2010-10-14 15:26:00,4,589.27,307,17,195,63,147.3175,21.0,0.0,307.0,0.0,0,1
15161,2010-11-16 16:08:00,2010-11-16 16:08:00,1,119.92,144,33,226,1,119.92,1.0,0.0,144.0,0.0,0,1
15162,2009-12-08 13:14:00,2009-12-08 13:14:00,1,312.9,74,12,569,1,312.9,1.0,8.0,74.0,0.10810810810810811,0,1
15163,2011-05-31 15:22:00,2011-05-31 15:22:00,1,155.0,48,10,30,1,155.0,1.0,0.0,48.0,0.0,0,1
15164,2011-05-15 13:14:00,2010-01-18 13:34:00,8,1566.76,703,223,46,481,195.845,68.71428571428571,2.0,703.0,0.002844950213371266,0,1
15165,2010-12-01 14:03:00,2010-12-01 14:03:00,1,487.75,160,27,211,1,487.75,1.0,0.0,160.0,0.0,0,1
15166,2010-08-29 12:31:00,2010-08-29 12:31:00,1,167.16,140,12,305,1,167.16,1.0,0.0,140.0,0.0,0,1
15167,2011-01-23 12:41:00,2010-02-04 14:13:00,5,1627.62,863,262,158,352,325.524,88.0,0.0,863.0,0.0,0,1
15169,2010-11-22 13:04:00,2009-12-13 11:16:00,2,569.22,356,58,220,344,284.61,344.0,0.0,356.0,0.0,0,1
15170,2010-10-29 10:34:00,2010-10-29 10:34:00,1,81.15,33,4,244,1,81.15,1.0,0.0,33.0,0.0,0,1
15171,2011-01-12 15:36:00,2011-01-12 15:36:00,1,1289.5,290,5,169,1,1289.5,1.0,100.0,290.0,0.3448275862068966,0,1
15172,2011-05-27 09:48:00,2011-04-17 11:56:00,2,526.2,480,38,34,39,263.1,39.0,0.0,480.0,0.0,2,0
15173,2010-11-24 10:21:00,2010-04-01 12:26:00,7,1494.6,840,68,218,236,213.5142857142857,39.333333333333336,12.0,840.0,0.014285714285714285,0,1
15174,2011-01-21 09:06:00,2010-10-25 09:40:00,2,481.46,382,34,160,87,240.73,87.0,0.0,382.0,0.0,0,1
15176,2010-02-10 10:36:00,2010-02-10 10:36:00,1,988.04,448,52,505,1,988.04,1.0,1.0,448.0,0.002232142857142857,0,1
15177,2010-10-10 12:48:00,2010-10-10 12:48:00,1,948.93,485,26,263,1,948.93,1.0,0.0,485.0,0.0,0,1
15178,2011-03-24 15:12:00,2011-03-24 15:12:00,1,40.5,30,3,98,1,40.5,1.0,0.0,30.0,0.0,0,1
15179,2011-04-20 09:03:00,2009-12-03 12:27:00,11,6740.09,4772,190,71,502,612.7354545454546,50.2,52.0,4772.0,0.010896898575020955,0,1
15180,2010-12-07 14:57:00,2010-04-29 15:27:00,3,816.93,654,46,205,221,272.31,110.5,0.0,654.0,0.0,0,1
15181,2011-06-17 13:57:00,2009-12-08 19:02:00,4,945.7199999999999,396,14,13,555,236.42999999999998,185.0,50.0,396.0,0.12626262626262627,0,1
15182,2011-03-16 12:42:00,2010-02-21 12:03:00,10,2746.582,1077,75,106,388,274.65819999999997,43.111111111111114,12.0,1077.0,0.011142061281337047,1,0
15183,2010-06-10 10:43:00,2010-05-04 11:31:00,3,639.93,297,33,385,36,213.30999999999997,18.0,2.0,297.0,0.006734006734006734,0,1
15184,2011-06-02 12:06:00,2009-12-16 12:06:00,3,518.42,336,34,28,533,172.80666666666664,266.5,0.0,336.0,0.0,0,1
15186,2011-06-24 14:54:00,2010-01-12 10:14:00,4,1221.05,663,26,6,528,305.2625,176.0,0.0,663.0,0.0,0,1
15187,2011-06-24 09:38:00,2011-05-11 13:49:00,2,1038.8,300,12,6,43,519.4,43.0,0.0,300.0,0.0,6,0
15188,2009-12-14 13:30:00,2009-12-14 13:30:00,1,310.43,233,23,563,1,310.43,1.0,0.0,233.0,0.0,0,1
15189,2011-06-29 13:20:00,2010-07-18 13:37:00,24,7618.42,3010,56,1,345,317.43416666666667,15.0,107.0,3010.0,0.035548172757475086,14,0
15190,2010-10-01 13:09:00,2010-10-01 13:09:00,1,834.4399999999999,790,40,272,1,834.4399999999999,1.0,0.0,790.0,0.0,0,1
15191,2010-09-02 15:37:00,2010-01-20 12:35:00,3,588.05,287,33,301,225,196.01666666666665,112.5,0.0,287.0,0.0,0,1
15192,2011-06-01 15:47:00,2010-01-29 10:13:00,4,1360.06,1167,56,29,488,340.015,162.66666666666666,0.0,1167.0,0.0,1,0
15194,2011-06-22 12:09:00,2009-12-03 10:37:00,23,8472.51,6198,219,8,566,368.37,25.727272727272727,76.0,6198.0,0.012262020006453695,3,0
15196,2010-10-03 10:50:00,2009-12-13 11:14:00,2,313.7,130,34,270,293,156.85,293.0,0.0,130.0,0.0,0,1
15197,2011-04-01 11:50:00,2009-12-11 12:56:00,5,1571.15,791,35,90,475,314.23,118.75,17.0,791.0,0.021491782553729456,0,1
15198,2010-10-27 10:32:00,2010-01-19 10:01:00,3,377.71,207,20,246,281,125.90333333333332,140.5,2.0,207.0,0.00966183574879227,2,0
15199,2011-04-18 12:45:00,2010-05-13 10:14:00,8,2510.85,725,17,73,340,313.85625,48.57142857142857,0.0,725.0,0.0,1,0
15200,2010-08-02 09:38:00,2010-08-02 09:38:00,1,549.05,195,30,332,1,549.05,1.0,0.0,195.0,0.0,0,1
15201,2011-05-19 16:09:00,2010-04-07 14:50:00,4,1208.68,1109,36,42,407,302.17,135.66666666666666,15.0,1109.0,0.013525698827772768,3,0
15202,2010-10-15 13:05:00,2010-10-15 12:39:00,3,6001.49,3,1,258,1,2000.4966666666667,0.5,5.0,3.0,1.6666666666666667,0,1
15203,2011-05-25 15:31:00,2009-12-08 18:06:00,11,3265.28,3102,126,36,532,296.8436363636364,53.2,0.0,3102.0,0.0,3,0
15204,2010-12-17 13:49:00,2010-12-17 13:49:00,1,316.58,258,9,195,1,316.58,1.0,0.0,258.0,0.0,0,1
15206,2011-03-09 08:59:00,2011-03-09 08:59:00,1,17.700000000000003,6,1,113,1,17.700000000000003,1.0,0.0,6.0,0.0,2,0
15207,2010-10-19 13:29:00,2010-06-10 17:29:00,3,683.9200000000001,428,19,254,130,227.97333333333336,65.0,30.0,428.0,0.07009345794392523,0,1
15208,2011-06-29 13:51:00,2010-10-12 12:17:00,3,423.91999999999996,194,19,1,260,141.30666666666664,130.0,0.0,194.0,0.0,0,1
15209,2009-12-09 17:26:00,2009-12-09 17:26:00,1,178.98,94,13,568,1,178.98,1.0,0.0,94.0,0.0,0,1
15210,2011-04-28 16:11:00,2010-05-13 14:42:00,3,1176.19,841,66,63,350,392.06333333333333,175.0,0.0,841.0,0.0,0,1
15211,2010-12-09 16:08:00,2010-12-09 16:08:00,1,383.07,117,23,203,1,383.07,1.0,0.0,117.0,0.0,0,1
15212,2011-04-12 13:45:00,2010-11-28 10:45:00,2,208.28,84,7,79,135,104.14,135.0,3.0,84.0,0.03571428571428571,0,1
15213,2011-01-25 12:21:00,2011-01-14 11:05:00,2,328.35,272,22,156,11,164.175,11.0,2.0,272.0,0.007352941176470588,0,1
15214,2011-06-09 09:44:00,2011-04-11 09:46:00,2,651.63,556,46,21,58,325.815,58.0,0.0,556.0,0.0,1,0
15215,2010-11-11 10:50:00,2010-04-06 11:21:00,4,1687.49,551,59,231,218,421.8725,72.66666666666667,296.0,551.0,0.5372050816696915,1,0
15216,2010-03-31 09:52:00,2010-03-31 09:52:00,1,389.49,189,22,456,1,389.49,1.0,0.0,189.0,0.0,1,0
15217,2010-05-25 13:51:00,2010-05-25 13:51:00,1,426.24,190,28,401,1,426.24,1.0,0.0,190.0,0.0,0,1
15218,2011-06-14 11:23:00,2010-01-26 11:33:00,15,8159.54,4565,120,16,503,543.9693333333333,35.92857142857143,33.0,4565.0,0.007228915662650603,5,0
15219,2011-06-16 16:57:00,2010-03-01 11:33:00,2,685.45,271,26,14,472,342.725,472.0,0.0,271.0,0.0,0,1
15220,2011-06-23 10:52:00,2011-03-04 10:24:00,4,946.81,861,57,7,111,236.7025,37.0,16.0,861.0,0.018583042973286876,1,0
15221,2010-12-08 13:08:00,2010-03-12 10:40:00,4,2062.2000000000003,244,21,204,271,515.5500000000001,90.33333333333333,30.0,244.0,0.12295081967213115,0,1
15222,2011-01-25 08:03:00,2009-12-16 13:49:00,11,3550.91,4458,98,156,404,322.81,40.4,317.0,4458.0,0.07110812023328847,0,1
15223,2011-04-28 11:31:00,2009-12-05 11:19:00,5,1417.95,385,26,63,509,283.59000000000003,127.25,115.0,385.0,0.2987012987012987,0,1
15224,2010-12-16 15:02:00,2010-01-15 16:14:00,5,871.36,443,24,196,334,174.272,83.5,20.0,443.0,0.045146726862302484,0,1
15225,2011-04-19 14:51:00,2011-04-19 14:51:00,1,409.40000000000003,226,23,72,1,409.40000000000003,1.0,0.0,226.0,0.0,0,1
15226,2011-02-02 11:41:00,2011-02-02 11:41:00,1,154.41,71,8,148,1,154.41,1.0,0.0,71.0,0.0,0,1
15227,2011-05-08 10:11:00,2010-03-16 08:23:00,7,2145.91,1056,79,53,418,306.5585714285714,69.66666666666667,0.0,1056.0,0.0,0,1
15228,2011-06-23 14:12:00,2010-07-28 10:21:00,4,3447.01,2139,130,7,330,861.7525,110.0,0.0,2139.0,0.0,1,0
15229,2010-05-02 13:50:00,2010-05-02 13:50:00,1,160.5,114,9,424,1,160.5,1.0,0.0,114.0,0.0,0,1
15230,2011-04-14 14:39:00,2011-04-13 11:04:00,2,429.6,351,23,77,1,214.8,1.0,0.0,351.0,0.0,0,1
15231,2010-03-28 15:12:00,2010-03-28 15:12:00,1,250.26,190,14,459,1,250.26,1.0,8.0,190.0,0.042105263157894736,0,1
15233,2010-11-03 13:36:00,2010-11-03 13:36:00,1,59.400000000000006,12,1,239,1,59.400000000000006,1.0,0.0,12.0,0.0,0,1
15234,2011-03-08 08:53:00,2011-03-08 08:53:00,1,197.0,196,14,114,1,197.0,1.0,0.0,196.0,0.0,0,1
15235,2011-05-06 09:44:00,2010-11-16 12:48:00,16,2772.76,1676,161,55,170,173.2975,11.333333333333334,0.0,1676.0,0.0,0,1
15236,2011-02-14 10:52:00,2011-02-14 10:52:00,1,321.05,269,15,136,1,321.05,1.0,0.0,269.0,0.0,0,1
15237,2011-05-20 14:47:00,2011-04-26 15:04:00,2,1093.65,798,74,41,23,546.825,23.0,0.0,798.0,0.0,1,0
15238,2011-06-08 16:00:00,2011-06-08 16:00:00,1,300.14,222,14,22,1,300.14,1.0,3.0,222.0,0.013513513513513514,1,0
15240,2011-06-01 11:27:00,2009-12-05 14:57:00,10,3798.79,2600,108,29,542,379.879,60.22222222222222,59.0,2600.0,0.022692307692307692,1,0
15241,2011-06-09 09:39:00,2010-02-23 13:59:00,7,2359.08,2486,101,21,470,337.01142857142855,78.33333333333333,3.0,2486.0,0.0012067578439259854,3,0
15242,2010-10-13 15:33:00,2010-10-13 15:33:00,1,302.04,196,4,260,1,302.04,1.0,0.0,196.0,0.0,0,1
15243,2010-09-30 17:28:00,2010-09-30 17:28:00,1,610.6,358,39,273,1,610.6,1.0,0.0,358.0,0.0,1,0
15244,2011-04-05 15:12:00,2010-02-11 14:48:00,2,578.45,307,28,86,418,289.225,418.0,2.0,307.0,0.006514657980456026,0,1
15245,2011-06-05 13:29:00,2010-04-23 14:23:00,7,3832.72,2471,72,25,407,547.5314285714286,67.83333333333333,0.0,2471.0,0.0,1,0
15246,2011-04-15 14:45:00,2010-06-02 11:28:00,3,780.4,359,45,76,317,260.1333333333333,158.5,0.0,359.0,0.0,0,1
15247,2010-08-19 10:13:00,2010-06-20 14:08:00,2,620.06,354,10,315,59,310.03,59.0,1.0,354.0,0.002824858757062147,1,0
15248,2010-10-24 13:09:00,2010-06-23 14:34:00,3,1893.93,1065,103,249,122,631.3100000000001,61.0,8.0,1065.0,0.007511737089201878,0,1
15249,2011-05-27 10:20:00,2010-03-26 14:51:00,10,5418.91,2838,214,34,426,541.891,47.333333333333336,16.0,2838.0,0.005637773079633545,6,0
15250,2010-03-09 07:35:00,2010-03-09 07:35:00,1,60.0,48,3,478,1,60.0,1.0,0.0,48.0,0.0,0,1
15251,2011-06-14 12:09:00,2010-01-29 12:42:00,13,15328.75,9333,149,16,500,1179.1346153846155,41.666666666666664,89.0,9333.0,0.009536054859102111,5,0
15252,2011-06-09 14:15:00,2010-04-07 10:24:00,4,1663.18,1007,82,21,428,415.795,142.66666666666666,15.0,1007.0,0.014895729890764648,0,1
15253,2011-06-23 12:19:00,2010-05-02 11:17:00,4,1310.74,933,67,7,417,327.685,139.0,9.0,933.0,0.00964630225080386,2,0
15254,2010-06-11 10:30:00,2010-05-28 10:08:00,2,787.99,436,46,384,14,393.995,14.0,1.0,436.0,0.0022935779816513763,1,0
15255,2010-11-08 15:12:00,2009-12-03 09:10:00,8,2815.17,1725,101,234,340,351.89625,48.57142857142857,19.0,1725.0,0.011014492753623189,0,1
15256,2010-05-27 11:41:00,2010-05-27 11:41:00,1,71.95,37,4,399,1,71.95,1.0,0.0,37.0,0.0,1,0
15257,2011-03-01 12:58:00,2010-10-21 14:03:00,2,685.9,71,11,121,130,342.95,130.0,1.0,71.0,0.014084507042253521,0,1
15258,2011-06-24 12:30:00,2011-05-06 14:16:00,2,623.16,142,32,6,48,311.58,48.0,0.0,142.0,0.0,0,1
15259,2010-07-15 08:47:00,2010-01-26 09:41:00,4,1182.3799999999999,631,50,350,169,295.59499999999997,56.333333333333336,0.0,631.0,0.0,0,1
15260,2011-06-06 11:59:00,2009-12-06 11:45:00,23,8227.44,4205,176,24,547,357.71478260869566,24.863636363636363,13.0,4205.0,0.0030915576694411414,2,0
15261,2010-11-23 09:13:00,2010-10-01 11:59:00,3,1253.18,536,70,219,52,417.7266666666667,26.0,0.0,536.0,0.0,1,0
15262,2011-01-20 12:16:00,2010-08-08 15:55:00,3,418.82,218,22,161,164,139.60666666666665,82.0,0.0,218.0,0.0,0,1
15264,2010-06-27 13:29:00,2010-06-27 13:29:00,1,454.66,178,32,368,1,454.66,1.0,2.0,178.0,0.011235955056179775,0,1
15265,2011-04-18 12:16:00,2009-12-01 17:08:00,3,2551.76,1198,146,73,502,850.5866666666667,251.0,0.0,1198.0,0.0,1,0
15266,2011-01-05 13:40:00,2010-01-07 12:19:00,5,852.21,236,38,176,363,170.442,90.75,1.0,236.0,0.00423728813559322,0,1
15267,2011-06-10 10:24:00,2011-06-10 10:24:00,1,1035.76,488,5,20,1,1035.76,1.0,0.0,488.0,0.0,1,0
15268,2010-08-18 10:33:00,2010-04-13 11:27:00,3,961.9000000000001,428,21,316,126,320.6333333333334,63.0,6.0,428.0,0.014018691588785047,0,1
15269,2010-11-24 15:32:00,2010-11-14 12:58:00,2,816.56,346,32,218,10,408.28,10.0,0.0,346.0,0.0,0,1
15270,2011-04-15 09:43:00,2009-12-17 15:02:00,18,7459.12,3166,65,76,483,414.3955555555556,28.41176470588235,318.0,3166.0,0.10044219835754896,1,0
15271,2011-06-30 08:17:00,2010-08-05 14:57:00,16,3091.65,1677,281,0,328,193.228125,21.866666666666667,31.0,1677.0,0.018485390578413835,3,0
15272,2010-09-15 17:07:00,2010-02-14 13:39:00,4,1309.01,355,209,288,213,327.2525,71.0,0.0,355.0,0.0,1,0
15273,2010-04-19 11:31:00,2010-04-19 11:31:00,1,228.96,216,1,437,1,228.96,1.0,0.0,216.0,0.0,0,1
15276,2010-11-10 16:07:00,2010-10-01 12:24:00,3,491.17,256,115,232,40,163.72333333333333,20.0,4.0,256.0,0.015625,0,1
15277,2010-10-10 16:02:00,2010-10-10 16:02:00,1,220.44,168,14,263,1,220.44,1.0,0.0,168.0,0.0,0,1
15278,2010-05-27 10:03:00,2010-02-12 14:53:00,4,496.15999999999997,458,29,399,103,124.03999999999999,34.333333333333336,0.0,458.0,0.0,0,1
15279,2010-12-20 10:48:00,2010-02-02 10:15:00,5,1580.54,802,74,192,321,316.108,80.25,64.0,802.0,0.0798004987531172,0,1
15280,2011-06-20 17:14:00,2010-05-17 14:17:00,3,397.52,507,48,10,399,132.50666666666666,199.5,0.0,507.0,0.0,0,1
15281,2011-05-26 10:03:00,2010-10-08 12:14:00,13,8138.83,5027,414,35,229,626.0638461538462,19.083333333333332,52.0,5027.0,0.01034414163517008,2,0
15282,2010-05-18 16:27:00,2010-05-18 16:27:00,1,348.59,395,27,408,1,348.59,1.0,0.0,395.0,0.0,0,1
15283,2010-11-14 14:54:00,2010-07-09 15:46:00,3,148.33,27,9,228,127,49.443333333333335,63.5,2.0,27.0,0.07407407407407407,0,1
15284,2010-07-27 13:25:00,2010-07-27 13:25:00,1,24.75,5,1,338,1,24.75,1.0,0.0,5.0,0.0,0,1
15285,2010-10-28 09:46:00,2010-10-28 09:46:00,1,94.92,120,6,245,1,94.92,1.0,0.0,120.0,0.0,0,1
15287,2010-11-25 10:29:00,2009-12-02 12:13:00,3,369.34000000000003,577,13,217,357,123.11333333333334,178.5,0.0,577.0,0.0,1,0
15288,2011-05-23 10:38:00,2010-02-12 15:27:00,8,3032.86,1134,114,38,464,379.1075,66.28571428571429,0.0,1134.0,0.0,1,0
15289,2011-04-04 12:44:00,2010-03-28 11:45:00,3,1028.76,952,45,87,372,342.92,186.0,6.0,952.0,0.0063025210084033615,1,0
15290,2011-05-20 14:35:00,2010-02-24 10:15:00,16,4585.63,3199,62,41,450,286.601875,30.0,38.0,3199.0,0.011878712097530478,5,0
15291,2011-06-20 09:44:00,2009-12-03 11:09:00,36,12155.73,3968,112,10,563,337.65916666666664,16.085714285714285,349.0,3968.0,0.08795362903225806,1,0
15292,2011-05-22 15:00:00,2011-05-22 15:00:00,1,178.39,55,24,39,1,178.39,1.0,0.0,55.0,0.0,0,1
15293,2010-02-12 11:54:00,2010-02-12 11:54:00,1,247.5,178,19,503,1,247.5,1.0,0.0,178.0,0.0,0,1
15294,2010-10-25 11:45:00,2010-10-25 11:45:00,1,233.35,97,15,248,1,233.35,1.0,2.0,97.0,0.020618556701030927,0,1
15295,2010-02-23 13:03:00,2010-02-23 13:03:00,1,207.04,139,50,492,1,207.04,1.0,0.0,139.0,0.0,0,1
15296,2011-06-17 11:06:00,2010-01-21 13:48:00,10,8741.66,4827,325,13,511,874.1659999999999,56.77777777777778,21.0,4827.0,0.00435052827843381,1,0
15298,2011-06-05 15:06:00,2009-12-08 17:04:00,16,6039.07,4209,166,25,543,377.441875,36.2,28.0,4209.0,0.006652411499168448,2,0
15299,2011-06-28 17:01:00,2010-01-12 11:34:00,8,4684.53,2986,7,2,532,585.56625,76.0,9.0,2986.0,0.003014065639651708,0,1
15301,2011-06-20 13:06:00,2010-09-15 15:41:00,12,4672.83,2565,182,10,277,389.4025,25.181818181818183,0.0,2565.0,0.0,4,0
15302,2009-12-09 13:11:00,2009-12-09 13:11:00,1,308.0,102,15,568,1,308.0,1.0,1.0,102.0,0.00980392156862745,0,1
15303,2011-02-22 13:59:00,2010-01-25 09:42:00,3,1224.18,514,63,128,393,408.06,196.5,4.0,514.0,0.007782101167315175,0,1
15304,2011-06-28 08:19:00,2010-10-14 10:24:00,7,593.9,82,8,2,256,84.84285714285714,42.666666666666664,4.0,82.0,0.04878048780487805,1,0
15305,2010-06-02 13:50:00,2010-06-02 13:50:00,1,93.6,40,5,393,1,93.6,1.0,0.0,40.0,0.0,0,1
15306,2010-07-27 14:39:00,2010-02-18 17:12:00,6,2310.38,2264,80,338,158,385.06333333333333,31.6,1.0,2264.0,0.00044169611307420494,2,0
15308,2011-03-10 13:08:00,2011-03-10 13:08:00,1,310.47,175,19,112,1,310.47,1.0,2.0,175.0,0.011428571428571429,0,1
15309,2010-04-08 11:11:00,2009-12-04 13:01:00,4,797.96,440,49,448,124,199.49,41.333333333333336,23.0,440.0,0.05227272727272727,0,1
15310,2010-08-18 11:38:00,2010-08-18 11:38:00,1,1634.64,1476,45,316,1,1634.64,1.0,0.0,1476.0,0.0,0,1
15311,2011-06-29 13:40:00,2009-12-01 11:21:00,166,91327.66,55765,704,1,575,550.1666265060242,3.484848484848485,1044.0,55765.0,0.01872142024567381,21,0
15312,2011-05-08 15:22:00,2009-12-16 09:23:00,10,2613.2400000000002,1517,111,53,508,261.324,56.44444444444444,4.0,1517.0,0.0026367831245880024,2,0
15314,2011-05-24 14:39:00,2010-10-07 15:41:00,3,820.4499999999999,750,49,37,228,273.4833333333333,114.0,12.0,750.0,0.016,0,1
15316,2011-01-17 11:34:00,2011-01-17 11:34:00,1,165.0,100,1,164,1,165.0,1.0,0.0,100.0,0.0,0,1
15317,2010-01-31 15:55:00,2010-01-31 15:55:00,1,129.75,45,5,515,1,129.75,1.0,6.0,45.0,0.13333333333333333,0,1
15319,2011-03-01 12:48:00,2011-03-01 12:48:00,1,204.5,175,16,121,1,204.5,1.0,0.0,175.0,0.0,0,1
15321,2011-02-21 11:10:00,2010-02-03 09:47:00,10,5120.89,3017,206,129,383,512.089,42.55555555555556,21.0,3017.0,0.0069605568445475635,2,0
15322,2010-08-20 13:10:00,2010-08-20 13:10:00,1,711.18,555,41,314,1,711.18,1.0,0.0,555.0,0.0,1,0
15323,2010-05-26 10:01:00,2010-02-16 09:21:00,3,434.6,188,29,400,99,144.86666666666667,49.5,49.0,188.0,0.26063829787234044,0,1
15324,2010-01-07 14:37:00,2010-01-07 14:37:00,1,140.22000000000003,74,8,539,1,140.22000000000003,1.0,0.0,74.0,0.0,0,1
15325,2010-11-09 13:14:00,2010-02-16 13:30:00,7,1439.72,1151,141,233,265,205.67428571428573,44.166666666666664,8.0,1151.0,0.0069504778453518675,1,0
15326,2011-01-10 11:38:00,2009-12-01 13:19:00,5,1700.52,1351,94,171,404,340.104,101.0,31.0,1351.0,0.0229459659511473,0,1
15328,2010-10-28 09:05:00,2010-10-28 09:05:00,1,107.24,88,8,245,1,107.24,1.0,0.0,88.0,0.0,0,1
15329,2011-06-21 10:37:00,2009-12-14 12:18:00,9,2218.23,843,65,9,553,246.47,69.125,54.0,843.0,0.06405693950177936,1,0
15331,2010-07-28 09:42:00,2010-04-09 14:26:00,3,767.91,701,41,337,109,255.97,54.5,4.0,701.0,0.005706134094151213,0,1
15332,2010-12-08 14:43:00,2010-07-14 13:01:00,6,4892.68,2306,113,204,147,815.4466666666667,29.4,0.0,2306.0,0.0,0,1
15333,2011-05-15 13:27:00,2011-05-15 13:27:00,1,1028.56,344,16,46,1,1028.56,1.0,0.0,344.0,0.0,0,1
15334,2011-06-29 14:20:00,2011-06-19 13:51:00,2,223.29,159,49,1,10,111.645,10.0,0.0,159.0,0.0,1,0
15336,2010-11-03 12:39:00,2010-11-03 12:39:00,1,240.5,84,15,239,1,240.5,1.0,0.0,84.0,0.0,0,1
15337,2010-10-24 15:29:00,2010-10-24 15:29:00,1,373.02,200,21,249,1,373.02,1.0,8.0,200.0,0.04,0,1
15338,2010-01-31 14:25:00,2010-01-31 14:25:00,1,277.93,148,56,515,1,277.93,1.0,0.0,148.0,0.0,0,1
15339,2011-01-25 13:15:00,2010-02-08 13:38:00,6,1504.85,881,134,156,350,250.8083333333333,70.0,41.0,881.0,0.046538024971623154,0,1
15340,2010-05-27 10:27:00,2010-05-27 10:27:00,1,105.5,76,7,399,1,105.5,1.0,0.0,76.0,0.0,0,1
15341,2010-09-16 16:41:00,2010-09-16 16:41:00,1,382.2,196,7,287,1,382.2,1.0,2.0,196.0,0.01020408163265306,1,0
15346,2011-01-11 11:18:00,2010-10-04 15:11:00,3,596.12,260,36,170,98,198.70666666666668,49.0,3.0,260.0,0.011538461538461539,0,1
15347,2010-12-08 15:25:00,2010-09-28 12:50:00,4,1162.0,542,29,204,71,290.5,23.666666666666668,6.0,542.0,0.01107011070110701,0,1
15349,2011-06-05 15:46:00,2011-06-05 15:46:00,1,356.21,244,58,25,1,356.21,1.0,0.0,244.0,0.0,1,0
15350,2010-12-01 13:33:00,2010-11-21 15:14:00,2,547.6,272,26,211,9,273.8,9.0,0.0,272.0,0.0,0,1
15351,2010-12-05 11:49:00,2010-10-03 12:18:00,4,1770.23,737,103,207,62,442.5575,20.666666666666668,12.0,737.0,0.016282225237449117,1,0
15352,2010-06-09 11:28:00,2010-06-09 11:28:00,1,111.15,40,34,386,1,111.15,1.0,0.0,40.0,0.0,0,1
15353,2011-03-30 12:15:00,2009-12-02 11:33:00,7,2794.4700000000003,1391,274,92,483,399.21000000000004,80.5,2.0,1391.0,0.0014378145219266715,0,1
15354,2010-04-15 16:24:00,2010-04-15 16:17:00,3,284.4,3,1,441,1,94.8,0.5,4.0,3.0,1.3333333333333333,0,1
15356,2011-06-17 14:44:00,2010-10-13 13:12:00,9,2088.96,1156,252,13,247,232.10666666666668,30.875,0.0,1156.0,0.0,3,0
15358,2011-06-14 09:43:00,2009-12-07 12:19:00,33,12855.61,11937,320,16,553,389.5639393939394,17.28125,154.0,11937.0,0.012901063918907598,5,0
15359,2010-02-15 10:47:00,2010-01-15 11:30:00,8,181.35,145,10,500,30,22.66875,4.285714285714286,15.0,145.0,0.10344827586206896,0,1
15361,2010-12-13 09:52:00,2010-06-14 13:27:00,4,689.07,373,10,199,181,172.2675,60.333333333333336,0.0,373.0,0.0,0,1
15362,2010-09-17 10:37:00,2009-12-01 09:08:00,2,613.0799999999999,368,38,286,290,306.53999999999996,290.0,0.0,368.0,0.0,0,1
15363,2010-12-02 12:28:00,2010-08-04 08:41:00,2,678.11,383,32,210,120,339.055,120.0,1.0,383.0,0.0026109660574412533,0,1
15364,2011-03-30 13:39:00,2011-03-30 13:39:00,1,331.80000000000007,84,3,92,1,331.80000000000007,1.0,0.0,84.0,0.0,1,0
15365,2011-01-28 13:08:00,2010-02-04 16:43:00,7,2451.42,1132,87,153,357,350.20285714285717,59.5,0.0,1132.0,0.0,3,0
15366,2010-12-16 15:59:00,2010-02-26 10:10:00,6,1892.11,1887,68,196,293,315.35166666666663,58.6,0.0,1887.0,0.0,1,0
15367,2011-04-08 11:50:00,2009-12-10 14:20:00,9,4619.92,2637,191,83,483,513.3244444444445,60.375,8.0,2637.0,0.0030337504740235114,0,1
15368,2010-11-10 15:52:00,2010-11-10 15:52:00,1,275.8,176,4,232,1,275.8,1.0,0.0,176.0,0.0,0,1
15369,2010-08-04 13:54:00,2009-12-08 07:43:00,11,6251.26,3288,44,330,239,568.2963636363637,23.9,1532.0,3288.0,0.4659367396593674,0,1
15370,2011-05-20 09:38:00,2010-10-25 12:08:00,4,2480.9,1029,77,41,206,620.225,68.66666666666667,0.0,1029.0,0.0,2,0
15371,2010-02-15 13:14:00,2010-02-15 13:14:00,1,59.400000000000006,12,1,500,1,59.400000000000006,1.0,0.0,12.0,0.0,0,1
15372,2010-09-15 14:52:00,2010-02-14 11:24:00,7,4009.66,3486,19,288,213,572.8085714285714,35.5,74.0,3486.0,0.021227768215720023,1,0
15373,2011-06-19 14:08:00,2010-05-02 11:57:00,12,2188.93,536,93,11,413,182.41083333333333,37.54545454545455,24.0,536.0,0.04477611940298507,2,0
15374,2010-03-25 12:03:00,2010-03-25 12:03:00,1,139.32,164,6,462,1,139.32,1.0,0.0,164.0,0.0,1,0
15375,2010-01-18 15:38:00,2010-01-18 15:38:00,1,60.959999999999994,84,6,528,1,60.959999999999994,1.0,0.0,84.0,0.0,0,1
15376,2011-05-01 13:45:00,2011-05-01 13:45:00,1,642.37,371,57,60,1,642.37,1.0,0.0,371.0,0.0,1,0
15377,2010-11-22 08:55:00,2010-10-20 11:42:00,4,1211.75,253,15,220,32,302.9375,10.666666666666666,4.0,253.0,0.015810276679841896,0,1
15378,2010-09-03 11:30:00,2010-07-26 08:47:00,2,246.5,130,8,300,39,123.25,39.0,0.0,130.0,0.0,0,1
15379,2011-06-23 13:13:00,2010-11-04 11:59:00,8,4877.84,3000,177,7,231,609.73,33.0,12.0,3000.0,0.004,0,1
15380,2010-12-09 15:01:00,2009-12-01 13:50:00,7,1788.8,656,6,203,373,255.54285714285714,62.166666666666664,16.0,656.0,0.024390243902439025,2,0
15381,2011-05-10 11:55:00,2010-05-05 14:35:00,5,1890.5700000000002,802,20,51,369,378.11400000000003,92.25,1.0,802.0,0.0012468827930174563,0,1
15382,2011-06-08 11:57:00,2009-12-04 14:13:00,10,9904.960000000001,6794,243,22,550,990.4960000000001,61.111111111111114,48.0,6794.0,0.007065057403591404,1,0
15384,2011-06-23 10:57:00,2010-04-26 12:38:00,4,2027.79,1767,83,7,422,506.9475,140.66666666666666,3.0,1767.0,0.001697792869269949,0,1
15385,2010-11-12 12:28:00,2010-01-31 13:02:00,2,625.2,267,8,230,284,312.6,284.0,0.0,267.0,0.0,0,1
15386,2011-06-06 13:47:00,2011-06-06 13:47:00,1,394.14,446,31,24,1,394.14,1.0,0.0,446.0,0.0,0,1
15387,2010-08-04 16:05:00,2010-08-04 16:05:00,1,468.65,335,20,330,1,468.65,1.0,0.0,335.0,0.0,0,1
15388,2011-03-14 13:53:00,2011-03-14 13:53:00,1,140.54,88,10,108,1,140.54,1.0,0.0,88.0,0.0,0,1
15389,2011-06-20 16:18:00,2010-01-27 12:44:00,5,2733.8,3940,2,10,509,546.76,127.25,0.0,3940.0,0.0,0,1
15390,2010-11-08 15:19:00,2010-10-26 17:23:00,2,1216.66,894,77,234,12,608.33,12.0,0.0,894.0,0.0,0,1
15391,2010-05-04 15:04:00,2010-05-04 15:04:00,1,289.87,109,12,422,1,289.87,1.0,1.0,109.0,0.009174311926605505,0,1
15392,2010-12-14 15:50:00,2010-10-04 12:50:00,4,1715.07,1269,54,198,71,428.7675,23.666666666666668,12.0,1269.0,0.009456264775413711,1,0
15393,2011-03-03 16:58:00,2009-12-15 17:56:00,4,783.58,322,35,119,442,195.895,147.33333333333334,0.0,322.0,0.0,0,1
15394,2011-05-19 14:27:00,2009-12-15 19:05:00,9,4539.7,2008,119,42,519,504.4111111111111,64.875,4.0,2008.0,0.00199203187250996,1,0
15395,2011-01-18 12:40:00,2011-01-18 12:40:00,1,107.45,17,7,163,1,107.45,1.0,0.0,17.0,0.0,0,1
15396,2010-05-05 09:04:00,2010-05-05 09:04:00,1,508.20000000000005,156,2,421,1,508.20000000000005,1.0,0.0,156.0,0.0,1,0
15397,2011-02-23 09:25:00,2011-02-23 09:25:00,1,94.0,20,6,127,1,94.0,1.0,0.0,20.0,0.0,0,1
15400,2011-06-08 13:15:00,2010-05-28 08:33:00,5,1044.9,508,15,22,376,208.98000000000002,94.0,30.0,508.0,0.05905511811023622,3,0
15401,2010-09-13 13:42:00,2010-05-20 10:56:00,2,216.95000000000002,93,14,290,116,108.47500000000001,116.0,0.0,93.0,0.0,0,1
15402,2011-05-27 13:32:00,2010-04-27 12:12:00,5,1644.76,1771,72,34,395,328.952,98.75,2.0,1771.0,0.001129305477131564,1,0
15403,2010-08-05 12:21:00,2009-12-09 12:45:00,2,170.88,492,6,329,238,85.44,238.0,0.0,492.0,0.0,0,1
15404,2010-11-29 11:03:00,2010-11-29 11:03:00,1,257.06,334,16,213,1,257.06,1.0,0.0,334.0,0.0,0,1
15405,2011-06-03 14:44:00,2010-05-12 15:56:00,2,659.84,348,29,27,386,329.92,386.0,0.0,348.0,0.0,0,1
15406,2011-02-11 16:20:00,2010-09-12 13:06:00,3,717.45,423,101,139,152,239.15,76.0,0.0,423.0,0.0,0,1
15407,2011-06-09 11:32:00,2011-02-07 13:18:00,3,740.73,329,62,21,121,246.91,60.5,0.0,329.0,0.0,0,1
15408,2011-03-20 15:02:00,2011-03-20 15:02:00,1,267.18,106,34,102,1,267.18,1.0,0.0,106.0,0.0,0,1
15409,2009-12-18 15:35:00,2009-12-18 15:35:00,1,131.25,59,9,559,1,131.25,1.0,5.0,59.0,0.0847457627118644,0,1
15410,2011-06-20 11:34:00,2010-04-19 08:57:00,7,3596.81,1493,71,10,427,513.83,71.16666666666667,0.0,1493.0,0.0,3,0
15411,2011-06-10 12:30:00,2011-06-10 12:30:00,1,156.4,48,10,20,1,156.4,1.0,0.0,48.0,0.0,2,0
15412,2011-06-21 15:24:00,2011-06-21 15:24:00,1,190.53,108,10,9,1,190.53,1.0,0.0,108.0,0.0,0,1
15413,2010-01-17 11:33:00,2009-12-01 10:18:00,5,6798.72,2694,20,529,47,1359.7440000000001,11.75,2.0,2694.0,0.0007423904974016332,0,1
15414,2011-04-11 13:45:00,2011-04-11 13:45:00,1,36.2,12,5,80,1,36.2,1.0,0.0,12.0,0.0,0,1
15415,2011-01-30 14:13:00,2011-01-30 14:13:00,1,559.61,551,46,151,1,559.61,1.0,0.0,551.0,0.0,0,1
15416,2011-04-14 10:54:00,2010-02-01 11:55:00,5,2862.93,1638,123,77,436,572.586,109.0,1.0,1638.0,0.0006105006105006105,1,0
15418,2010-10-10 13:38:00,2010-05-02 11:31:00,2,449.42,264,64,263,161,224.71,161.0,0.0,264.0,0.0,0,1
15420,2010-10-01 15:46:00,2009-12-05 13:29:00,6,743.0,844,52,272,300,123.83333333333333,60.0,0.0,844.0,0.0,0,1
15421,2011-05-08 14:02:00,2009-12-07 15:10:00,9,3594.34,1806,170,53,516,399.37111111111113,64.5,0.0,1806.0,0.0,0,1
15422,2011-01-20 16:17:00,2010-02-07 11:52:00,7,1619.97,710,80,161,347,231.42428571428573,57.833333333333336,1.0,710.0,0.0014084507042253522,0,1
15423,2010-05-07 09:21:00,2010-03-28 13:42:00,2,223.39,97,12,419,39,111.695,39.0,5.0,97.0,0.05154639175257732,0,1
15424,2011-03-30 13:02:00,2010-09-02 17:17:00,3,597.78,873,33,92,208,199.26,104.0,0.0,873.0,0.0,0,1
15425,2010-11-04 18:13:00,2010-02-14 12:36:00,4,1941.1200000000001,1041,114,238,263,485.28000000000003,87.66666666666667,0.0,1041.0,0.0,0,1
15426,2011-03-27 16:05:00,2010-05-02 15:10:00,6,1386.41,640,218,95,329,231.06833333333336,65.8,1.0,640.0,0.0015625,0,1
15428,2010-11-17 13:46:00,2009-12-17 17:46:00,3,668.97,245,35,225,334,222.99,167.0,0.0,245.0,0.0,0,1
15430,2010-08-29 10:42:00,2010-06-29 15:04:00,2,954.75,309,36,305,60,477.375,60.0,8.0,309.0,0.025889967637540454,0,1
15431,2010-07-25 12:44:00,2010-07-25 12:44:00,1,153.24,84,2,340,1,153.24,1.0,0.0,84.0,0.0,0,1
15432,2010-06-16 14:34:00,2010-06-16 14:34:00,1,149.57,27,6,379,1,149.57,1.0,2.0,27.0,0.07407407407407407,0,1
15433,2011-05-10 10:45:00,2011-03-17 14:12:00,2,533.3,534,40,51,53,266.65,53.0,0.0,534.0,0.0,0,1
15434,2011-05-23 14:18:00,2010-01-24 15:35:00,7,1832.54,975,70,38,483,261.7914285714286,80.5,10.0,975.0,0.010256410256410256,2,0
15436,2011-04-19 16:52:00,2011-04-19 16:52:00,1,484.1,246,124,72,1,484.1,1.0,0.0,246.0,0.0,0,1
15437,2011-03-22 13:11:00,2010-03-09 10:45:00,2,393.45,177,56,100,378,196.725,378.0,0.0,177.0,0.0,0,1
15439,2010-10-31 10:38:00,2010-02-24 12:05:00,4,1269.05,572,49,242,248,317.2625,82.66666666666667,0.0,572.0,0.0,0,1
15440,2011-05-15 11:30:00,2011-05-15 11:30:00,1,125.8,78,20,46,1,125.8,1.0,0.0,78.0,0.0,1,0
15441,2010-11-08 15:50:00,2009-12-09 14:55:00,3,1254.21,587,45,234,334,418.07,167.0,0.0,587.0,0.0,0,1
15442,2011-04-05 12:24:00,2011-04-05 12:24:00,1,594.0,120,2,86,1,594.0,1.0,0.0,120.0,0.0,0,1
15443,2011-01-23 13:25:00,2010-03-07 12:10:00,8,2338.35,1242,249,158,322,292.29375,46.0,36.0,1242.0,0.028985507246376812,2,0
15445,2011-03-20 15:06:00,2010-04-28 15:00:00,2,284.5,118,12,102,326,142.25,326.0,0.0,118.0,0.0,0,1
15446,2010-11-28 11:59:00,2009-12-13 13:53:00,3,399.75,265,90,214,349,133.25,174.5,4.0,265.0,0.01509433962264151,0,1
15447,2011-01-13 11:26:00,2010-03-24 14:40:00,5,492.88,228,27,168,294,98.576,73.5,1.0,228.0,0.0043859649122807015,0,1
15448,2011-01-31 10:42:00,2010-02-03 13:29:00,2,788.81,487,49,150,361,394.405,361.0,0.0,487.0,0.0,0,1
15449,2011-06-07 16:42:00,2011-03-23 10:43:00,2,647.7,516,30,23,76,323.85,76.0,1.0,516.0,0.001937984496124031,0,1
15451,2010-10-01 13:40:00,2010-04-19 14:08:00,2,226.86,76,56,272,164,113.43,164.0,0.0,76.0,0.0,0,1
15452,2011-03-20 15:21:00,2010-07-16 14:23:00,4,1493.63,941,148,102,247,373.4075,82.33333333333333,0.0,941.0,0.0,1,0
15453,2011-06-23 19:46:00,2011-06-05 12:37:00,2,339.38,179,65,7,18,169.69,18.0,0.0,179.0,0.0,2,0
15454,2010-12-12 14:21:00,2010-03-31 13:15:00,2,305.99,146,35,200,256,152.995,256.0,0.0,146.0,0.0,0,1
15455,2010-04-21 12:43:00,2010-04-21 12:43:00,1,38.25,3,2,435,1,38.25,1.0,0.0,3.0,0.0,0,1
15456,2011-03-01 13:51:00,2009-12-08 12:54:00,10,2091.52,2727,128,121,448,209.152,49.77777777777778,0.0,2727.0,0.0,0,1
15457,2011-03-22 15:31:00,2011-03-22 15:31:00,1,237.07,132,56,100,1,237.07,1.0,0.0,132.0,0.0,0,1
15458,2010-11-02 19:50:00,2010-11-02 19:50:00,1,208.79999999999998,144,6,240,1,208.79999999999998,1.0,0.0,144.0,0.0,0,1
15459,2010-10-18 15:25:00,2010-07-30 14:31:00,2,202.82999999999998,121,6,255,80,101.41499999999999,80.0,0.0,121.0,0.0,0,1
15460,2010-12-20 16:08:00,2010-12-20 16:08:00,1,214.26,107,53,192,1,214.26,1.0,0.0,107.0,0.0,0,1
15461,2010-09-05 12:31:00,2010-03-18 12:40:00,2,429.7,230,1,298,170,214.85,170.0,4.0,230.0,0.017391304347826087,0,1
15462,2011-06-05 15:36:00,2010-09-20 10:23:00,2,607.45,399,32,25,258,303.725,258.0,0.0,399.0,0.0,2,0
15464,2011-01-05 15:56:00,2011-01-05 15:56:00,1,1044.65,348,155,176,1,1044.65,1.0,0.0,348.0,0.0,0,1
15465,2011-06-12 11:07:00,2009-12-10 09:42:00,27,10098.289999999999,2173,91,18,549,374.0107407407407,21.115384615384617,31.0,2173.0,0.014265991716520939,3,0
15466,2010-11-15 12:50:00,2009-12-03 12:28:00,3,1225.93,695,172,227,347,408.6433333333334,173.5,0.0,695.0,0.0,1,0
15468,2010-11-12 09:39:00,2010-11-12 09:39:00,1,962.97,1245,56,230,1,962.97,1.0,6.0,1245.0,0.004819277108433735,0,1
15469,2010-09-27 10:09:00,2010-09-27 10:09:00,1,335.7,134,19,276,1,335.7,1.0,4.0,134.0,0.029850746268656716,1,0
15470,2010-05-13 09:35:00,2010-05-13 09:35:00,1,63.419999999999995,232,4,413,1,63.419999999999995,1.0,0.0,232.0,0.0,0,1
15471,2010-11-24 14:39:00,2010-06-07 12:17:00,2,837.53,414,67,218,170,418.765,170.0,0.0,414.0,0.0,0,1
15473,2010-09-21 09:14:00,2010-09-21 09:14:00,1,274.8,104,3,282,1,274.8,1.0,0.0,104.0,0.0,0,1
15474,2010-04-23 11:14:00,2010-04-23 11:14:00,1,150.35,55,19,433,1,150.35,1.0,0.0,55.0,0.0,0,1
15476,2010-11-24 15:17:00,2010-09-23 14:00:00,4,2209.98,1174,67,218,62,552.495,20.666666666666668,6.0,1174.0,0.005110732538330494,0,1
15477,2010-02-28 10:37:00,2010-02-28 10:37:00,1,368.4,216,2,487,1,368.4,1.0,0.0,216.0,0.0,0,1
15478,2010-05-13 18:49:00,2010-05-13 18:49:00,1,583.56,319,24,413,1,583.56,1.0,0.0,319.0,0.0,0,1
15479,2009-12-06 15:08:00,2009-12-06 15:08:00,1,147.4,38,9,571,1,147.4,1.0,0.0,38.0,0.0,0,1
15480,2010-08-31 11:04:00,2010-02-01 14:52:00,4,5373.5,1549,162,303,210,1343.375,70.0,2.0,1549.0,0.0012911555842479018,1,0
15481,2010-11-03 14:52:00,2010-11-03 14:52:00,1,1993.34,1450,38,239,1,1993.34,1.0,0.0,1450.0,0.0,0,1
15482,2011-06-27 10:29:00,2009-12-02 16:59:00,11,5465.9,2187,46,3,571,496.9,57.1,1.0,2187.0,0.0004572473708276177,0,1
15483,2011-03-18 12:26:00,2010-01-24 15:42:00,7,703.51,757,191,104,417,100.50142857142858,69.5,0.0,757.0,0.0,3,0
15484,2010-06-17 16:16:00,2009-12-05 15:18:00,2,1061.69,924,53,378,194,530.845,194.0,0.0,924.0,0.0,1,0
15485,2011-01-07 17:18:00,2009-12-01 17:31:00,6,3514.55,1450,56,174,401,585.7583333333333,80.2,28.0,1450.0,0.019310344827586208,0,1
15486,2010-06-30 13:15:00,2010-06-30 13:15:00,1,102.0,40,1,365,1,102.0,1.0,0.0,40.0,0.0,0,1
15487,2010-01-29 12:07:00,2010-01-29 12:07:00,1,231.32,144,14,517,1,231.32,1.0,0.0,144.0,0.0,0,1
15488,2010-09-09 11:59:00,2010-05-05 13:03:00,4,340.6,178,8,294,126,85.15,42.0,0.0,178.0,0.0,1,0
15489,2011-05-12 12:54:00,2010-01-15 16:58:00,6,1633.5900000000001,876,66,49,481,272.26500000000004,96.2,24.0,876.0,0.0273972602739726,0,1
15490,2010-10-05 13:11:00,2010-10-05 13:11:00,1,210.85,82,22,268,1,210.85,1.0,10.0,82.0,0.12195121951219512,0,1
15491,2011-06-13 11:49:00,2011-04-18 10:04:00,4,2409.95,1215,99,17,56,602.4875,18.666666666666668,22.0,1215.0,0.01810699588477366,2,0
15493,2011-04-04 11:28:00,2010-02-23 11:14:00,6,3087.7200000000003,912,234,87,405,514.62,81.0,1.0,912.0,0.0010964912280701754,1,0
15494,2010-08-18 16:54:00,2009-12-10 20:16:00,3,2422.02,1913,219,316,250,807.34,125.0,1.0,1913.0,0.0005227391531625719,1,0
15495,2010-11-25 13:46:00,2010-11-25 13:46:00,1,246.5,194,20,217,1,246.5,1.0,0.0,194.0,0.0,0,1
15496,2010-03-18 13:16:00,2010-03-18 13:16:00,1,146.14000000000001,98,22,469,1,146.14000000000001,1.0,0.0,98.0,0.0,0,1
15497,2011-01-24 10:01:00,2009-12-18 15:08:00,8,8365.789999999999,2841,65,157,401,1045.7237499999999,57.285714285714285,5.0,2841.0,0.0017599436818021823,0,1
15498,2011-06-24 09:27:00,2009-12-16 17:27:00,33,19767.170000000002,10008,518,6,554,599.0051515151516,17.3125,32.0,10008.0,0.0031974420463629096,5,0
15499,2009-12-16 12:17:00,2009-12-16 12:17:00,1,158.65,59,40,561,1,158.65,1.0,0.0,59.0,0.0,0,1
15501,2010-10-31 11:15:00,2010-10-20 12:47:00,2,399.95,205,64,242,10,199.975,10.0,0.0,205.0,0.0,0,1
15502,2011-03-09 11:59:00,2010-06-03 11:12:00,6,5259.4,3179,154,113,279,876.5666666666666,55.8,96.0,3179.0,0.03019817552689525,4,0
15503,2010-12-12 10:57:00,2009-12-13 11:34:00,2,257.3,130,112,200,363,128.65,363.0,0.0,130.0,0.0,0,1
15504,2010-07-07 12:02:00,2010-02-12 12:34:00,3,349.87,108,33,358,144,116.62333333333333,72.0,1.0,108.0,0.009259259259259259,1,0
15506,2010-11-23 12:48:00,2010-08-19 12:38:00,3,1058.25,795,82,219,96,352.75,48.0,0.0,795.0,0.0,1,0
15507,2011-06-21 11:19:00,2011-06-21 11:19:00,1,475.86,160,41,9,1,475.86,1.0,0.0,160.0,0.0,0,1
15508,2011-06-03 15:43:00,2011-04-18 15:31:00,6,1000.27,440,78,27,46,166.71166666666667,9.2,0.0,440.0,0.0,0,1
15509,2010-11-24 14:48:00,2010-11-24 14:48:00,1,152.41,58,26,218,1,152.41,1.0,0.0,58.0,0.0,0,1
15510,2011-01-13 12:10:00,2011-01-13 12:10:00,1,250.0,2,1,168,1,250.0,1.0,0.0,2.0,0.0,0,1
15512,2010-12-15 12:01:00,2010-02-01 13:23:00,3,311.78,223,28,197,316,103.92666666666666,158.0,0.0,223.0,0.0,1,0
15513,2011-06-17 11:49:00,2010-01-13 14:59:00,29,18773.63,7384,223,13,519,647.3665517241379,18.535714285714285,196.0,7384.0,0.026543878656554713,4,0
15514,2011-04-28 12:06:00,2009-12-04 16:37:00,13,4870.28,3173,129,63,509,374.63692307692304,42.416666666666664,337.0,3173.0,0.10620863536085723,0,1
15515,2010-11-17 13:39:00,2010-11-17 13:39:00,1,171.81,131,7,225,1,171.81,1.0,0.0,131.0,0.0,0,1
15517,2011-04-20 14:02:00,2011-04-20 14:02:00,1,267.03,293,27,71,1,267.03,1.0,0.0,293.0,0.0,0,1
15518,2011-05-08 14:09:00,2009-12-20 12:21:00,11,3242.61,2242,213,53,504,294.7827272727273,50.4,47.0,2242.0,0.02096342551293488,3,0
15519,2010-11-21 14:35:00,2010-09-19 13:57:00,2,344.61,116,34,221,63,172.305,63.0,0.0,116.0,0.0,0,1
15521,2011-05-11 12:59:00,2010-01-05 10:19:00,12,5765.82,3572,177,50,491,480.48499999999996,44.63636363636363,5.0,3572.0,0.0013997760358342665,3,0
15523,2010-11-16 15:27:00,2009-12-02 15:16:00,15,16847.18,15501,63,226,349,1123.1453333333334,24.928571428571427,23.0,15501.0,0.0014837752403070769,1,0
15524,2010-04-12 09:19:00,2010-04-12 09:19:00,1,151.4,24,8,444,1,151.4,1.0,0.0,24.0,0.0,0,1
15525,2010-12-01 13:17:00,2010-11-22 12:10:00,2,430.78,253,66,211,9,215.39,9.0,0.0,253.0,0.0,0,1
15527,2011-06-10 12:19:00,2009-12-15 17:31:00,19,4273.65,1645,166,20,541,224.92894736842103,30.055555555555557,123.0,1645.0,0.07477203647416414,2,0
15528,2011-03-30 16:14:00,2011-03-30 16:14:00,1,229.33,123,26,92,1,229.33,1.0,0.0,123.0,0.0,0,1
15529,2011-05-13 11:45:00,2010-11-10 14:26:00,8,2751.62,2424,296,48,183,343.9525,26.142857142857142,0.0,2424.0,0.0,2,0
15530,2011-06-23 17:20:00,2010-07-15 11:10:00,3,1297.21,995,84,7,343,432.40333333333336,171.5,0.0,995.0,0.0,1,0
15532,2011-06-26 13:24:00,2010-06-08 14:52:00,8,3064.51,1084,356,4,382,383.06375,54.57142857142857,8.0,1084.0,0.007380073800738007,1,0
15534,2009-12-14 12:48:00,2009-12-14 12:48:00,1,162.25,63,8,563,1,162.25,1.0,0.0,63.0,0.0,0,1
15535,2011-06-19 16:02:00,2010-09-16 20:04:00,6,1044.3700000000001,314,88,11,275,174.0616666666667,55.0,15.0,314.0,0.04777070063694268,0,1
15536,2010-10-26 16:31:00,2010-10-26 16:31:00,1,259.09,242,16,247,1,259.09,1.0,0.0,242.0,0.0,0,1
15537,2011-06-29 13:10:00,2011-06-29 13:10:00,1,110.92,29,24,1,1,110.92,1.0,0.0,29.0,0.0,0,1
15538,2010-06-20 10:49:00,2010-02-14 12:38:00,6,3358.3999999999996,1016,3,375,125,559.7333333333332,25.0,27.0,1016.0,0.0265748031496063,0,1
15540,2010-11-29 11:10:00,2010-11-29 11:10:00,1,247.38,244,16,213,1,247.38,1.0,0.0,244.0,0.0,0,1
15542,2010-07-15 13:32:00,2009-12-02 11:53:00,3,855.71,418,212,350,225,285.2366666666667,112.5,17.0,418.0,0.04066985645933014,0,1
15543,2011-02-24 15:26:00,2010-09-06 11:28:00,2,242.26,167,50,126,171,121.13,171.0,0.0,167.0,0.0,0,1
15544,2011-06-19 11:45:00,2010-01-28 14:39:00,16,6338.67,5426,152,11,506,396.166875,33.733333333333334,9.0,5426.0,0.0016586804275709546,2,0
15545,2010-12-03 17:28:00,2010-12-03 17:28:00,1,135.32999999999998,75,31,209,1,135.32999999999998,1.0,0.0,75.0,0.0,0,1
15546,2010-04-12 11:51:00,2010-04-12 11:45:00,2,1079.1000000000001,198,6,444,1,539.5500000000001,1.0,99.0,198.0,0.5,0,1
15547,2011-05-29 15:44:00,2009-12-06 13:40:00,19,7529.58,4880,449,32,539,396.2936842105263,29.944444444444443,2.0,4880.0,0.0004098360655737705,4,0
15548,2010-04-23 12:20:00,2010-04-23 12:20:00,1,158.09,64,23,433,1,158.09,1.0,0.0,64.0,0.0,0,1
15549,2011-01-27 15:38:00,2010-01-11 13:16:00,6,1583.0,636,94,154,381,263.8333333333333,76.2,10.0,636.0,0.015723270440251572,2,0
15550,2011-06-22 16:01:00,2009-12-03 15:15:00,10,1914.46,1002,153,8,566,191.446,62.888888888888886,8.0,1002.0,0.007984031936127744,1,0
15551,2010-11-10 14:04:00,2010-06-07 15:05:00,6,1243.75,578,95,232,155,207.29166666666666,31.0,8.0,578.0,0.01384083044982699,0,1
15552,2011-05-06 14:47:00,2010-03-26 16:17:00,2,252.52,166,29,55,405,126.26,405.0,0.0,166.0,0.0,0,1
15554,2011-03-07 09:00:00,2011-03-07 09:00:00,1,217.2,74,14,115,1,217.2,1.0,0.0,74.0,0.0,0,1
15555,2011-06-17 11:02:00,2009-12-06 11:58:00,28,8561.98,5696,514,13,557,305.78499999999997,20.62962962962963,291.0,5696.0,0.05108848314606742,3,0
15558,2010-03-10 15:25:00,2010-03-10 15:25:00,1,202.68,73,23,477,1,202.68,1.0,24.0,73.0,0.3287671232876712,0,1
15559,2010-05-20 14:06:00,2010-05-20 14:06:00,1,1109.4,526,62,406,1,1109.4,1.0,0.0,526.0,0.0,0,1
15560,2010-11-07 10:15:00,2010-11-07 10:14:00,2,153.52,72,10,235,1,76.76,1.0,0.0,72.0,0.0,0,1
15561,2011-05-08 11:38:00,2010-02-14 12:22:00,5,1399.55,1118,49,53,447,279.90999999999997,111.75,0.0,1118.0,0.0,2,0
15562,2010-12-23 09:55:00,2009-12-13 15:17:00,3,671.4300000000001,560,32,189,374,223.81000000000003,187.0,0.0,560.0,0.0,0,1
15563,2011-05-23 11:44:00,2010-01-28 11:36:00,5,2194.64,2246,151,38,480,438.928,120.0,12.0,2246.0,0.005342831700801425,0,1
15564,2010-09-02 15:52:00,2010-02-01 15:58:00,2,70.74000000000001,42,4,301,212,35.370000000000005,212.0,0.0,42.0,0.0,0,1
15566,2010-11-12 12:11:00,2009-12-15 14:53:00,2,227.87,153,9,230,331,113.935,331.0,0.0,153.0,0.0,0,1
15569,2011-01-11 13:26:00,2010-02-28 10:55:00,6,2496.24,1250,108,170,317,416.03999999999996,63.4,0.0,1250.0,0.0,4,0
15570,2011-05-17 14:46:00,2010-03-28 14:04:00,21,7096.39,2949,392,44,415,337.92333333333335,20.75,10.0,2949.0,0.00339097999321804,1,0
15571,2010-11-18 14:25:00,2009-12-06 12:10:00,10,3241.92,2147,410,224,347,324.192,38.55555555555556,0.0,2147.0,0.0,1,0
15572,2011-04-05 10:46:00,2010-04-14 14:38:00,6,2305.32,1296,174,86,355,384.22,71.0,0.0,1296.0,0.0,1,0
15573,2010-03-31 13:40:00,2009-12-10 14:19:00,3,597.23,415,104,456,110,199.07666666666668,55.0,0.0,415.0,0.0,1,0
15574,2011-06-15 12:01:00,2010-09-01 14:37:00,6,1101.44,750,191,15,286,183.57333333333335,57.2,100.0,750.0,0.13333333333333333,0,1
15575,2010-03-30 12:50:00,2010-03-30 12:50:00,1,30.1,6,3,457,1,30.1,1.0,0.0,6.0,0.0,0,1
15577,2011-02-07 13:32:00,2009-12-13 16:17:00,3,166.8,38,24,143,420,55.6,210.0,0.0,38.0,0.0,2,0
15578,2011-06-30 13:03:00,2011-06-30 13:03:00,1,127.1,52,13,0,1,127.1,1.0,0.0,52.0,0.0,0,1
15579,2011-01-30 12:09:00,2010-10-03 14:37:00,4,1118.38,651,125,151,118,279.595,39.333333333333336,76.0,651.0,0.11674347158218126,0,1
15580,2010-11-28 11:00:00,2010-02-07 11:21:00,8,1375.39,955,150,214,293,171.92375,41.857142857142854,53.0,955.0,0.05549738219895288,0,1
15581,2011-06-20 14:48:00,2009-12-02 12:19:00,34,4454.27,3001,529,10,565,131.0079411764706,17.12121212121212,62.0,3001.0,0.020659780073308896,4,0
15582,2011-05-03 13:36:00,2011-05-03 13:36:00,1,303.61,255,22,58,1,303.61,1.0,0.0,255.0,0.0,1,0
15583,2010-11-28 15:04:00,2010-11-28 15:04:00,1,95.96,56,37,214,1,95.96,1.0,0.0,56.0,0.0,0,1
15584,2011-06-30 16:39:00,2010-02-07 12:16:00,3,697.74,218,125,0,508,232.58,254.0,0.0,218.0,0.0,1,0
15585,2011-06-16 08:38:00,2011-06-16 08:38:00,1,455.3,320,31,14,1,455.3,1.0,0.0,320.0,0.0,0,1
15586,2010-04-26 11:00:00,2010-01-08 10:02:00,3,1139.1,1338,30,430,108,379.7,54.0,36.0,1338.0,0.026905829596412557,0,1
15587,2010-12-23 09:59:00,2010-08-05 08:44:00,4,953.28,336,3,189,140,238.32,46.666666666666664,0.0,336.0,0.0,2,0
15588,2010-01-31 12:19:00,2010-01-31 12:19:00,1,579.6,96,4,515,1,579.6,1.0,0.0,96.0,0.0,0,1
15589,2011-03-29 09:54:00,2011-02-02 10:46:00,3,478.53000000000003,243,28,93,54,159.51000000000002,27.0,1.0,243.0,0.00411522633744856,0,1
15590,2010-11-22 14:49:00,2010-04-12 10:09:00,5,1496.6,832,75,220,224,299.32,56.0,1.0,832.0,0.001201923076923077,0,1
15591,2010-05-06 09:23:00,2010-02-04 09:20:00,3,217.9,58,6,420,91,72.63333333333334,45.5,0.0,58.0,0.0,0,1
15594,2011-04-19 10:08:00,2011-04-19 10:08:00,1,267.91,145,15,72,1,267.91,1.0,1.0,145.0,0.006896551724137931,2,0
15595,2010-08-09 12:27:00,2010-08-09 12:27:00,1,357.6,144,4,325,1,357.6,1.0,0.0,144.0,0.0,0,1
15596,2011-05-09 10:02:00,2010-07-28 11:46:00,8,2710.82,1206,82,52,284,338.8525,40.57142857142857,23.0,1206.0,0.019071310116086235,1,0
15597,2010-05-13 13:10:00,2010-05-13 13:10:00,1,238.8,114,15,413,1,238.8,1.0,0.0,114.0,0.0,0,1
15598,2010-10-08 09:20:00,2010-10-08 09:20:00,1,307.34,244,22,265,1,307.34,1.0,0.0,244.0,0.0,0,1
15599,2011-05-19 13:05:00,2010-09-20 10:15:00,2,937.15,741,58,42,241,468.575,241.0,0.0,741.0,0.0,0,1
15600,2010-10-07 14:30:00,2010-04-25 11:50:00,4,1199.31,657,55,266,165,299.8275,55.0,6.0,657.0,0.0091324200913242,0,1
15601,2011-06-22 14:43:00,2009-12-01 14:53:00,26,12538.58,9247,259,8,567,482.25307692307695,22.68,8.0,9247.0,0.0008651454525792149,2,0
15602,2011-05-23 12:35:00,2009-12-02 09:35:00,12,2383.04,1500,53,38,537,198.58666666666667,48.81818181818182,155.0,1500.0,0.10333333333333333,1,0
15603,2010-03-01 16:02:00,2010-03-01 16:02:00,1,40.0,32,2,486,1,40.0,1.0,11.0,32.0,0.34375,1,0
15605,2011-04-01 13:47:00,2010-01-14 14:03:00,7,1233.9,466,59,90,441,176.27142857142857,73.5,4.0,466.0,0.008583690987124463,1,0
15606,2011-06-22 08:30:00,2010-03-02 14:48:00,15,4446.99,1367,75,8,476,296.466,34.0,0.0,1367.0,0.0,1,0
15607,2011-01-07 12:44:00,2010-01-08 12:16:00,9,1708.97,1470,95,174,364,189.88555555555556,45.5,36.0,1470.0,0.024489795918367346,0,1
15608,2010-10-20 10:10:00,2010-10-20 10:10:00,1,692.3,548,45,253,1,692.3,1.0,0.0,548.0,0.0,1,0
15609,2011-06-08 13:00:00,2011-06-08 13:00:00,1,298.48,148,16,22,1,298.48,1.0,3.0,148.0,0.02027027027027027,0,1
15611,2011-06-29 11:47:00,2010-01-25 14:50:00,19,1952.5,348,29,1,519,102.76315789473684,28.833333333333332,21.0,348.0,0.0603448275862069,4,0
15613,2010-04-08 12:51:00,2010-04-08 12:51:00,1,433.71999999999997,700,27,448,1,433.71999999999997,1.0,0.0,700.0,0.0,0,1
15614,2010-09-28 10:46:00,2010-03-23 11:13:00,4,3147.36,1632,73,275,188,786.84,62.666666666666664,26.0,1632.0,0.015931372549019607,0,1
15615,2011-06-30 18:07:00,2009-12-02 15:28:00,38,16875.41,9588,246,0,575,444.08973684210525,15.54054054054054,34.0,9588.0,0.0035460992907801418,5,0
15616,2010-09-27 13:10:00,2010-09-27 13:10:00,1,317.11,137,13,276,1,317.11,1.0,0.0,137.0,0.0,0,1
15617,2010-11-08 16:07:00,2010-07-20 13:16:00,3,828.5500000000001,485,41,234,111,276.18333333333334,55.5,0.0,485.0,0.0,0,1
15620,2011-05-03 11:22:00,2010-10-26 11:32:00,3,1264.19,934,84,58,188,421.3966666666667,94.0,18.0,934.0,0.019271948608137045,0,1
15622,2011-05-26 14:09:00,2010-03-04 10:29:00,13,6745.05,3642,296,35,448,518.85,37.333333333333336,23.0,3642.0,0.006315211422295442,3,0
15623,2010-11-11 10:19:00,2009-12-10 14:46:00,7,2136.02,962,77,231,335,305.1457142857143,55.833333333333336,0.0,962.0,0.0,1,0
15624,2011-05-17 12:44:00,2011-03-28 13:32:00,2,311.4,120,18,44,49,155.7,49.0,0.0,120.0,0.0,2,0
15625,2011-06-13 12:05:00,2010-06-15 15:23:00,7,2647.41,2551,103,17,362,378.20142857142855,60.333333333333336,18.0,2551.0,0.007056056448451587,2,0
15626,2011-01-14 10:10:00,2010-10-14 17:16:00,2,673.6,684,50,167,91,336.8,91.0,5.0,684.0,0.007309941520467836,1,0
15627,2010-09-08 14:14:00,2010-07-05 11:56:00,2,566.9,344,23,295,65,283.45,65.0,0.0,344.0,0.0,0,1
15628,2011-06-10 08:50:00,2009-12-13 13:39:00,11,3467.96,2291,105,20,543,315.2690909090909,54.3,10.0,2291.0,0.004364906154517678,2,0
15629,2010-09-15 13:46:00,2010-06-25 11:39:00,4,2240.9,1518,39,288,82,560.225,27.333333333333332,0.0,1518.0,0.0,0,1
15630,2011-05-19 10:16:00,2010-03-05 14:30:00,2,691.91,467,41,42,439,345.955,439.0,1.0,467.0,0.0021413276231263384,0,1
15631,2010-03-07 14:52:00,2010-03-07 14:52:00,1,596.67,525,39,480,1,596.67,1.0,0.0,525.0,0.0,0,1
15632,2011-06-10 15:37:00,2011-03-10 08:29:00,4,1556.66,832,55,20,92,389.165,30.666666666666668,2.0,832.0,0.002403846153846154,2,0
15633,2010-07-18 13:54:00,2009-12-08 17:51:00,13,4335.96,2048,77,347,221,333.5353846153846,18.416666666666668,34.0,2048.0,0.0166015625,0,1
15634,2010-11-21 15:30:00,2010-11-21 15:30:00,1,311.1,128,19,221,1,311.1,1.0,0.0,128.0,0.0,0,1
15635,2010-11-09 08:58:00,2010-11-09 08:58:00,1,100.35,5,2,233,1,100.35,1.0,0.0,5.0,0.0,0,1
15636,2011-03-02 14:50:00,2010-05-19 11:37:00,3,1026.52,358,28,120,287,342.17333333333335,143.5,0.0,358.0,0.0,1,0
15637,2010-10-22 08:24:00,2009-12-15 17:54:00,4,574.23,523,23,251,310,143.5575,103.33333333333333,0.0,523.0,0.0,0,1
15638,2010-11-26 11:52:00,2010-04-08 14:37:00,6,2265.2,1134,20,216,231,377.5333333333333,46.2,56.0,1134.0,0.04938271604938271,0,1
15639,2010-09-14 09:05:00,2010-04-13 13:11:00,2,639.76,526,40,289,153,319.88,153.0,17.0,526.0,0.03231939163498099,1,0
15640,2011-06-07 16:04:00,2009-12-14 16:36:00,22,17785.77,9030,240,23,539,808.444090909091,25.666666666666668,21.0,9030.0,0.002325581395348837,4,0
15641,2011-03-24 11:29:00,2009-12-06 15:31:00,11,4763.7300000000005,3956,228,98,472,433.0663636363637,47.2,0.0,3956.0,0.0,1,0
15642,2009-12-10 11:51:00,2009-12-10 11:51:00,1,105.78000000000002,270,6,567,1,105.78000000000002,1.0,0.0,270.0,0.0,0,1
15643,2011-06-01 07:38:00,2011-03-02 14:34:00,3,664.0,246,31,29,90,221.33333333333334,45.0,4.0,246.0,0.016260162601626018,0,1
15644,2011-06-26 14:54:00,2011-03-23 15:37:00,4,803.54,550,166,4,94,200.885,31.333333333333332,0.0,550.0,0.0,0,1
15645,2010-10-21 18:36:00,2010-10-10 12:51:00,2,443.16,140,16,252,11,221.58,11.0,6.0,140.0,0.04285714285714286,0,1
15646,2011-04-07 09:12:00,2010-10-25 13:06:00,4,677.21,797,58,84,163,169.3025,54.333333333333336,6.0,797.0,0.0075282308657465494,1,0
15647,2010-10-20 15:09:00,2010-10-20 15:09:00,1,169.0,124,11,253,1,169.0,1.0,0.0,124.0,0.0,0,1
15648,2011-05-19 15:53:00,2011-03-17 18:59:00,2,639.5,218,23,42,62,319.75,62.0,8.0,218.0,0.03669724770642202,0,1
15649,2011-01-07 13:34:00,2010-11-17 16:22:00,4,1660.35,365,8,174,50,415.0875,16.666666666666668,0.0,365.0,0.0,0,1
15650,2010-07-06 10:41:00,2010-03-21 11:46:00,2,553.88,210,33,359,106,276.94,106.0,3.0,210.0,0.014285714285714285,0,1
15651,2011-03-24 08:56:00,2010-04-22 13:26:00,3,840.08,630,44,98,335,280.0266666666667,167.5,0.0,630.0,0.0,0,1
15652,2010-11-17 15:14:00,2010-08-11 16:58:00,4,1068.2,449,76,225,97,267.05,32.333333333333336,2.0,449.0,0.004454342984409799,1,0
15655,2011-04-10 15:25:00,2011-04-10 15:25:00,1,560.67,324,34,81,1,560.67,1.0,5.0,324.0,0.015432098765432098,0,1
15656,2011-06-14 13:48:00,2011-02-28 15:32:00,3,563.63,202,34,16,105,187.87666666666667,52.5,0.0,202.0,0.0,0,1
15658,2011-06-02 15:22:00,2009-12-03 11:19:00,8,2117.27,627,79,28,546,264.65875,78.0,29.0,629.0,0.046104928457869634,0,1
15659,2010-11-18 10:51:00,2010-02-24 13:32:00,2,226.04,50,8,224,266,113.02,266.0,0.0,50.0,0.0,0,1
15660,2011-05-19 14:44:00,2010-02-05 16:01:00,10,1741.85,1163,53,42,467,174.185,51.888888888888886,10.0,1163.0,0.008598452278589854,3,0
15661,2011-01-26 13:56:00,2010-05-10 07:59:00,8,1215.95,779,27,155,261,151.99375,37.285714285714285,0.0,779.0,0.0,0,1
15662,2010-02-16 16:47:00,2009-12-01 13:49:00,2,283.73,145,12,499,77,141.865,77.0,0.0,145.0,0.0,0,1
15664,2010-09-16 18:09:00,2010-02-28 12:50:00,3,867.6,373,46,287,200,289.2,100.0,19.0,373.0,0.05093833780160858,0,1
15665,2011-06-24 14:57:00,2010-03-14 15:07:00,5,3987.07,2777,163,6,466,797.414,116.5,0.0,2777.0,0.0,0,1
15666,2010-08-24 16:14:00,2010-08-01 15:41:00,2,632.9399999999999,469,62,310,23,316.46999999999997,23.0,0.0,469.0,0.0,0,1
15668,2011-05-06 10:39:00,2011-05-06 10:39:00,1,76.32000000000001,72,1,55,1,76.32000000000001,1.0,0.0,72.0,0.0,0,1
15669,2011-06-16 17:12:00,2011-03-21 09:13:00,2,434.74,190,25,14,87,217.37,87.0,3.0,190.0,0.015789473684210527,1,0
15670,2011-02-16 10:50:00,2010-06-01 15:34:00,2,325.2,132,19,134,259,162.6,259.0,8.0,132.0,0.06060606060606061,0,1
15671,2011-04-11 11:45:00,2011-03-14 09:37:00,3,1033.13,561,41,80,28,344.3766666666667,14.0,2.0,561.0,0.0035650623885918,2,0
15672,2009-12-14 16:52:00,2009-12-14 16:52:00,1,45.300000000000004,10,3,563,1,45.300000000000004,1.0,0.0,10.0,0.0,0,1
15673,2011-05-09 12:20:00,2010-02-22 14:28:00,7,5174.13,2654,147,52,440,739.1614285714286,73.33333333333333,1.0,2654.0,0.00037678975131876413,2,0
15674,2011-05-10 10:39:00,2009-12-08 17:08:00,12,5881.29,2999,219,51,517,490.1075,47.0,204.0,2999.0,0.06802267422474158,1,0
15675,2011-03-04 14:21:00,2010-10-31 14:14:00,2,263.35,133,16,118,124,131.675,124.0,0.0,133.0,0.0,2,0
15676,2011-03-01 10:19:00,2011-03-01 10:19:00,1,897.8,555,61,121,1,897.8,1.0,4.0,555.0,0.007207207207207207,0,1
15677,2010-10-14 15:19:00,2010-09-02 12:08:00,2,648.4,356,32,259,42,324.2,42.0,0.0,356.0,0.0,0,1
15678,2010-11-09 14:38:00,2010-07-05 12:49:00,2,1473.24,838,67,233,127,736.62,127.0,0.0,838.0,0.0,0,1
15679,2011-06-10 08:24:00,2011-06-10 08:24:00,1,178.22,212,13,20,1,178.22,1.0,0.0,212.0,0.0,1,0
15680,2010-12-08 14:43:00,2009-12-02 12:15:00,8,3173.9,2122,128,204,371,396.7375,53.0,10.0,2122.0,0.00471253534401508,0,1
15681,2011-06-09 16:34:00,2010-05-24 14:18:00,12,2266.76,1026,40,21,381,188.89666666666668,34.63636363636363,6.0,1026.0,0.005847953216374269,0,1
15682,2010-04-19 15:30:00,2010-01-21 14:37:00,2,318.24,222,25,437,88,159.12,88.0,1.0,222.0,0.0045045045045045045,0,1
15683,2010-08-23 12:01:00,2010-08-23 12:01:00,1,330.79,201,16,311,1,330.79,1.0,0.0,201.0,0.0,1,0
15684,2010-06-10 18:51:00,2009-12-04 16:13:00,3,173.95,77,9,385,188,57.98333333333333,94.0,5.0,77.0,0.06493506493506493,0,1
15685,2010-09-15 13:43:00,2010-09-15 13:43:00,1,55.980000000000004,36,17,288,1,55.980000000000004,1.0,0.0,36.0,0.0,0,1
15686,2010-10-15 13:50:00,2010-10-15 13:50:00,1,90.0,72,1,258,1,90.0,1.0,0.0,72.0,0.0,0,1
15687,2011-06-06 09:13:00,2011-01-13 15:13:00,5,1679.45,657,69,24,143,335.89,35.75,2.0,657.0,0.0030441400304414,0,1
15688,2010-10-17 12:06:00,2010-10-17 12:06:00,1,190.57,95,26,256,1,190.57,1.0,0.0,95.0,0.0,0,1
15689,2010-12-13 09:57:00,2010-04-01 09:53:00,2,370.43,179,19,199,256,185.215,256.0,0.0,179.0,0.0,1,0
15691,2011-04-01 15:13:00,2009-12-06 16:01:00,4,571.3,212,12,90,480,142.825,160.0,10.0,212.0,0.04716981132075472,0,1
15693,2010-02-18 14:37:00,2010-02-18 14:37:00,1,37.5,30,1,497,1,37.5,1.0,0.0,30.0,0.0,0,1
15694,2011-06-16 16:06:00,2009-12-07 15:43:00,19,6804.86,1529,46,14,556,358.1505263157895,30.88888888888889,43.0,1529.0,0.028122956180510136,0,1
15695,2011-03-18 08:32:00,2010-01-27 10:56:00,4,1131.04,484,55,104,414,282.76,138.0,0.0,484.0,0.0,0,1
15696,2011-05-03 11:34:00,2010-01-24 14:36:00,11,2800.06,1088,116,58,463,254.55090909090907,46.3,15.0,1088.0,0.013786764705882353,1,0
15697,2010-01-19 09:10:00,2010-01-19 09:10:00,1,246.75,127,14,527,1,246.75,1.0,0.0,127.0,0.0,0,1
15698,2010-03-25 17:38:00,2010-03-25 17:38:00,1,46.2,60,2,462,1,46.2,1.0,0.0,60.0,0.0,0,1
15700,2011-06-20 16:53:00,2011-06-19 15:36:00,2,696.68,357,85,10,1,348.34,1.0,29.0,357.0,0.08123249299719888,0,1
15702,2010-08-20 14:50:00,2010-01-26 17:23:00,2,140.39000000000001,103,30,314,205,70.19500000000001,205.0,0.0,103.0,0.0,0,1
15703,2011-03-20 10:51:00,2011-03-20 10:51:00,1,211.5,66,5,102,1,211.5,1.0,0.0,66.0,0.0,0,1
15704,2011-06-05 14:04:00,2010-05-05 14:51:00,4,2948.36,1343,110,25,395,737.09,131.66666666666666,25.0,1343.0,0.018615040953090096,2,0
15705,2011-05-22 15:37:00,2011-05-22 15:37:00,1,143.1,62,6,39,1,143.1,1.0,0.0,62.0,0.0,0,1
15708,2011-05-01 11:36:00,2010-10-10 11:33:00,7,2609.11,1003,98,60,203,372.73,33.833333333333336,7.0,1003.0,0.006979062811565304,1,0
15709,2011-03-01 10:38:00,2010-04-29 18:31:00,2,327.85,169,26,121,305,163.925,305.0,0.0,169.0,0.0,0,1
15710,2010-10-18 17:05:00,2010-10-18 17:05:00,1,898.87,641,110,255,1,898.87,1.0,0.0,641.0,0.0,0,1
15711,2010-06-01 12:14:00,2010-01-24 12:13:00,2,420.25,199,25,394,128,210.125,128.0,0.0,199.0,0.0,0,1
15712,2011-06-09 15:48:00,2009-12-01 11:17:00,9,2858.7000000000003,967,74,21,555,317.6333333333334,69.375,1.0,967.0,0.001034126163391934,2,0
15713,2010-12-08 15:16:00,2009-12-16 09:41:00,3,654.09,360,39,204,357,218.03,178.5,4.0,360.0,0.011111111111111112,1,0
15714,2010-09-12 14:22:00,2010-06-02 12:08:00,3,453.93,175,14,291,102,151.31,51.0,0.0,175.0,0.0,1,0
15715,2010-06-02 09:56:00,2010-03-30 12:17:00,5,658.02,246,33,393,63,131.60399999999998,15.75,0.0,246.0,0.0,0,1
15716,2011-05-22 12:49:00,2009-12-07 12:42:00,10,2268.89,1283,175,39,531,226.88899999999998,59.0,0.0,1283.0,0.0,1,0
15717,2011-04-19 13:21:00,2010-04-26 10:41:00,5,607.0,224,17,72,358,121.4,89.5,0.0,224.0,0.0,0,1
15718,2010-06-17 16:20:00,2010-06-17 16:20:00,1,293.79,95,18,378,1,293.79,1.0,0.0,95.0,0.0,0,1
15719,2011-06-14 11:36:00,2009-12-01 12:47:00,26,7936.92,4101,386,16,559,305.2661538461538,22.36,12.0,4101.0,0.002926115581565472,3,0
15720,2010-06-07 15:40:00,2010-06-07 15:40:00,1,140.49,46,25,388,1,140.49,1.0,0.0,46.0,0.0,0,1
15722,2011-06-05 12:12:00,2010-03-09 15:05:00,8,3782.09,1551,83,25,452,472.76125,64.57142857142857,20.0,1551.0,0.012894906511927788,1,0
15723,2010-12-10 11:12:00,2010-05-14 12:55:00,4,930.7,427,108,202,209,232.675,69.66666666666667,0.0,427.0,0.0,0,1
15724,2011-05-22 14:40:00,2010-11-04 10:22:00,3,310.85,117,17,39,199,103.61666666666667,99.5,3.0,117.0,0.02564102564102564,0,1
15726,2010-11-14 16:12:00,2010-11-14 16:12:00,1,321.91,123,23,228,1,321.91,1.0,0.0,123.0,0.0,0,1
15727,2011-05-25 15:18:00,2010-01-24 12:12:00,12,7443.62,4260,344,36,486,620.3016666666666,44.18181818181818,0.0,4260.0,0.0,2,0
15728,2010-11-25 10:39:00,2010-09-21 14:46:00,2,544.6,132,10,217,64,272.3,64.0,0.0,132.0,0.0,0,1
15729,2011-05-11 12:36:00,2010-11-01 13:44:00,3,192.55,47,10,50,190,64.18333333333334,95.0,7.0,47.0,0.14893617021276595,0,1
15730,2011-05-17 12:43:00,2010-10-04 14:15:00,3,1073.13,686,65,44,224,357.71000000000004,112.0,8.0,686.0,0.011661807580174927,1,0
15731,2010-06-04 10:10:00,2010-06-04 10:10:00,1,125.3,122,8,391,1,125.3,1.0,0.0,122.0,0.0,0,1
15732,2011-05-11 14:24:00,2010-02-04 10:10:00,10,1543.97,1264,53,50,461,154.397,51.22222222222222,9.0,1264.0,0.007120253164556962,0,1
15733,2011-03-02 09:05:00,2011-03-02 09:05:00,1,162.3,62,10,120,1,162.3,1.0,0.0,62.0,0.0,0,1
15734,2011-05-23 14:59:00,2010-06-10 14:25:00,3,1502.5,303,22,38,347,500.8333333333333,173.5,0.0,303.0,0.0,1,0
15735,2010-10-14 13:38:00,2010-10-14 13:38:00,1,327.68,206,19,259,1,327.68,1.0,0.0,206.0,0.0,0,1
15736,2010-09-30 14:20:00,2010-09-30 14:19:00,2,1767.12,1208,95,273,1,883.56,1.0,9.0,1208.0,0.0074503311258278145,0,1
15737,2011-06-06 16:23:00,2011-04-11 10:01:00,4,712.73,369,39,24,56,178.1825,18.666666666666668,8.0,369.0,0.02168021680216802,2,0
15738,2011-06-09 10:48:00,2009-12-10 15:52:00,35,11159.960000000001,7812,66,21,545,318.85600000000005,16.029411764705884,20.0,7812.0,0.002560163850486431,3,0
15741,2010-09-07 16:21:00,2010-03-31 11:55:00,2,208.62,70,11,296,160,104.31,160.0,0.0,70.0,0.0,0,1
15742,2010-03-30 15:25:00,2010-03-30 15:25:00,1,156.87,51,41,457,1,156.87,1.0,0.0,51.0,0.0,0,1
15743,2011-06-08 10:14:00,2011-06-08 10:14:00,1,322.55,91,18,22,1,322.55,1.0,0.0,91.0,0.0,1,0
15745,2011-04-17 13:04:00,2011-04-17 13:04:00,1,302.85,127,18,74,1,302.85,1.0,0.0,127.0,0.0,1,0
15747,2011-06-20 11:30:00,2010-01-18 11:21:00,7,1795.82,1010,89,10,518,256.54571428571427,86.33333333333333,1.0,1010.0,0.0009900990099009901,1,0
15748,2010-09-16 16:55:00,2010-09-16 16:52:00,2,465.45000000000005,211,16,287,1,232.72500000000002,1.0,0.0,211.0,0.0,0,1
15749,2011-04-18 13:20:00,2011-01-11 12:55:00,3,44534.3,18028,5,73,97,14844.766666666668,48.5,9014.0,18028.0,0.5,0,1
15750,2011-06-22 12:16:00,2009-12-01 17:19:00,14,5098.121,3551,328,8,567,364.1515,43.61538461538461,21.0,3551.0,0.005913827090960293,1,0
15751,2010-09-05 12:44:00,2009-12-06 13:08:00,11,1380.44,443,90,298,272,125.49454545454546,27.2,6.0,443.0,0.013544018058690745,0,1
15752,2011-04-04 12:42:00,2010-09-08 11:56:00,5,2340.9900000000002,1607,266,87,208,468.19800000000004,52.0,0.0,1607.0,0.0,3,0
15753,2011-02-08 12:41:00,2011-02-08 12:41:00,1,79.2,144,1,142,1,79.2,1.0,0.0,144.0,0.0,0,1
15754,2011-04-07 12:24:00,2010-02-22 13:31:00,7,2670.84,1599,96,84,408,381.54857142857145,68.0,5.0,1599.0,0.0031269543464665416,1,0
15755,2011-04-18 14:01:00,2009-12-04 08:24:00,13,4249.6,2962,208,73,500,326.8923076923077,41.666666666666664,5.0,2962.0,0.001688048615800135,3,0
15756,2011-05-10 14:20:00,2011-04-04 14:00:00,2,244.17,105,83,51,36,122.085,36.0,0.0,105.0,0.0,1,0
15757,2011-05-06 11:40:00,2010-06-10 13:47:00,5,2487.3,1433,140,55,329,497.46000000000004,82.25,0.0,1433.0,0.0,0,1
15759,2011-05-05 15:13:00,2009-12-02 10:08:00,7,830.9300000000001,523,10,56,519,118.70428571428572,86.5,5.0,523.0,0.009560229445506692,0,1
15760,2010-03-19 11:45:00,2010-03-19 11:35:00,2,13916.34,2,1,468,1,6958.17,1.0,3.0,2.0,1.5,0,1
15761,2010-09-23 09:33:00,2010-09-23 09:33:00,1,143.05,31,5,280,1,143.05,1.0,0.0,31.0,0.0,0,1
15764,2011-06-08 12:54:00,2010-08-18 13:58:00,5,2917.63,1766,123,22,293,583.5260000000001,73.25,6.0,1766.0,0.0033975084937712344,3,0
15765,2010-02-11 10:25:00,2010-02-11 10:25:00,1,370.63,335,25,504,1,370.63,1.0,0.0,335.0,0.0,0,1
15766,2010-09-09 13:51:00,2010-01-26 15:55:00,2,516.0,164,15,294,225,258.0,225.0,4.0,164.0,0.024390243902439025,0,1
15768,2011-05-20 10:29:00,2009-12-03 12:10:00,33,15166.21,4124,432,41,532,459.5821212121212,16.625,3.0,4124.0,0.0007274490785645005,1,0
15769,2011-06-20 14:38:00,2009-12-11 09:58:00,34,63125.52,36008,18,10,556,1856.6329411764705,16.848484848484848,2.0,36008.0,5.554321261941791e-05,6,0
15770,2010-04-06 11:47:00,2010-04-06 11:47:00,1,321.45,67,18,450,1,321.45,1.0,0.0,67.0,0.0,0,1
15771,2010-04-14 13:56:00,2010-01-15 12:14:00,3,1006.54,512,26,442,89,335.5133333333333,44.5,0.0,512.0,0.0,0,1
15772,2010-10-17 13:33:00,2010-10-17 13:33:00,1,280.88,110,16,256,1,280.88,1.0,0.0,110.0,0.0,0,1
15773,2010-10-26 15:27:00,2010-10-26 15:27:00,1,138.84,99,37,247,1,138.84,1.0,0.0,99.0,0.0,0,1
15774,2010-10-17 12:59:00,2010-02-21 12:57:00,5,1017.54,378,69,256,238,203.50799999999998,59.5,1.0,378.0,0.0026455026455026454,0,1
15775,2011-04-08 12:56:00,2010-03-18 07:32:00,2,150.5,260,9,83,386,75.25,386.0,0.0,260.0,0.0,0,1
15777,2011-04-12 16:43:00,2010-05-20 10:37:00,7,1762.61,599,29,79,327,251.80142857142854,54.5,4.0,599.0,0.00667779632721202,0,1
15778,2010-10-04 15:10:00,2010-10-04 15:10:00,1,307.95,101,17,269,1,307.95,1.0,0.0,101.0,0.0,0,1
15779,2010-09-02 16:40:00,2010-06-25 15:55:00,2,124.08000000000001,20,8,301,69,62.040000000000006,69.0,0.0,20.0,0.0,0,1
15780,2011-06-09 12:01:00,2010-12-17 11:43:00,3,475.28000000000003,220,26,21,174,158.42666666666668,87.0,0.0,220.0,0.0,0,1
15781,2011-02-07 09:15:00,2011-02-07 09:15:00,1,83.35,29,5,143,1,83.35,1.0,0.0,29.0,0.0,1,0
15782,2010-10-05 15:43:00,2010-10-05 15:43:00,1,1399.36,980,18,268,1,1399.36,1.0,1.0,980.0,0.0010204081632653062,1,0
15784,2010-08-29 10:38:00,2010-02-05 14:42:00,2,848.3299999999999,381,33,305,204,424.16499999999996,204.0,0.0,381.0,0.0,0,1
15785,2011-05-26 14:21:00,2009-12-15 16:28:00,13,4971.36,3621,87,35,526,382.41230769230765,43.833333333333336,36.0,3621.0,0.009942004971002486,2,0
15786,2010-10-18 08:11:00,2010-06-21 10:13:00,2,3582.62,2617,166,255,118,1791.31,118.0,55.0,2617.0,0.021016431027894536,1,0
15788,2010-07-19 12:48:00,2010-07-19 12:48:00,1,221.82999999999998,115,14,346,1,221.82999999999998,1.0,3.0,115.0,0.02608695652173913,0,1
15789,2010-12-16 14:35:00,2010-03-26 11:21:00,6,1962.01,2499,110,196,265,327.00166666666667,53.0,24.0,2499.0,0.009603841536614645,0,1
15791,2011-05-19 15:15:00,2010-03-08 09:41:00,4,3218.89,1797,112,42,437,804.7225,145.66666666666666,21.0,1797.0,0.011686143572621035,0,1
15792,2010-11-05 08:21:00,2010-03-31 09:42:00,2,933.84,606,57,237,218,466.92,218.0,0.0,606.0,0.0,0,1
15793,2011-03-16 10:45:00,2009-12-01 12:54:00,6,1740.6,1324,9,106,469,290.09999999999997,93.8,0.0,1324.0,0.0,0,1
15794,2009-12-03 13:04:00,2009-12-02 15:10:00,2,777.0,288,15,574,1,388.5,1.0,0.0,288.0,0.0,0,1
15795,2010-10-05 15:17:00,2010-01-18 11:31:00,7,1369.8600000000001,830,74,268,260,195.69428571428574,43.333333333333336,0.0,830.0,0.0,1,0
15796,2011-06-05 11:29:00,2010-03-31 13:10:00,13,3709.9900000000002,1285,132,25,430,285.38384615384615,35.833333333333336,20.0,1285.0,0.01556420233463035,2,0
15797,2011-05-09 16:38:00,2010-01-27 13:12:00,5,2453.88,1137,11,52,467,490.776,116.75,0.0,1137.0,0.0,1,0
15798,2010-08-04 09:13:00,2010-01-27 11:55:00,3,1535.37,915,73,330,188,511.78999999999996,94.0,0.0,915.0,0.0,0,1
15799,2011-06-07 15:28:00,2010-10-17 14:26:00,3,1018.4399999999999,925,91,23,233,339.47999999999996,116.5,0.0,925.0,0.0,1,0
15800,2011-04-07 12:39:00,2010-03-31 13:17:00,6,774.68,351,110,84,371,129.11333333333332,74.2,0.0,351.0,0.0,1,0
15803,2010-09-20 13:08:00,2010-02-01 16:29:00,3,1513.84,740,42,283,230,504.6133333333333,115.0,0.0,740.0,0.0,0,1
15804,2011-06-22 10:28:00,2011-05-25 10:12:00,2,1125.39,628,57,8,28,562.695,28.0,0.0,628.0,0.0,6,0
15805,2011-06-17 13:42:00,2009-12-10 12:57:00,23,7658.5,4714,259,13,554,332.9782608695652,25.181818181818183,112.0,4714.0,0.023759015697921087,1,0
15806,2011-03-08 09:24:00,2011-03-08 09:24:00,1,300.36,274,16,114,1,300.36,1.0,0.0,274.0,0.0,1,0
15807,2010-10-27 13:04:00,2010-02-11 15:32:00,2,913.62,1102,40,246,257,456.81,257.0,1.0,1102.0,0.0009074410163339383,1,0
15808,2011-02-06 14:33:00,2009-12-01 16:30:00,21,17180.25,6753,348,144,431,818.1071428571429,21.55,27.0,6753.0,0.003998223011994669,0,1
15809,2011-06-08 15:31:00,2010-06-22 14:23:00,6,1157.88,650,45,22,351,192.98000000000002,70.2,1.0,650.0,0.0015384615384615385,0,1
15810,2011-06-22 14:01:00,2010-02-04 18:18:00,7,2968.25,1648,87,8,502,424.0357142857143,83.66666666666667,19.0,1648.0,0.011529126213592233,1,0
15811,2011-05-18 12:44:00,2010-11-16 16:46:00,5,2562.37,1178,161,43,182,512.4739999999999,45.5,8.0,1178.0,0.006791171477079796,1,0
15812,2011-06-03 15:31:00,2009-12-15 13:40:00,10,4454.55,3127,83,27,535,445.45500000000004,59.44444444444444,18.0,3127.0,0.005756315957787016,2,0
15813,2011-05-16 08:13:00,2011-04-14 09:09:00,2,1303.9099999999999,603,40,45,31,651.9549999999999,31.0,0.0,603.0,0.0,0,1
15814,2010-11-11 17:55:00,2010-04-15 14:31:00,2,689.11,457,23,231,210,344.555,210.0,0.0,457.0,0.0,0,1
15815,2011-05-11 15:17:00,2011-03-25 08:43:00,3,1394.08,1068,12,50,47,464.6933333333333,23.5,0.0,1068.0,0.0,1,0
15816,2010-06-15 13:36:00,2010-06-15 12:54:00,2,144.14999999999998,54,11,380,1,72.07499999999999,1.0,3.0,54.0,0.05555555555555555,0,1
15817,2010-10-15 11:07:00,2010-06-14 13:31:00,3,2766.4,1596,133,258,122,922.1333333333333,61.0,0.0,1596.0,0.0,0,1
15818,2010-04-30 12:58:00,2010-04-30 12:58:00,1,340.5,284,11,426,1,340.5,1.0,0.0,284.0,0.0,0,1
15819,2011-05-24 14:38:00,2010-03-18 11:08:00,8,3206.48,2485,162,37,432,400.81,61.714285714285715,15.0,2485.0,0.006036217303822937,1,0
15820,2011-01-24 12:00:00,2011-01-24 12:00:00,1,206.98,128,17,157,1,206.98,1.0,0.0,128.0,0.0,0,1
15822,2010-12-15 13:38:00,2009-12-06 15:12:00,5,1394.79,735,34,197,373,278.95799999999997,93.25,12.0,735.0,0.0163265306122449,0,1
15823,2010-12-02 15:08:00,2009-12-08 15:12:00,3,3882.17,1774,155,210,358,1294.0566666666666,179.0,288.0,1774.0,0.16234498308906425,0,1
15824,2010-09-12 13:20:00,2010-06-25 15:10:00,2,890.94,478,24,291,78,445.47,78.0,0.0,478.0,0.0,0,1
15825,2011-06-20 13:27:00,2011-06-20 13:27:00,1,532.94,220,20,10,1,532.94,1.0,0.0,220.0,0.0,0,1
15826,2011-05-13 10:44:00,2010-05-20 17:00:00,2,1663.97,1349,66,48,357,831.985,357.0,12.0,1349.0,0.008895478131949592,0,1
15827,2011-06-09 13:37:00,2010-01-08 11:25:00,24,2882.72,1296,98,21,517,120.11333333333333,22.47826086956522,69.0,1296.0,0.05324074074074074,4,0
15828,2010-11-29 16:41:00,2010-11-29 16:41:00,1,1108.82,367,74,213,1,1108.82,1.0,0.0,367.0,0.0,0,1
15831,2011-01-19 14:52:00,2011-01-19 14:52:00,1,309.94,308,17,162,1,309.94,1.0,8.0,308.0,0.025974025974025976,1,0
15832,2011-03-30 15:29:00,2011-03-30 15:29:00,1,836.79,465,54,92,1,836.79,1.0,0.0,465.0,0.0,0,1
15833,2009-12-02 11:59:00,2009-12-02 11:59:00,1,80.4,24,5,575,1,80.4,1.0,0.0,24.0,0.0,0,1
15834,2011-06-27 10:16:00,2010-10-11 14:05:00,6,3322.46,1531,268,3,258,553.7433333333333,51.6,4.0,1531.0,0.002612671456564337,1,0
15835,2011-03-24 13:59:00,2011-01-13 10:35:00,2,488.31,243,25,98,70,244.155,70.0,0.0,243.0,0.0,1,0
15837,2010-08-11 10:16:00,2010-08-11 10:16:00,1,385.03000000000003,216,28,323,1,385.03000000000003,1.0,0.0,216.0,0.0,0,1
15838,2011-06-27 13:12:00,2009-12-15 09:51:00,25,49129.979999999996,50874,44,3,559,1965.1991999999998,23.291666666666668,9479.0,50874.0,0.18632307268938947,3,0
15840,2011-06-20 11:42:00,2011-06-20 11:42:00,1,241.74,256,17,10,1,241.74,1.0,2.0,256.0,0.0078125,0,1
15841,2011-05-05 14:37:00,2009-12-10 08:29:00,7,2131.61,1815,47,56,511,304.5157142857143,85.16666666666667,13.0,1815.0,0.007162534435261708,2,0
15842,2010-11-11 14:08:00,2010-06-30 09:06:00,2,548.8,296,24,231,134,274.4,134.0,8.0,296.0,0.02702702702702703,0,1
15843,2011-02-09 10:19:00,2011-02-09 10:19:00,1,118.95000000000002,27,8,141,1,118.95000000000002,1.0,0.0,27.0,0.0,0,1
15845,2011-06-13 12:42:00,2010-01-26 14:44:00,7,2677.85,1226,96,17,502,382.55,83.66666666666667,41.0,1226.0,0.033442088091353996,2,0
15846,2010-11-19 14:40:00,2010-11-19 14:40:00,1,107.01,79,27,223,1,107.01,1.0,0.0,79.0,0.0,0,1
15847,2011-02-24 16:46:00,2010-03-08 08:47:00,4,613.98,542,28,126,353,153.495,117.66666666666667,0.0,542.0,0.0,0,1
15848,2010-03-28 10:54:00,2010-03-28 10:54:00,1,137.99,45,34,459,1,137.99,1.0,0.0,45.0,0.0,0,1
15850,2011-06-24 14:16:00,2009-12-13 13:27:00,5,888.03,1275,231,6,558,177.606,139.5,0.0,1275.0,0.0,0,1
15851,2010-07-01 12:34:00,2010-07-01 12:34:00,1,109.73,67,8,364,1,109.73,1.0,0.0,67.0,0.0,0,1
15852,2011-06-06 11:22:00,2010-07-01 10:16:00,3,257.26,60,31,24,340,85.75333333333333,170.0,0.0,60.0,0.0,0,1
15854,2011-06-20 08:50:00,2009-12-10 12:08:00,17,4646.85,1447,134,10,556,273.34411764705885,34.75,0.0,1447.0,0.0,2,0
15855,2011-06-09 10:09:00,2010-08-20 17:15:00,5,815.1700000000001,561,64,21,292,163.03400000000002,73.0,0.0,561.0,0.0,1,0
15856,2011-06-10 16:46:00,2009-12-03 14:02:00,34,23682.95,13181,232,20,554,696.5573529411765,16.78787878787879,49.0,13181.0,0.0037174721189591076,8,0
15857,2010-10-05 16:43:00,2010-10-05 16:43:00,1,273.48,276,10,268,1,273.48,1.0,0.0,276.0,0.0,0,1
15858,2011-02-23 13:21:00,2009-12-10 11:42:00,10,2941.06,2277,231,127,440,294.106,48.888888888888886,6.0,2277.0,0.002635046113306983,1,0
15859,2010-10-03 12:52:00,2010-10-03 12:52:00,1,438.46,174,22,270,1,438.46,1.0,0.0,174.0,0.0,0,1
15860,2011-04-21 10:48:00,2009-12-06 12:31:00,12,1816.4,1000,192,70,500,151.36666666666667,45.45454545454545,0.0,1000.0,0.0,4,0
15861,2011-03-17 20:18:00,2010-01-28 19:41:00,6,1938.52,1864,266,105,413,323.08666666666664,82.6,12.0,1864.0,0.006437768240343348,1,0
15862,2011-05-19 14:08:00,2009-12-17 11:33:00,11,2170.42,1294,367,42,518,197.3109090909091,51.8,0.0,1294.0,0.0,1,0
15863,2011-05-31 11:36:00,2009-12-17 10:20:00,4,295.46,145,58,30,530,73.865,176.66666666666666,0.0,145.0,0.0,0,1
15864,2011-06-15 15:35:00,2010-11-23 15:02:00,3,658.7,500,10,15,204,219.5666666666667,102.0,4.0,500.0,0.008,1,0
15865,2011-05-10 11:44:00,2010-01-05 13:58:00,3,1660.22,951,99,51,489,553.4066666666666,244.5,0.0,951.0,0.0,1,0
15867,2011-06-09 16:08:00,2009-12-14 15:16:00,26,7168.43,4061,462,21,542,275.70884615384614,21.68,15.0,4061.0,0.0036936715094804235,3,0
15868,2010-05-05 14:11:00,2010-05-05 14:11:00,1,94.53,57,4,421,1,94.53,1.0,0.0,57.0,0.0,0,1
15869,2011-03-07 17:23:00,2010-03-23 16:50:00,3,321.11,273,29,115,349,107.03666666666668,174.5,0.0,273.0,0.0,0,1
15870,2010-11-08 10:57:00,2010-09-19 16:22:00,3,506.02,171,61,234,49,168.67333333333332,24.5,0.0,171.0,0.0,0,1
15871,2010-09-28 14:16:00,2010-09-28 14:16:00,1,33.099999999999994,5,5,275,1,33.099999999999994,1.0,0.0,5.0,0.0,0,1
15872,2010-11-26 12:05:00,2010-06-07 14:53:00,2,413.0,280,70,216,171,206.5,171.0,0.0,280.0,0.0,0,1
15873,2010-07-28 12:41:00,2010-07-27 11:58:00,4,313.91999999999996,1152,3,337,1,78.47999999999999,0.3333333333333333,576.0,1152.0,0.5,0,1
15874,2011-06-15 11:01:00,2010-01-07 13:56:00,20,9086.63,3633,236,15,523,454.33149999999995,27.526315789473685,27.0,3633.0,0.007431874483897605,0,1
15875,2010-03-03 16:51:00,2010-03-03 16:51:00,1,108.52,74,18,484,1,108.52,1.0,0.0,74.0,0.0,0,1
15876,2010-10-26 18:58:00,2010-09-17 15:26:00,2,1449.1399999999999,886,11,247,39,724.5699999999999,39.0,0.0,886.0,0.0,0,1
15878,2010-05-27 12:17:00,2009-12-06 12:28:00,2,330.77,243,47,399,171,165.385,171.0,0.0,243.0,0.0,0,1
15879,2010-10-31 16:21:00,2009-12-17 19:54:00,4,1137.8,639,171,242,317,284.45,105.66666666666667,0.0,639.0,0.0,0,1
15880,2010-12-05 13:00:00,2010-12-05 13:00:00,1,329.03000000000003,202,95,207,1,329.03000000000003,1.0,24.0,202.0,0.1188118811881188,0,1
15881,2011-01-31 16:59:00,2010-12-10 13:32:00,5,501.39000000000004,260,26,150,52,100.278,13.0,61.0,260.0,0.23461538461538461,0,1
15882,2011-05-25 11:35:00,2009-12-10 15:33:00,8,1124.66,650,49,36,530,140.5825,75.71428571428571,13.0,650.0,0.02,0,1
15884,2010-10-03 15:55:00,2009-12-03 18:23:00,2,244.60000000000002,152,14,270,303,122.30000000000001,303.0,1.0,152.0,0.006578947368421052,0,1
15885,2011-02-03 15:28:00,2010-01-21 12:47:00,13,1587.47,512,69,147,378,122.11307692307693,31.5,25.0,512.0,0.048828125,2,0
15886,2010-10-19 12:01:00,2010-04-20 15:03:00,3,871.78,520,47,254,181,290.5933333333333,90.5,0.0,520.0,0.0,0,1
15887,2010-10-29 08:36:00,2010-06-02 11:53:00,3,1027.15,605,27,244,148,342.3833333333334,74.0,0.0,605.0,0.0,0,1
15888,2010-11-04 09:59:00,2010-07-01 11:51:00,2,260.85,63,24,238,125,130.425,125.0,0.0,63.0,0.0,1,0
15889,2010-12-05 15:12:00,2009-12-10 12:21:00,7,1279.6,735,237,207,360,182.79999999999998,60.0,7.0,735.0,0.009523809523809525,1,0
15890,2010-11-10 12:46:00,2010-04-14 08:43:00,5,535.65,119,10,232,210,107.13,52.5,0.0,119.0,0.0,0,1
15891,2011-04-27 12:35:00,2011-04-27 12:35:00,1,511.68,418,60,64,1,511.68,1.0,0.0,418.0,0.0,0,1
15892,2010-02-08 16:23:00,2010-02-08 16:23:00,1,128.2,46,38,507,1,128.2,1.0,0.0,46.0,0.0,0,1
15893,2010-08-15 11:12:00,2010-08-15 11:12:00,1,305.28000000000003,288,1,319,1,305.28000000000003,1.0,0.0,288.0,0.0,0,1
15894,2011-03-31 13:50:00,2010-12-05 14:06:00,2,258.25,164,35,91,115,129.125,115.0,0.0,164.0,0.0,0,1
15897,2011-05-29 13:50:00,2011-05-29 13:32:00,2,208.59,223,17,32,1,104.295,1.0,0.0,223.0,0.0,0,1
15898,2011-04-27 10:03:00,2009-12-11 16:11:00,24,4610.56,2014,280,64,501,192.10666666666668,21.782608695652176,17.0,2014.0,0.008440913604766634,0,1
15899,2010-12-06 10:36:00,2010-12-06 10:36:00,1,56.25,39,4,206,1,56.25,1.0,0.0,39.0,0.0,0,1
15900,2010-10-22 10:44:00,2010-05-26 11:27:00,3,549.29,440,68,251,148,183.09666666666666,74.0,2.0,440.0,0.004545454545454545,0,1
15901,2010-09-14 14:16:00,2010-06-14 12:39:00,4,335.99,316,49,289,92,83.9975,30.666666666666668,2.0,316.0,0.006329113924050633,2,0
15902,2010-11-24 16:57:00,2010-11-24 16:57:00,1,145.01,124,18,218,1,145.01,1.0,0.0,124.0,0.0,0,1
15903,2011-04-26 11:51:00,2010-01-14 10:57:00,7,4454.72,2192,39,65,467,636.3885714285715,77.83333333333333,9.0,2192.0,0.004105839416058394,2,0
15905,2010-06-14 16:00:00,2010-06-14 16:00:00,1,114.69,82,22,381,1,114.69,1.0,0.0,82.0,0.0,0,1
15906,2011-05-04 11:50:00,2010-09-15 12:17:00,6,1645.66,430,84,57,230,274.2766666666667,46.0,9.0,430.0,0.020930232558139535,1,0
15907,2011-06-16 12:45:00,2011-05-13 13:01:00,2,477.59000000000003,237,93,14,33,238.79500000000002,33.0,0.0,237.0,0.0,0,1
15908,2010-08-06 11:56:00,2010-07-15 19:21:00,2,758.62,173,37,328,21,379.31,21.0,0.0,173.0,0.0,0,1
15909,2011-06-19 10:38:00,2011-06-19 10:38:00,1,191.94,98,7,11,1,191.94,1.0,0.0,98.0,0.0,0,1
15910,2011-05-16 16:36:00,2010-01-21 11:51:00,11,1982.9,1576,322,45,480,180.26363636363638,48.0,0.0,1576.0,0.0,1,0
15911,2010-03-26 12:06:00,2009-12-09 13:26:00,8,1700.24,810,162,461,106,212.53,15.142857142857142,2.0,810.0,0.0024691358024691358,0,1
15912,2011-06-14 14:29:00,2009-12-10 12:58:00,9,1074.7,759,83,16,551,119.41111111111111,68.875,0.0,759.0,0.0,0,1
15913,2010-06-23 16:31:00,2010-06-23 16:31:00,1,6.300000000000001,3,1,372,1,6.300000000000001,1.0,0.0,3.0,0.0,0,1
15914,2010-11-26 16:10:00,2010-11-26 16:09:00,2,205.99,149,13,216,1,102.995,1.0,0.0,149.0,0.0,0,1
15915,2010-11-03 11:13:00,2010-11-03 11:13:00,1,364.45,414,105,239,1,364.45,1.0,0.0,414.0,0.0,0,1
15916,2011-06-01 11:52:00,2009-12-10 16:21:00,10,2489.33,1259,178,29,537,248.933,59.666666666666664,15.0,1259.0,0.011914217633042097,1,0
15917,2011-04-06 10:40:00,2009-12-02 14:55:00,5,530.17,248,127,85,489,106.03399999999999,122.25,0.0,248.0,0.0,0,1
15918,2011-06-02 11:42:00,2010-03-18 11:40:00,3,582.88,240,49,28,441,194.29333333333332,220.5,0.0,240.0,0.0,0,1
15919,2010-12-06 11:26:00,2010-12-06 11:26:00,1,214.07999999999998,175,38,206,1,214.07999999999998,1.0,0.0,175.0,0.0,0,1
15920,2010-10-11 13:57:00,2009-12-14 13:09:00,5,401.64,139,42,262,301,80.328,75.25,0.0,139.0,0.0,4,0
15921,2011-06-20 11:03:00,2010-03-09 11:03:00,4,775.26,335,69,10,468,193.815,156.0,0.0,335.0,0.0,0,1
15922,2010-12-01 13:51:00,2010-12-01 13:51:00,1,369.5,138,11,211,1,369.5,1.0,2.0,138.0,0.014492753623188406,0,1
15923,2010-12-02 12:16:00,2010-12-02 12:16:00,1,127.08,122,21,210,1,127.08,1.0,0.0,122.0,0.0,0,1
15924,2009-12-08 15:00:00,2009-12-08 15:00:00,1,102.82,103,14,569,1,102.82,1.0,0.0,103.0,0.0,0,1
15925,2011-05-29 15:35:00,2011-05-29 15:35:00,1,207.15,93,12,32,1,207.15,1.0,0.0,93.0,0.0,0,1
15926,2010-06-15 15:23:00,2010-06-15 15:23:00,1,134.44,155,7,380,1,134.44,1.0,0.0,155.0,0.0,0,1
15927,2010-03-02 13:25:00,2010-03-02 13:25:00,1,106.54,66,13,485,1,106.54,1.0,0.0,66.0,0.0,0,1
15928,2010-02-21 15:16:00,2010-02-21 15:16:00,1,293.53,164,11,494,1,293.53,1.0,0.0,164.0,0.0,0,1
15929,2010-03-05 14:56:00,2010-03-05 14:56:00,1,594.0,120,1,482,1,594.0,1.0,0.0,120.0,0.0,0,1
15931,2010-10-07 16:46:00,2010-10-07 16:46:00,1,239.9,118,14,266,1,239.9,1.0,0.0,118.0,0.0,0,1
15932,2011-06-27 15:28:00,2011-02-23 14:50:00,5,1583.3700000000001,1171,51,3,124,316.67400000000004,31.0,14.0,1171.0,0.011955593509820665,2,0
15934,2010-10-18 10:13:00,2010-10-06 12:08:00,2,2190.66,2166,29,255,11,1095.33,11.0,0.0,2166.0,0.0,0,1
15935,2011-04-14 13:27:00,2011-04-12 09:35:00,2,416.86,115,12,77,2,208.43,2.0,286.0,115.0,2.4869565217391303,0,1
15936,2010-11-25 16:39:00,2010-08-29 11:42:00,2,282.79,211,16,217,88,141.395,88.0,0.0,211.0,0.0,0,1
15938,2011-05-22 15:03:00,2010-06-01 09:42:00,8,665.53,401,24,39,355,83.19125,50.714285714285715,0.0,401.0,0.0,1,0
15939,2011-06-12 14:48:00,2010-11-30 12:07:00,11,8165.25,5642,52,18,194,742.2954545454545,19.4,3.0,5642.0,0.0005317263381779511,5,0
15940,2011-02-01 16:18:00,2011-02-01 16:18:00,1,35.79999999999999,4,1,149,1,35.79999999999999,1.0,5.0,4.0,1.25,0,1
15941,2010-03-12 14:45:00,2010-03-12 14:45:00,1,405.0,60,6,475,1,405.0,1.0,32.0,60.0,0.5333333333333333,0,1
15943,2010-02-28 12:49:00,2010-01-31 11:04:00,2,271.28999999999996,183,12,487,28,135.64499999999998,28.0,0.0,183.0,0.0,0,1
15944,2011-03-08 10:33:00,2009-12-13 12:57:00,4,2164.24,859,25,114,449,541.06,149.66666666666666,0.0,859.0,0.0,0,1
15945,2010-12-09 13:14:00,2009-12-01 13:47:00,4,646.27,345,24,203,372,161.5675,124.0,0.0,345.0,0.0,0,1
15946,2010-07-25 12:18:00,2010-03-16 10:49:00,3,2304.18,1614,25,340,131,768.06,65.5,0.0,1614.0,0.0,0,1
15948,2010-10-11 12:16:00,2010-10-11 12:16:00,1,553.85,285,35,262,1,553.85,1.0,0.0,285.0,0.0,0,1
15950,2010-12-15 11:56:00,2010-01-26 11:39:00,7,5805.02,2770,194,197,323,829.2885714285715,53.833333333333336,47.0,2770.0,0.01696750902527076,2,0
15951,2011-02-27 11:57:00,2010-11-23 18:20:00,2,680.12,281,35,123,95,340.06,95.0,0.0,281.0,0.0,0,1
15952,2011-04-28 12:55:00,2011-04-28 12:55:00,1,232.65,123,14,63,1,232.65,1.0,0.0,123.0,0.0,1,0
15953,2011-05-12 11:44:00,2009-12-03 14:00:00,14,2607.1,1300,69,49,524,186.22142857142856,40.30769230769231,98.0,1300.0,0.07538461538461538,0,1
15954,2010-04-29 13:35:00,2010-04-29 13:35:00,1,190.75,119,20,427,1,190.75,1.0,0.0,119.0,0.0,0,1
15955,2011-05-20 08:57:00,2010-02-23 16:36:00,11,5115.34,2422,130,41,450,465.0309090909091,45.0,5.0,2422.0,0.002064409578860446,7,0
15956,2010-06-06 13:06:00,2009-12-13 11:16:00,2,617.6,278,18,389,175,308.8,175.0,0.0,278.0,0.0,0,1
15957,2010-10-15 12:22:00,2010-10-15 12:11:00,2,492.36,242,88,258,1,246.18,1.0,0.0,242.0,0.0,0,1
15958,2010-11-01 12:22:00,2010-06-07 10:59:00,3,357.77,121,45,241,147,119.25666666666666,73.5,0.0,121.0,0.0,1,0
15959,2010-01-26 16:38:00,2010-01-26 16:19:00,3,542.89,269,58,520,1,180.96333333333334,0.5,0.0,269.0,0.0,0,1
15960,2010-11-30 15:57:00,2010-09-30 15:50:00,4,410.95,258,24,212,61,102.7375,20.333333333333332,1.0,258.0,0.003875968992248062,0,1
15961,2010-11-25 15:59:00,2010-11-25 15:59:00,1,451.28999999999996,154,42,217,1,451.28999999999996,1.0,0.0,154.0,0.0,0,1
15962,2010-09-16 13:48:00,2010-09-16 13:48:00,1,289.48,228,43,287,1,289.48,1.0,0.0,228.0,0.0,0,1
15964,2010-02-14 15:30:00,2010-02-14 15:30:00,1,269.21000000000004,93,20,501,1,269.21000000000004,1.0,0.0,93.0,0.0,0,1
15965,2010-12-07 13:18:00,2009-12-03 11:45:00,10,2119.26,953,144,205,369,211.92600000000002,41.0,5.0,953.0,0.005246589716684155,0,1
15966,2010-09-15 10:44:00,2010-09-15 10:44:00,1,426.53000000000003,275,27,288,1,426.53000000000003,1.0,7.0,275.0,0.025454545454545455,0,1
15967,2011-01-25 11:57:00,2009-12-01 13:29:00,11,2730.22,1038,290,156,419,248.20181818181817,41.9,4.0,1038.0,0.0038535645472061657,0,1
15968,2010-11-16 13:04:00,2010-11-16 13:04:00,1,404.55,247,70,226,1,404.55,1.0,0.0,247.0,0.0,0,1
15969,2011-06-07 12:19:00,2010-07-05 13:10:00,3,769.65,143,23,23,336,256.55,168.0,0.0,143.0,0.0,0,1
15970,2011-02-09 12:08:00,2010-04-20 11:30:00,2,1017.32,498,19,141,295,508.66,295.0,0.0,498.0,0.0,0,1
15971,2011-04-11 13:40:00,2009-12-08 09:46:00,10,2789.13,1061,9,80,489,278.913,54.333333333333336,296.0,1061.0,0.27898209236569277,4,0
15972,2010-09-09 13:20:00,2010-04-18 14:06:00,5,1769.33,468,104,294,143,353.866,35.75,0.0,468.0,0.0,0,1
15973,2010-12-08 11:42:00,2010-10-06 15:00:00,3,680.62,195,8,204,62,226.87333333333333,31.0,19.0,195.0,0.09743589743589744,0,1
15974,2011-06-08 14:52:00,2011-02-24 10:10:00,4,2054.85,1300,90,22,104,513.7125,34.666666666666664,6.0,1300.0,0.004615384615384616,2,0
15976,2011-06-27 13:00:00,2010-06-06 14:01:00,6,1694.41,1053,265,3,385,282.4016666666667,77.0,0.0,1053.0,0.0,0,1
15978,2010-10-03 14:08:00,2010-03-05 14:39:00,2,2180.64,1556,72,270,211,1090.32,211.0,4.0,1556.0,0.002570694087403599,1,0
15979,2010-04-16 11:35:00,2010-04-16 11:35:00,1,329.22,450,22,440,1,329.22,1.0,0.0,450.0,0.0,0,1
15980,2011-03-30 15:05:00,2010-06-01 14:40:00,5,4905.0,3854,83,92,302,981.0,75.5,36.0,3854.0,0.00934094447327452,2,0
15981,2011-06-24 10:33:00,2010-03-29 10:07:00,18,8015.29,4061,131,6,452,445.2938888888889,26.58823529411765,49.0,4061.0,0.01206599359763605,2,0
15982,2010-04-13 15:47:00,2010-04-13 15:47:00,1,324.51,131,45,443,1,324.51,1.0,0.0,131.0,0.0,0,1
15983,2010-12-14 12:30:00,2009-12-06 12:52:00,7,2783.62,1680,117,198,372,397.65999999999997,62.0,0.0,1680.0,0.0,0,1
15984,2011-04-20 12:56:00,2009-12-01 13:38:00,25,6387.72,4271,318,71,504,255.5088,21.0,10.0,4271.0,0.0023413720440177946,3,0
15985,2011-04-17 11:04:00,2010-05-27 15:51:00,6,2472.44,2542,48,74,324,412.0733333333333,64.8,0.0,2542.0,0.0,1,0
15986,2010-11-23 10:02:00,2010-11-23 10:02:00,1,186.3,100,11,219,1,186.3,1.0,0.0,100.0,0.0,0,1
15987,2011-05-24 09:26:00,2010-11-25 12:56:00,5,619.3,1144,50,37,179,123.85999999999999,44.75,0.0,1144.0,0.0,2,0
15988,2010-06-06 12:45:00,2010-02-21 11:36:00,2,582.11,296,93,389,105,291.055,105.0,0.0,296.0,0.0,0,1
15989,2010-11-29 12:03:00,2009-12-02 15:51:00,2,368.31,169,81,213,361,184.155,361.0,0.0,169.0,0.0,0,1
15990,2011-02-25 15:35:00,2010-02-28 12:30:00,6,1607.01,814,95,125,362,267.835,72.4,0.0,814.0,0.0,0,1
15991,2010-06-23 15:50:00,2010-06-23 15:50:00,1,150.55,41,6,372,1,150.55,1.0,0.0,41.0,0.0,0,1
15992,2010-11-08 14:51:00,2010-09-12 11:52:00,2,854.61,497,51,234,57,427.305,57.0,0.0,497.0,0.0,0,1
15994,2010-10-24 12:14:00,2010-03-14 11:55:00,2,761.4100000000001,289,69,249,224,380.70500000000004,224.0,2.0,289.0,0.006920415224913495,0,1
15995,2010-10-21 13:57:00,2010-10-21 13:57:00,1,694.54,352,108,252,1,694.54,1.0,0.0,352.0,0.0,0,1
15996,2011-06-27 12:13:00,2010-11-07 15:49:00,5,1122.02,572,118,3,231,224.404,57.75,2.0,572.0,0.0034965034965034965,2,0
15998,2011-06-21 10:48:00,2009-12-01 11:45:00,14,7299.18,4688,614,9,566,521.37,43.53846153846154,19.0,4688.0,0.0040529010238907846,1,0
15999,2009-12-04 12:31:00,2009-12-04 12:31:00,1,20.4,24,1,573,1,20.4,1.0,0.0,24.0,0.0,0,1
16001,2010-11-23 17:10:00,2010-11-23 17:10:00,1,583.39,337,29,219,1,583.39,1.0,32.0,337.0,0.09495548961424333,0,1
16002,2010-03-24 13:08:00,2010-03-24 13:08:00,1,169.21,70,42,463,1,169.21,1.0,0.0,70.0,0.0,0,1
16003,2011-06-27 08:50:00,2009-12-03 18:51:00,7,4633.16,1606,122,3,570,661.88,95.0,0.0,1606.0,0.0,1,0
16004,2010-08-22 11:48:00,2010-01-25 13:56:00,5,2146.39,1076,63,312,208,429.27799999999996,52.0,0.0,1076.0,0.0,0,1
16005,2011-06-10 12:01:00,2010-09-15 13:21:00,8,2062.19,1106,232,20,267,257.77375,38.142857142857146,11.0,1106.0,0.009945750452079566,0,1
16006,2011-05-12 13:12:00,2010-11-17 12:03:00,2,332.82,205,75,49,176,166.41,176.0,0.0,205.0,0.0,0,1
16007,2011-06-12 12:01:00,2010-06-14 13:18:00,5,2086.92,1824,269,18,362,417.384,90.5,0.0,1824.0,0.0,0,1
16008,2011-05-19 10:54:00,2010-03-19 11:07:00,13,4999.5,2989,58,42,425,384.5769230769231,35.416666666666664,0.0,2989.0,0.0,1,0
16010,2011-04-08 10:14:00,2010-10-24 10:54:00,11,1694.86,919,122,83,165,154.0781818181818,16.5,1.0,919.0,0.001088139281828074,0,1
16011,2011-06-16 13:46:00,2009-12-01 12:02:00,21,3608.01,2179,162,14,562,171.81,28.1,3.0,2179.0,0.0013767783386874712,5,0
16012,2010-11-03 13:47:00,2010-06-28 11:39:00,2,1563.3,961,138,239,128,781.65,128.0,0.0,961.0,0.0,2,0
16013,2011-06-20 12:27:00,2009-12-08 10:24:00,62,34269.159999999996,15732,35,10,559,552.7283870967741,9.163934426229508,1647.0,15732.0,0.10469107551487414,11,0
16014,2011-02-21 17:42:00,2010-01-31 12:43:00,3,707.08,306,168,129,386,235.69333333333336,193.0,0.0,306.0,0.0,1,0
16016,2011-05-27 13:53:00,2010-11-02 13:27:00,7,1408.96,579,127,34,206,201.28,34.333333333333336,4.0,579.0,0.0069084628670120895,1,0
16017,2010-10-18 12:58:00,2010-01-05 12:06:00,4,1333.7,533,81,255,286,333.425,95.33333333333333,0.0,533.0,0.0,0,1
16018,2011-06-12 13:52:00,2009-12-07 13:57:00,3,451.13,357,39,18,551,150.37666666666667,275.5,0.0,357.0,0.0,0,1
16019,2011-04-21 15:16:00,2009-12-14 14:12:00,24,16032.42,6110,192,70,493,668.0175,21.434782608695652,265.0,6110.0,0.04337152209492635,1,0
16021,2010-11-09 14:48:00,2010-06-13 11:05:00,2,487.03,276,117,233,149,243.515,149.0,0.0,276.0,0.0,0,1
16022,2011-03-24 13:16:00,2011-03-24 13:16:00,1,602.63,255,68,98,1,602.63,1.0,0.0,255.0,0.0,0,1
16023,2011-05-31 14:19:00,2011-03-18 13:32:00,2,500.69,227,59,30,74,250.345,74.0,0.0,227.0,0.0,0,1
16024,2010-10-24 11:42:00,2010-10-24 11:40:00,2,232.96,107,21,249,1,116.48,1.0,0.0,107.0,0.0,0,1
16027,2011-06-16 15:47:00,2010-01-08 13:21:00,13,1739.1100000000001,1616,16,14,524,133.77769230769232,43.666666666666664,79.0,1616.0,0.04888613861386139,2,0
16028,2010-04-23 11:45:00,2010-04-23 11:45:00,1,82.2,18,5,433,1,82.2,1.0,0.0,18.0,0.0,0,1
16029,2011-06-28 15:15:00,2009-12-08 11:23:00,79,76658.64,32728,47,2,567,970.3625316455696,7.269230769230769,472.0,32728.0,0.014421901735516988,19,0
16030,2011-02-03 11:28:00,2011-02-03 11:28:00,1,331.24,283,28,147,1,331.24,1.0,0.0,283.0,0.0,0,1
16031,2011-04-06 14:23:00,2011-04-06 14:23:00,1,305.63,219,39,85,1,305.63,1.0,0.0,219.0,0.0,1,0
16032,2010-09-09 18:00:00,2010-07-04 13:31:00,6,1965.72,1467,130,294,67,327.62,13.4,0.0,1467.0,0.0,0,1
16033,2011-06-27 12:38:00,2010-08-11 16:44:00,19,5721.77,2072,368,3,319,301.14578947368426,17.72222222222222,29.0,2072.0,0.013996138996138996,5,0
16034,2011-05-27 16:17:00,2010-10-26 13:00:00,6,911.3199999999999,585,43,34,213,151.88666666666666,42.6,1.0,585.0,0.0017094017094017094,0,1
16035,2010-05-28 15:09:00,2010-05-28 15:09:00,1,217.73,33,21,398,1,217.73,1.0,0.0,33.0,0.0,0,1
16036,2011-03-21 13:01:00,2010-03-29 14:47:00,3,1986.6499999999999,780,88,101,356,662.2166666666666,178.0,0.0,780.0,0.0,1,0
16037,2011-03-15 09:13:00,2010-03-01 12:31:00,5,1509.34,766,62,107,378,301.868,94.5,2.0,766.0,0.0026109660574412533,0,1
16038,2011-06-15 13:50:00,2011-05-22 11:29:00,2,393.33,229,23,15,24,196.665,24.0,3.0,229.0,0.013100436681222707,0,1
16039,2010-10-12 10:44:00,2010-03-21 15:17:00,2,456.4,409,27,261,204,228.2,204.0,1.0,409.0,0.0024449877750611247,0,1
16040,2011-03-16 09:58:00,2010-04-09 10:12:00,5,1525.78,786,69,106,340,305.156,85.0,24.0,786.0,0.030534351145038167,1,0
16042,2011-01-11 13:25:00,2010-09-12 12:00:00,4,1092.8,692,50,170,121,273.2,40.333333333333336,13.0,692.0,0.01878612716763006,1,0
16043,2011-05-12 13:43:00,2010-08-15 11:26:00,7,1759.0900000000001,850,48,49,270,251.29857142857145,45.0,0.0,850.0,0.0,0,1
16044,2010-09-30 18:12:00,2010-09-30 18:12:00,1,340.84000000000003,170,19,273,1,340.84000000000003,1.0,0.0,170.0,0.0,0,1
16045,2011-06-30 16:22:00,2010-07-29 12:50:00,7,3224.88,1913,106,0,336,460.69714285714286,56.0,166.0,1913.0,0.08677469942498693,1,0
16046,2010-05-26 13:18:00,2010-05-26 13:18:00,1,235.78,248,22,400,1,235.78,1.0,0.0,248.0,0.0,0,1
16047,2010-01-26 16:34:00,2010-01-26 16:34:00,1,107.14,1,1,520,1,107.14,1.0,0.0,1.0,0.0,0,1
16048,2010-12-01 15:28:00,2010-06-08 12:36:00,4,818.7900000000001,425,30,211,176,204.69750000000002,58.666666666666664,1.0,425.0,0.002352941176470588,0,1
16049,2010-11-29 14:36:00,2010-07-11 13:53:00,3,777.34,369,175,213,141,259.11333333333334,70.5,0.0,369.0,0.0,1,0
16050,2011-06-19 11:44:00,2010-11-03 15:55:00,3,300.7,388,19,11,227,100.23333333333333,113.5,0.0,388.0,0.0,0,1
16051,2010-01-27 09:38:00,2010-01-27 09:38:00,1,188.44,80,12,519,1,188.44,1.0,0.0,80.0,0.0,0,1
16053,2010-10-22 11:42:00,2010-04-08 11:11:00,4,2122.89,1274,101,251,197,530.7225,65.66666666666667,6.0,1274.0,0.004709576138147566,1,0
16054,2010-10-17 11:38:00,2010-04-01 18:37:00,3,1327.98,411,49,256,198,442.66,99.0,12.0,411.0,0.029197080291970802,1,0
16055,2011-05-03 09:26:00,2011-05-03 09:26:00,1,134.8,22,8,58,1,134.8,1.0,0.0,22.0,0.0,0,1
16057,2011-05-12 13:10:00,2010-01-07 17:11:00,6,2651.27,1205,128,49,489,441.87833333333333,97.8,255.0,1205.0,0.21161825726141079,3,0
16058,2010-10-29 16:48:00,2010-10-29 16:48:00,1,62.7,18,2,244,1,62.7,1.0,0.0,18.0,0.0,0,1
16059,2011-06-29 10:50:00,2010-05-19 13:04:00,10,2545.01,1180,207,1,405,254.50100000000003,45.0,0.0,1180.0,0.0,1,0
16060,2010-11-04 12:10:00,2010-08-02 15:26:00,3,541.95,243,22,238,93,180.65,46.5,0.0,243.0,0.0,0,1
16061,2010-10-04 15:29:00,2010-10-04 15:29:00,1,89.65,19,3,269,1,89.65,1.0,6.0,19.0,0.3157894736842105,0,1
16062,2011-04-12 15:08:00,2010-06-21 13:32:00,6,2288.01,1568,115,79,295,381.33500000000004,59.0,0.0,1568.0,0.0,1,0
16063,2011-03-24 14:56:00,2011-03-24 14:55:00,1,335.32,262,23,98,1,335.32,1.0,0.0,262.0,0.0,0,1
16064,2009-12-14 16:11:00,2009-12-14 16:11:00,1,109.31,55,17,563,1,109.31,1.0,0.0,55.0,0.0,0,1
16065,2010-12-09 13:03:00,2010-09-02 13:27:00,8,1992.13,1207,214,203,97,249.01625,13.857142857142858,2.0,1207.0,0.0016570008285004142,0,1
16067,2010-05-26 12:33:00,2010-02-02 18:01:00,3,3269.11,1236,60,400,112,1089.7033333333334,56.0,70.0,1236.0,0.05663430420711974,0,1
16068,2010-04-25 11:52:00,2010-04-25 11:52:00,1,115.73,48,34,431,1,115.73,1.0,0.0,48.0,0.0,0,1
16069,2010-10-18 10:32:00,2010-10-18 10:32:00,1,457.7,138,25,255,1,457.7,1.0,0.0,138.0,0.0,0,1
16071,2010-06-30 13:41:00,2010-02-22 14:48:00,3,750.5600000000001,517,47,365,127,250.1866666666667,63.5,0.0,517.0,0.0,0,1
16072,2011-02-24 14:32:00,2010-06-08 16:47:00,4,4180.09,1580,414,126,260,1045.0225,86.66666666666667,0.0,1580.0,0.0,0,1
16073,2011-02-15 15:41:00,2011-02-15 15:41:00,1,122.39999999999999,48,1,135,1,122.39999999999999,1.0,11.0,48.0,0.22916666666666666,0,1
16074,2010-11-14 13:19:00,2010-11-14 13:19:00,1,252.5,38,23,228,1,252.5,1.0,0.0,38.0,0.0,0,1
16075,2010-07-25 11:31:00,2010-05-24 15:57:00,2,736.9300000000001,271,41,340,61,368.46500000000003,61.0,1.0,271.0,0.0036900369003690036,0,1
16076,2011-05-15 12:31:00,2011-05-15 12:31:00,1,305.45000000000005,137,16,46,1,305.45000000000005,1.0,0.0,137.0,0.0,5,0
16077,2010-03-24 10:42:00,2010-03-24 10:42:00,1,2300.4,840,8,463,1,2300.4,1.0,312.0,840.0,0.37142857142857144,0,1
16078,2011-03-01 09:47:00,2010-02-08 13:29:00,2,362.99,200,39,121,385,181.495,385.0,0.0,200.0,0.0,0,1
16080,2011-03-10 14:44:00,2010-09-15 14:19:00,3,515.66,236,24,112,176,171.88666666666666,88.0,42.0,236.0,0.17796610169491525,1,0
16081,2011-06-07 13:31:00,2010-02-03 12:46:00,6,2471.91,1180,155,23,489,411.98499999999996,97.8,0.0,1180.0,0.0,1,0
16082,2010-02-07 15:16:00,2010-02-07 15:16:00,1,106.75,39,16,508,1,106.75,1.0,0.0,39.0,0.0,0,1
16083,2010-12-14 11:51:00,2010-11-16 11:53:00,3,1371.78,990,51,198,27,457.26,13.5,0.0,990.0,0.0,1,0
16084,2011-02-13 16:05:00,2011-02-13 16:05:00,1,436.18,216,38,137,1,436.18,1.0,0.0,216.0,0.0,0,1
16085,2011-04-17 12:25:00,2010-01-20 14:03:00,9,1684.56,970,196,74,451,187.17333333333332,56.375,2.0,970.0,0.002061855670103093,1,0
16086,2011-05-23 15:29:00,2009-12-02 13:20:00,8,2153.4,1187,63,38,537,269.175,76.71428571428571,1.0,1187.0,0.0008424599831508003,1,0
16087,2010-11-15 16:44:00,2010-01-19 12:30:00,5,1739.92,664,6,227,300,347.98400000000004,75.0,0.0,664.0,0.0,0,1
16088,2010-05-13 10:16:00,2010-04-27 10:56:00,2,1437.43,373,3,413,15,718.715,15.0,0.0,373.0,0.0,0,1
16089,2010-11-18 13:51:00,2010-07-18 15:51:00,2,263.49,119,42,224,122,131.745,122.0,0.0,119.0,0.0,0,1
16090,2010-03-25 13:05:00,2010-03-25 13:05:00,1,180.56,58,18,462,1,180.56,1.0,0.0,58.0,0.0,0,1
16091,2011-05-25 09:18:00,2011-05-25 09:18:00,1,157.25,83,10,36,1,157.25,1.0,0.0,83.0,0.0,1,0
16092,2011-05-26 15:30:00,2010-05-09 16:10:00,5,1363.81,1005,55,35,381,272.762,95.25,13.0,1005.0,0.012935323383084577,1,0
16094,2011-05-04 13:57:00,2010-04-16 14:00:00,8,2869.43,1537,81,57,382,358.67875,54.57142857142857,28.0,1537.0,0.018217306441119064,0,1
16095,2010-09-09 16:54:00,2010-09-09 16:54:00,1,447.05,265,30,294,1,447.05,1.0,0.0,265.0,0.0,0,1
16096,2011-03-20 13:38:00,2010-03-04 15:44:00,4,1584.97,700,58,102,380,396.2425,126.66666666666667,0.0,700.0,0.0,0,1
16097,2011-04-13 13:47:00,2011-04-13 13:47:00,1,185.04999999999998,87,10,78,1,185.04999999999998,1.0,0.0,87.0,0.0,0,1
16098,2011-06-07 16:21:00,2009-12-15 09:40:00,11,3227.29,1719,75,23,539,293.39,53.9,0.0,1719.0,0.0,3,0
16099,2011-04-28 08:34:00,2010-03-03 11:13:00,5,1159.6,732,36,63,420,231.92,105.0,1.0,732.0,0.001366120218579235,1,0
16100,2010-09-03 11:39:00,2010-09-03 11:39:00,1,582.64,438,37,300,1,582.64,1.0,0.0,438.0,0.0,0,1
16101,2010-10-01 10:45:00,2010-05-27 12:50:00,3,1938.46,1087,94,272,126,646.1533333333333,63.0,2.0,1087.0,0.0018399264029438822,1,0
16103,2011-06-06 11:55:00,2010-01-08 12:08:00,19,5567.33,2343,105,24,513,293.01736842105265,28.5,33.0,2343.0,0.014084507042253521,2,0
16104,2010-10-17 10:34:00,2009-12-06 10:41:00,8,2476.25,925,162,256,314,309.53125,44.857142857142854,39.0,925.0,0.04216216216216216,0,1
16105,2011-04-05 10:13:00,2010-04-14 13:27:00,5,2386.19,2125,92,86,355,477.238,88.75,0.0,2125.0,0.0,0,1
16107,2011-06-09 18:42:00,2011-06-09 18:42:00,1,532.9,94,10,21,1,532.9,1.0,0.0,94.0,0.0,3,0
16108,2010-10-01 15:10:00,2010-03-18 14:14:00,3,1393.42,858,79,272,197,464.47333333333336,98.5,11.0,858.0,0.01282051282051282,1,0
16109,2011-05-05 09:17:00,2010-01-10 10:37:00,3,939.48,1092,30,56,479,313.16,239.5,2.0,1092.0,0.0018315018315018315,0,1
16110,2011-03-22 13:54:00,2010-07-05 13:04:00,3,1138.82,502,235,100,260,379.6066666666666,130.0,0.0,502.0,0.0,0,1
16111,2010-10-07 19:51:00,2010-10-07 19:51:00,1,549.33,233,72,266,1,549.33,1.0,0.0,233.0,0.0,0,1
16112,2011-01-10 16:29:00,2011-01-05 11:47:00,2,136.14,342,10,171,5,68.07,5.0,0.0,342.0,0.0,2,0
16113,2011-06-09 16:16:00,2011-06-09 16:16:00,1,161.38,176,30,21,1,161.38,1.0,0.0,176.0,0.0,0,1
16114,2011-06-22 10:13:00,2011-06-22 10:13:00,1,135.75000000000003,43,8,8,1,135.75000000000003,1.0,0.0,43.0,0.0,0,1
16115,2011-06-12 13:00:00,2010-05-14 11:59:00,8,1544.49,980,171,18,394,193.06125,56.285714285714285,0.0,980.0,0.0,2,0
16116,2011-05-12 12:01:00,2011-05-12 12:01:00,1,612.78,248,34,49,1,612.78,1.0,2.0,248.0,0.008064516129032258,0,1
16117,2011-06-03 11:42:00,2010-04-27 11:50:00,3,654.4,321,64,27,401,218.13333333333333,200.5,3.0,321.0,0.009345794392523364,0,1
16118,2010-02-25 09:40:00,2010-02-25 09:40:00,1,4376.25,2851,41,490,1,4376.25,1.0,29.0,2851.0,0.010171869519466853,0,1
16119,2010-11-10 13:40:00,2009-12-16 11:56:00,6,1297.45,571,31,232,329,216.24166666666667,65.8,0.0,571.0,0.0,1,0
16120,2010-10-13 15:22:00,2010-10-13 15:07:00,2,1658.3700000000001,1283,60,260,1,829.1850000000001,1.0,0.0,1283.0,0.0,0,1
16121,2011-05-08 11:52:00,2010-05-23 10:52:00,4,881.32,442,159,53,350,220.33,116.66666666666667,2.0,442.0,0.004524886877828055,0,1
16122,2011-01-11 10:19:00,2010-10-10 15:26:00,4,461.04,598,20,170,92,115.26,30.666666666666668,0.0,598.0,0.0,2,0
16124,2011-01-26 14:45:00,2009-12-07 10:33:00,4,1772.49,797,63,155,415,443.1225,138.33333333333334,8.0,797.0,0.010037641154328732,0,1
16125,2010-12-07 15:48:00,2009-12-14 15:38:00,14,4292.35,1819,168,205,358,306.5964285714286,27.53846153846154,0.0,1819.0,0.0,0,1
16126,2011-06-08 14:57:00,2009-12-02 13:34:00,13,10200.83,4553,128,22,553,784.6792307692308,46.083333333333336,0.0,4565.0,0.0,1,0
16127,2009-12-13 12:19:00,2009-12-13 12:19:00,1,145.06,68,35,564,1,145.06,1.0,0.0,68.0,0.0,0,1
16128,2011-03-02 12:21:00,2010-07-16 16:30:00,7,2309.13,1631,102,120,228,329.8757142857143,38.0,26.0,1631.0,0.01594114040465972,2,0
16129,2010-10-28 14:29:00,2010-07-20 12:32:00,3,1396.05,1261,91,245,100,465.34999999999997,50.0,0.0,1261.0,0.0,0,1
16130,2010-10-13 15:14:00,2010-04-01 13:58:00,4,987.48,296,53,260,195,246.87,65.0,0.0,296.0,0.0,0,1
16131,2011-05-16 16:44:00,2009-12-02 10:09:00,8,8115.4,3758,117,45,530,1014.425,75.71428571428571,15.0,3758.0,0.003991484832357637,2,0
16132,2010-06-13 13:49:00,2010-03-22 10:25:00,2,664.1999999999999,280,14,382,83,332.09999999999997,83.0,0.0,280.0,0.0,0,1
16133,2011-06-07 12:01:00,2010-03-31 12:21:00,35,15194.59,8639,191,23,432,434.13114285714283,12.705882352941176,90.0,8639.0,0.010417872438939692,13,0
16134,2010-12-15 14:00:00,2010-06-17 09:48:00,4,1810.78,1424,71,197,181,452.695,60.333333333333336,15.0,1424.0,0.010533707865168539,0,1
16135,2011-03-22 12:30:00,2010-05-05 09:35:00,2,819.45,395,35,100,321,409.725,321.0,0.0,395.0,0.0,0,1
16136,2011-03-07 09:52:00,2010-02-14 12:49:00,2,396.72,300,17,115,385,198.36,385.0,52.0,300.0,0.17333333333333334,1,0
16137,2010-01-28 15:04:00,2010-01-28 15:04:00,1,422.7,210,28,518,1,422.7,1.0,0.0,210.0,0.0,0,1
16138,2010-11-26 12:13:00,2010-04-28 09:51:00,3,910.35,774,35,216,212,303.45,106.0,1.0,774.0,0.0012919896640826874,0,1
16139,2011-05-17 10:23:00,2009-12-03 13:51:00,3,615.54,356,29,44,529,205.17999999999998,264.5,0.0,356.0,0.0,1,0
16140,2010-12-03 14:40:00,2010-09-24 12:03:00,2,832.4200000000001,646,33,209,70,416.21000000000004,70.0,0.0,646.0,0.0,0,1
16141,2010-10-18 14:12:00,2010-10-18 14:12:00,1,335.54,172,20,255,1,335.54,1.0,0.0,172.0,0.0,1,0
16142,2011-04-04 10:16:00,2011-04-04 10:16:00,1,535.34,422,37,87,1,535.34,1.0,0.0,422.0,0.0,0,1
16143,2011-05-11 08:32:00,2009-12-10 09:44:00,10,3704.31,1484,91,50,516,370.431,57.333333333333336,17.0,1484.0,0.011455525606469003,1,0
16144,2011-04-07 10:09:00,2011-04-07 10:09:00,1,175.2,16,1,84,1,175.2,1.0,0.0,16.0,0.0,0,1
16145,2011-06-16 09:46:00,2010-05-04 13:31:00,13,4653.67,3450,163,14,407,357.9746153846154,33.916666666666664,63.0,3450.0,0.018260869565217393,4,0
16146,2011-05-20 08:39:00,2010-09-17 10:46:00,3,871.38,484,34,41,244,290.46,122.0,0.0,484.0,0.0,1,0
16147,2010-11-04 14:56:00,2010-02-05 12:26:00,4,2023.91,1149,101,238,272,505.9775,90.66666666666667,73.0,1149.0,0.06353350739773717,1,0
16148,2011-02-16 14:01:00,2010-09-29 10:12:00,2,386.62,250,9,134,140,193.31,140.0,3.0,250.0,0.012,0,1
16149,2010-10-06 15:54:00,2010-10-06 15:54:00,1,141.70000000000002,290,12,267,1,141.70000000000002,1.0,0.0,290.0,0.0,1,0
16150,2011-03-14 13:56:00,2009-12-17 15:33:00,7,2913.63,1443,109,108,451,416.23285714285714,75.16666666666667,41.0,1443.0,0.028413028413028413,2,0
16152,2011-03-16 09:47:00,2011-03-16 09:47:00,1,1829.04,642,29,106,1,1829.04,1.0,0.0,642.0,0.0,0,1
16153,2011-06-07 09:19:00,2010-05-26 12:41:00,9,4009.36,3028,129,23,376,445.4844444444445,47.0,37.0,3028.0,0.012219286657859974,1,0
16155,2010-11-23 12:03:00,2010-06-18 11:23:00,5,796.9,495,45,219,158,159.38,39.5,13.0,495.0,0.026262626262626262,0,1
16156,2011-05-17 16:32:00,2009-12-02 17:06:00,14,4126.71,2360,138,44,530,294.765,40.76923076923077,162.0,2360.0,0.06864406779661017,3,0
16158,2010-07-05 13:55:00,2009-12-05 15:00:00,9,628.32,182,29,360,211,69.81333333333333,26.375,2.0,182.0,0.01098901098901099,0,1
16159,2011-03-03 12:27:00,2009-12-03 11:51:00,4,1232.79,635,31,119,455,308.1975,151.66666666666666,2.0,635.0,0.0031496062992125984,0,1
16161,2011-06-23 19:27:00,2010-02-08 11:06:00,35,9613.15,4915,356,7,500,274.6614285714286,14.705882352941176,59.0,4915.0,0.01200406917599186,3,0
16162,2011-04-01 15:03:00,2011-04-01 15:03:00,1,37.4,4,2,90,1,37.4,1.0,0.0,4.0,0.0,0,1
16163,2011-04-21 15:15:00,2009-12-02 10:00:00,6,2407.98,676,59,70,505,401.33,101.0,127.0,676.0,0.1878698224852071,0,1
16165,2010-07-22 14:17:00,2010-07-22 14:17:00,1,79.9,2,1,343,1,79.9,1.0,0.0,2.0,0.0,0,1
16166,2010-10-07 15:44:00,2010-01-17 14:16:00,2,435.83,173,18,266,263,217.915,263.0,17.0,173.0,0.09826589595375723,0,1
16167,2010-10-21 15:33:00,2009-12-01 10:46:00,5,1386.1200000000001,1494,51,252,324,277.22400000000005,81.0,35.0,1494.0,0.023427041499330656,0,1
16168,2011-06-06 14:32:00,2009-12-03 12:38:00,49,7968.38,3758,113,24,550,162.62,11.458333333333334,16.0,3758.0,0.004257583821181479,9,0
16170,2011-06-09 12:40:00,2010-02-18 13:50:00,17,5928.82,4952,217,21,475,348.7541176470588,29.6875,25.0,4952.0,0.005048465266558966,2,0
16172,2011-06-17 11:38:00,2010-07-14 15:34:00,5,1295.69,1027,71,13,337,259.13800000000003,84.25,0.0,1027.0,0.0,3,0
16174,2010-08-05 12:33:00,2010-04-15 15:12:00,4,1237.2,780,15,329,111,309.3,37.0,0.0,780.0,0.0,3,0
16175,2011-06-23 18:59:00,2010-05-25 12:01:00,6,1535.74,768,49,7,394,255.95666666666668,78.8,0.0,768.0,0.0,1,0
16176,2010-10-14 13:54:00,2010-03-29 14:52:00,4,2052.69,952,53,259,198,513.1725,66.0,39.0,952.0,0.04096638655462185,0,1
16177,2010-09-29 10:12:00,2010-03-02 14:03:00,7,1915.36,926,66,274,210,273.62285714285713,35.0,20.0,926.0,0.02159827213822894,0,1
16178,2010-11-03 14:46:00,2010-11-03 14:46:00,1,414.7,210,17,239,1,414.7,1.0,0.0,210.0,0.0,1,0
16180,2011-06-22 10:15:00,2010-06-23 13:19:00,10,10322.97,6441,166,8,363,1032.297,40.333333333333336,14.0,6441.0,0.002173575531749728,3,0
16182,2011-05-20 11:03:00,2010-03-09 09:34:00,7,5871.0,3596,12,41,437,838.7142857142857,72.83333333333333,0.0,3596.0,0.0,2,0
16183,2010-11-10 11:12:00,2010-10-28 14:43:00,3,739.1,238,17,232,12,246.36666666666667,6.0,0.0,238.0,0.0,0,1
16184,2011-06-10 13:59:00,2011-05-12 13:33:00,2,447.89,165,13,20,29,223.945,29.0,0.0,165.0,0.0,3,0
16185,2011-04-21 11:59:00,2010-05-24 11:04:00,2,450.31,214,28,70,332,225.155,332.0,0.0,214.0,0.0,0,1
16186,2011-06-03 16:39:00,2009-12-09 15:36:00,19,6058.84,4717,138,27,541,318.8863157894737,30.055555555555557,28.0,4717.0,0.005935976256094976,4,0
16187,2011-06-23 09:38:00,2011-02-28 13:34:00,8,3475.62,2357,112,7,114,434.4525,16.285714285714285,0.0,2357.0,0.0,5,0
16188,2011-04-27 10:54:00,2010-10-27 11:50:00,3,671.57,495,46,64,181,223.85666666666668,90.5,1.0,495.0,0.00202020202020202,1,0
16190,2010-11-10 09:43:00,2009-12-14 11:59:00,7,2508.4700000000003,1143,88,232,330,358.3528571428572,55.0,0.0,1143.0,0.0,0,1
16191,2011-03-22 08:54:00,2009-12-11 12:24:00,19,13112.980000000001,7609,76,100,465,690.1568421052632,25.833333333333332,90.0,7609.0,0.011828098304639243,0,1
16192,2009-12-04 12:28:00,2009-12-04 12:28:00,1,351.3,208,11,573,1,351.3,1.0,0.0,208.0,0.0,0,1
16193,2011-04-17 11:45:00,2010-10-25 10:25:00,2,630.43,379,38,74,174,315.215,174.0,0.0,379.0,0.0,0,1
16194,2010-11-29 13:28:00,2010-11-29 13:28:00,1,308.59999999999997,140,8,213,1,308.59999999999997,1.0,0.0,140.0,0.0,0,1
16195,2009-12-16 14:09:00,2009-12-16 14:09:00,1,323.25,123,16,561,1,323.25,1.0,0.0,123.0,0.0,0,1
16196,2010-08-08 11:40:00,2010-08-08 11:40:00,1,93.3,26,4,326,1,93.3,1.0,0.0,26.0,0.0,0,1
16197,2010-08-27 12:56:00,2009-12-16 11:44:00,9,2016.71,1420,52,307,254,224.07888888888888,31.75,0.0,1420.0,0.0,0,1
16198,2010-09-28 13:59:00,2010-09-28 13:59:00,1,629.36,255,18,275,1,629.36,1.0,0.0,255.0,0.0,1,0
16199,2010-11-12 12:55:00,2010-03-18 18:47:00,7,942.75,321,2,230,238,134.67857142857142,39.666666666666664,0.0,321.0,0.0,0,1
16200,2011-06-28 15:47:00,2009-12-02 15:04:00,11,5089.8,2783,281,2,573,462.70909090909095,57.3,2.0,2783.0,0.0007186489399928135,0,1
16201,2010-10-20 12:00:00,2010-10-20 12:00:00,1,248.65,135,13,253,1,248.65,1.0,0.0,135.0,0.0,1,0
16202,2010-12-14 10:43:00,2009-12-02 10:48:00,9,2501.9900000000002,1307,105,198,376,277.9988888888889,47.0,25.0,1307.0,0.019127773527161437,0,1
16203,2011-04-26 15:02:00,2010-07-23 13:09:00,4,669.24,417,47,65,277,167.31,92.33333333333333,1.0,417.0,0.002398081534772182,1,0
16204,2010-11-24 15:03:00,2009-12-08 17:44:00,2,534.53,453,47,218,350,267.265,350.0,4.0,453.0,0.008830022075055188,0,1
16205,2011-06-13 11:33:00,2010-06-15 11:58:00,4,1174.83,1000,109,17,362,293.7075,120.66666666666667,0.0,1000.0,0.0,0,1
16206,2011-05-15 11:04:00,2010-01-24 15:25:00,11,2341.56,1260,174,46,475,212.86909090909091,47.5,1.0,1260.0,0.0007936507936507937,1,0
16208,2011-02-23 13:37:00,2010-02-24 14:24:00,9,3273.78,1451,164,127,363,363.75333333333333,45.375,0.0,1451.0,0.0,0,1
16209,2011-06-13 13:41:00,2010-06-11 11:58:00,7,3788.42,1643,43,17,367,541.2028571428572,61.166666666666664,0.0,1643.0,0.0,2,0
16210,2011-05-10 15:52:00,2009-12-02 12:54:00,26,23257.88,9012,117,51,524,894.5338461538462,20.96,31.0,9012.0,0.0034398579671549045,3,0
16211,2010-10-14 13:20:00,2010-09-27 15:24:00,2,543.5699999999999,365,12,259,16,271.78499999999997,16.0,0.0,365.0,0.0,1,0
16212,2011-03-01 12:51:00,2010-02-07 15:26:00,3,1101.52,478,61,121,386,367.17333333333335,193.0,3.0,478.0,0.006276150627615063,0,1
16214,2011-06-22 11:30:00,2010-09-30 13:57:00,4,2038.25,1308,84,8,264,509.5625,88.0,0.0,1308.0,0.0,0,1
16216,2011-03-17 15:34:00,2011-03-17 15:34:00,1,914.9300000000001,254,37,105,1,914.9300000000001,1.0,0.0,254.0,0.0,0,1
16217,2011-04-18 13:31:00,2011-03-02 15:28:00,2,304.25,91,13,73,46,152.125,46.0,15.0,91.0,0.16483516483516483,0,1
16218,2011-05-17 11:09:00,2010-05-27 16:09:00,10,2612.75,1927,68,44,354,261.275,39.333333333333336,45.0,1927.0,0.0233523611831863,2,0
16219,2010-07-27 11:44:00,2010-07-27 11:44:00,1,40.8,48,1,338,1,40.8,1.0,0.0,48.0,0.0,0,1
16221,2011-03-09 10:51:00,2010-08-10 13:32:00,8,1474.43,1002,117,113,210,184.30375,30.0,2.0,1002.0,0.001996007984031936,0,1
16222,2011-01-25 13:38:00,2009-12-18 14:31:00,2,1272.05,463,133,156,402,636.025,402.0,0.0,463.0,0.0,0,1
16223,2010-11-30 11:50:00,2010-11-09 12:07:00,2,1087.05,643,101,212,20,543.525,20.0,0.0,643.0,0.0,0,1
16224,2011-04-13 14:17:00,2010-11-17 13:14:00,3,864.45,924,62,78,147,288.15000000000003,73.5,0.0,924.0,0.0,1,0
16225,2011-06-16 13:04:00,2010-02-07 12:41:00,13,2363.55,1041,150,14,494,181.81153846153848,41.166666666666664,6.0,1041.0,0.005763688760806916,1,0
16226,2011-05-20 14:41:00,2010-10-22 11:19:00,5,672.17,521,23,41,210,134.434,52.5,0.0,521.0,0.0,0,1
16227,2011-04-28 13:33:00,2010-06-22 13:28:00,3,1027.22,436,28,63,310,342.4066666666667,155.0,54.0,436.0,0.12385321100917432,0,1
16228,2010-11-19 14:20:00,2010-11-04 18:54:00,3,885.71,555,45,223,14,295.2366666666667,7.0,1.0,555.0,0.0018018018018018018,0,1
16229,2011-05-11 10:18:00,2010-05-24 12:59:00,5,2215.46,1066,120,50,351,443.092,87.75,6.0,1066.0,0.005628517823639775,1,0
16230,2011-06-03 10:06:00,2011-05-03 15:12:00,2,542.03,365,32,27,30,271.015,30.0,0.0,365.0,0.0,0,1
16231,2010-11-25 15:00:00,2010-04-21 12:06:00,4,1074.47,563,69,217,218,268.6175,72.66666666666667,0.0,563.0,0.0,0,1
16232,2011-05-08 14:06:00,2010-06-07 14:04:00,5,2088.56,1530,59,53,335,417.712,83.75,10.0,1530.0,0.006535947712418301,1,0
16233,2011-01-14 10:31:00,2009-12-02 13:23:00,8,1608.13,593,37,167,407,201.01625,58.142857142857146,12.0,593.0,0.02023608768971332,1,0
16234,2010-08-20 14:33:00,2010-05-27 10:39:00,3,333.18,170,13,314,85,111.06,42.5,8.0,170.0,0.047058823529411764,0,1
16235,2011-06-06 11:26:00,2010-08-26 12:10:00,7,1851.69,709,75,24,283,264.52714285714285,47.166666666666664,8.0,709.0,0.011283497884344146,1,0
16237,2010-09-28 17:02:00,2010-09-28 17:02:00,1,136.65,57,7,275,1,136.65,1.0,0.0,57.0,0.0,0,1
16238,2010-10-13 12:36:00,2010-10-13 12:36:00,1,63.66,85,6,260,1,63.66,1.0,0.0,85.0,0.0,0,1
16239,2011-06-03 09:30:00,2010-09-02 19:17:00,5,1425.9,646,21,27,273,285.18,68.25,10.0,646.0,0.015479876160990712,0,1
16241,2011-06-15 11:56:00,2010-10-25 13:40:00,8,2404.93,1304,355,15,232,300.61625,33.142857142857146,0.0,1304.0,0.0,5,0
16242,2011-06-27 14:41:00,2010-03-15 16:02:00,10,4671.38,2327,273,3,468,467.13800000000003,52.0,8.0,2327.0,0.0034379028792436614,0,1
16244,2011-05-12 10:18:00,2010-12-02 11:41:00,2,1522.75,855,88,49,160,761.375,160.0,0.0,855.0,0.0,0,1
16245,2011-03-28 09:30:00,2011-03-28 09:30:00,1,453.98,258,30,94,1,453.98,1.0,3.0,258.0,0.011627906976744186,1,0
16246,2010-09-06 12:04:00,2010-02-08 12:32:00,2,821.35,336,79,297,209,410.675,209.0,0.0,336.0,0.0,0,1
16247,2011-06-22 14:23:00,2011-06-22 14:23:00,1,114.56,182,16,8,1,114.56,1.0,0.0,182.0,0.0,0,1
16249,2011-05-22 14:09:00,2011-04-14 13:50:00,2,1020.53,487,26,39,38,510.265,38.0,0.0,487.0,0.0,2,0
16250,2011-03-23 15:07:00,2010-11-18 10:43:00,3,565.24,268,29,99,125,188.41333333333333,62.5,0.0,268.0,0.0,0,1
16251,2010-07-15 14:55:00,2010-07-15 14:55:00,1,128.31,44,20,350,1,128.31,1.0,0.0,44.0,0.0,0,1
16252,2010-11-22 11:57:00,2010-11-22 11:57:00,1,295.09000000000003,158,21,220,1,295.09000000000003,1.0,158.0,158.0,1.0,0,1
16253,2011-03-29 13:33:00,2009-12-08 17:24:00,6,5288.74,4137,170,93,475,881.4566666666666,95.0,1.0,4137.0,0.00024172105390379503,0,1
16254,2010-11-26 13:22:00,2010-03-17 15:43:00,3,967.44,543,65,216,253,322.48,126.5,0.0,543.0,0.0,0,1
16255,2011-04-07 13:16:00,2010-01-24 12:21:00,11,2971.76,1752,163,84,438,270.16,43.8,28.0,1752.0,0.01598173515981735,3,0
16256,2011-03-18 12:18:00,2010-04-21 10:34:00,3,1629.37,1590,27,104,331,543.1233333333333,165.5,4.0,1590.0,0.0025157232704402514,0,1
16257,2011-06-16 10:11:00,2011-06-16 10:11:00,1,46.95,2,2,14,1,46.95,1.0,0.0,2.0,0.0,0,1
16258,2011-06-23 11:01:00,2010-03-10 14:19:00,12,8572.47,5012,207,7,469,714.3725,42.63636363636363,20.0,5012.0,0.0039904229848363925,2,0
16259,2010-10-25 14:27:00,2010-04-13 16:57:00,3,340.94,143,75,248,194,113.64666666666666,97.0,0.0,143.0,0.0,0,1
16261,2011-04-07 19:05:00,2010-09-23 16:40:00,3,565.14,290,83,84,196,188.38,98.0,0.0,290.0,0.0,2,0
16262,2010-11-26 13:22:00,2010-11-26 13:22:00,1,755.15,446,46,216,1,755.15,1.0,17.0,446.0,0.03811659192825112,0,1
16263,2010-10-12 14:52:00,2010-10-12 14:52:00,1,348.16,197,19,261,1,348.16,1.0,0.0,197.0,0.0,0,1
16264,2010-09-27 15:00:00,2010-09-19 16:14:00,2,823.53,616,62,276,7,411.765,7.0,0.0,616.0,0.0,0,1
16265,2011-03-24 09:52:00,2010-10-28 15:18:00,8,4363.31,1887,147,98,146,545.41375,20.857142857142858,25.0,1887.0,0.013248542660307366,2,0
16266,2011-06-16 16:39:00,2010-02-04 16:21:00,11,1384.9,579,59,14,497,125.9,49.7,0.0,579.0,0.0,3,0
16267,2010-04-27 14:10:00,2010-04-27 14:10:00,1,186.66,198,7,429,1,186.66,1.0,0.0,198.0,0.0,0,1
16269,2010-09-28 11:50:00,2010-09-28 11:50:00,1,717.57,579,53,275,1,717.57,1.0,2.0,579.0,0.0034542314335060447,0,1
16270,2010-12-21 14:26:00,2010-12-21 14:26:00,1,1141.24,688,54,191,1,1141.24,1.0,0.0,688.0,0.0,0,1
16271,2010-12-16 16:36:00,2010-03-07 12:03:00,6,2126.4,1463,122,196,284,354.40000000000003,56.8,0.0,1463.0,0.0,2,0
16273,2010-03-01 13:24:00,2010-02-21 16:02:00,2,318.34000000000003,40,15,486,7,159.17000000000002,7.0,0.0,40.0,0.0,0,1
16274,2010-12-01 15:35:00,2010-12-01 15:35:00,1,351.75,153,64,211,1,351.75,1.0,0.0,153.0,0.0,0,1
16275,2011-05-27 12:41:00,2010-03-08 14:41:00,3,2151.11,1268,105,34,444,717.0366666666667,222.0,0.0,1268.0,0.0,0,1
16276,2011-06-16 09:34:00,2010-04-11 12:02:00,3,2629.3900000000003,1467,20,14,430,876.4633333333335,215.0,0.0,1467.0,0.0,0,1
16277,2009-12-06 11:27:00,2009-12-06 11:27:00,1,188.69,33,23,571,1,188.69,1.0,0.0,33.0,0.0,0,1
16278,2010-08-16 13:38:00,2010-07-28 15:40:00,2,551.46,228,30,318,18,275.73,18.0,10.0,228.0,0.043859649122807015,1,0
16279,2011-06-16 11:50:00,2010-04-22 14:09:00,7,4554.58,2793,175,14,419,650.6542857142857,69.83333333333333,2.0,2793.0,0.0007160759040458289,1,0
16280,2009-12-14 15:49:00,2009-12-14 15:49:00,1,238.05,101,16,563,1,238.05,1.0,0.0,101.0,0.0,0,1
16281,2010-10-12 09:01:00,2010-01-26 13:41:00,2,1361.96,636,19,261,258,680.98,258.0,2.0,636.0,0.0031446540880503146,1,0
16282,2011-01-04 11:42:00,2009-12-21 11:52:00,3,1307.58,790,31,177,378,435.85999999999996,189.0,0.0,790.0,0.0,0,1
16283,2011-05-15 13:37:00,2010-02-28 14:12:00,4,3057.32,1791,312,46,440,764.33,146.66666666666666,11.0,1791.0,0.006141820212171971,2,0
16284,2010-11-11 13:27:00,2010-11-11 13:27:00,1,205.8,139,30,231,1,205.8,1.0,0.0,139.0,0.0,0,1
16285,2010-03-03 16:03:00,2010-03-03 16:03:00,1,176.9,60,31,484,1,176.9,1.0,0.0,60.0,0.0,0,1
16286,2010-08-19 14:48:00,2010-03-26 09:58:00,2,328.95,101,17,315,146,164.475,146.0,14.0,101.0,0.13861386138613863,0,1
16287,2011-06-23 09:08:00,2010-01-19 09:46:00,5,1006.98,1426,18,7,519,201.39600000000002,129.75,0.0,1426.0,0.0,0,1
16288,2010-08-26 14:45:00,2010-08-26 14:45:00,1,129.85,19,7,308,1,129.85,1.0,0.0,19.0,0.0,0,1
16289,2010-09-03 14:02:00,2010-09-03 14:02:00,1,136.31,97,21,300,1,136.31,1.0,10.0,97.0,0.10309278350515463,0,1
16290,2010-09-01 11:52:00,2010-05-23 11:46:00,4,1957.7,957,85,302,101,489.425,33.666666666666664,0.0,957.0,0.0,0,1
16291,2010-01-26 16:26:00,2010-01-26 16:26:00,1,117.72,1,1,520,1,117.72,1.0,0.0,1.0,0.0,0,1
16292,2010-11-24 13:21:00,2010-04-14 13:29:00,4,951.51,497,38,218,223,237.8775,74.33333333333333,5.0,497.0,0.01006036217303823,1,0
16293,2011-05-16 12:26:00,2009-12-11 09:58:00,9,3159.9500000000003,1364,130,45,521,351.1055555555556,65.125,5.0,1364.0,0.0036656891495601175,2,0
16294,2010-08-20 12:01:00,2010-08-20 12:01:00,1,126.05000000000001,54,8,314,1,126.05000000000001,1.0,0.0,54.0,0.0,0,1
16296,2010-03-23 13:11:00,2009-12-18 12:03:00,4,1313.67,645,56,464,95,328.4175,31.666666666666668,13.0,645.0,0.020155038759689922,0,1
16297,2011-03-16 08:29:00,2011-03-16 08:29:00,1,301.9,206,20,106,1,301.9,1.0,26.0,206.0,0.1262135922330097,0,1
16298,2011-06-06 10:06:00,2010-09-23 15:23:00,5,601.8,160,20,24,255,120.35999999999999,63.75,2.0,160.0,0.0125,0,1
16299,2010-08-19 17:46:00,2010-08-19 17:46:00,1,193.65,107,12,315,1,193.65,1.0,4.0,107.0,0.037383177570093455,0,1
16300,2010-10-05 13:14:00,2010-02-02 11:40:00,3,1367.32,643,190,268,245,455.7733333333333,122.5,0.0,643.0,0.0,0,1
16301,2009-12-03 10:20:00,2009-12-03 10:20:00,1,107.33,41,6,574,1,107.33,1.0,0.0,41.0,0.0,0,1
16303,2011-01-10 14:16:00,2010-03-18 14:12:00,5,3394.82,1618,82,171,298,678.964,74.5,5.0,1618.0,0.0030902348578491965,1,0
16304,2010-01-14 08:30:00,2010-01-14 08:30:00,1,381.66,228,25,532,1,381.66,1.0,0.0,228.0,0.0,0,1
16306,2011-05-10 12:12:00,2010-10-01 09:36:00,7,1124.72,712,55,51,221,160.67428571428573,36.833333333333336,16.0,712.0,0.02247191011235955,0,1
16307,2010-10-06 14:31:00,2010-05-11 14:40:00,3,1194.92,1123,69,267,147,398.3066666666667,73.5,0.0,1123.0,0.0,0,1
16308,2011-05-06 13:03:00,2009-12-15 15:48:00,5,3520.0,11000,1,55,506,704.0,126.5,0.0,11000.0,0.0,1,0
16309,2011-04-13 11:46:00,2011-04-13 11:46:00,1,334.2,304,21,78,1,334.2,1.0,0.0,304.0,0.0,1,0
16310,2010-10-21 14:47:00,2010-03-07 15:41:00,2,460.08,270,26,252,227,230.04,227.0,0.0,270.0,0.0,0,1
16312,2010-10-03 14:15:00,2010-10-03 14:15:00,1,171.15,53,10,270,1,171.15,1.0,0.0,53.0,0.0,0,1
16314,2010-11-15 12:06:00,2010-08-24 11:52:00,3,1491.4,636,58,227,83,497.1333333333334,41.5,0.0,636.0,0.0,0,1
16315,2011-01-13 11:57:00,2010-06-21 13:53:00,2,402.71,143,21,168,205,201.355,205.0,0.0,143.0,0.0,0,1
16316,2011-06-30 14:37:00,2010-08-03 14:38:00,11,4998.89,2734,179,0,330,454.4445454545455,33.0,15.0,2734.0,0.005486466715435259,1,0
16317,2011-02-15 14:30:00,2010-05-04 10:17:00,3,1421.6200000000001,728,69,135,287,473.8733333333334,143.5,1.0,728.0,0.0013736263736263737,2,0
16319,2011-05-06 11:27:00,2011-05-06 11:27:00,1,404.40000000000003,72,3,55,1,404.40000000000003,1.0,0.0,72.0,0.0,0,1
16320,2011-06-20 15:25:00,2010-01-27 13:29:00,6,5628.99,3319,193,10,509,938.165,101.8,13.0,3319.0,0.00391684242241639,0,1
16321,2011-02-07 15:10:00,2009-12-01 10:36:00,5,454.55,187,14,143,433,90.91,108.25,121.0,187.0,0.6470588235294118,2,0
16323,2011-05-27 14:48:00,2010-05-11 09:48:00,2,353.66,146,4,34,381,176.83,381.0,0.0,146.0,0.0,0,1
16324,2011-06-15 14:26:00,2011-06-15 14:26:00,1,155.37,88,47,15,1,155.37,1.0,0.0,88.0,0.0,2,0
16325,2011-04-08 09:20:00,2009-12-04 13:21:00,10,3194.08,2332,100,83,489,319.408,54.333333333333336,35.0,2332.0,0.015008576329331046,1,0
16326,2011-06-19 14:40:00,2010-01-28 13:23:00,15,2591.21,586,168,11,507,172.74733333333333,36.214285714285715,1.0,586.0,0.0017064846416382253,4,0
16327,2011-05-24 14:00:00,2009-12-14 13:06:00,14,8809.01,7182,270,37,526,629.215,40.46153846153846,13.0,7182.0,0.0018100807574491784,1,0
16328,2010-05-25 14:02:00,2010-05-25 14:02:00,1,310.83,141,16,401,1,310.83,1.0,0.0,141.0,0.0,0,1
16329,2010-10-08 12:44:00,2009-12-01 11:34:00,4,1664.92,797,83,265,311,416.23,103.66666666666667,0.0,797.0,0.0,0,1
16330,2010-10-11 14:59:00,2010-02-15 12:36:00,4,373.46999999999997,179,71,262,238,93.36749999999999,79.33333333333333,0.0,179.0,0.0,2,0
16331,2010-10-03 13:47:00,2010-03-07 10:55:00,6,2037.7,756,33,270,210,339.6166666666667,42.0,0.0,756.0,0.0,0,1
16332,2011-02-07 14:16:00,2010-04-29 13:41:00,5,539.51,371,49,143,284,107.902,71.0,36.0,371.0,0.09703504043126684,3,0
16333,2011-05-31 13:39:00,2011-02-03 10:50:00,16,13087.2,22092,8,30,117,817.95,7.8,0.0,22092.0,0.0,2,0
16334,2010-08-04 16:38:00,2010-08-04 16:38:00,1,263.73,206,54,330,1,263.73,1.0,0.0,206.0,0.0,0,1
16335,2010-06-06 11:35:00,2009-12-04 10:18:00,7,2753.52,1004,193,389,184,393.36,30.666666666666668,4.0,1004.0,0.00398406374501992,0,1
16336,2010-10-15 12:32:00,2010-03-18 08:05:00,4,3517.69,1473,64,258,211,879.4225,70.33333333333333,0.0,1473.0,0.0,0,1
16339,2011-02-28 13:41:00,2011-02-28 13:41:00,1,94.05,21,17,122,1,94.05,1.0,0.0,21.0,0.0,0,1
16340,2010-09-26 12:51:00,2010-06-06 13:26:00,2,961.93,833,170,277,111,480.965,111.0,0.0,833.0,0.0,1,0
16341,2011-05-22 13:20:00,2010-04-09 10:30:00,4,2676.57,2158,81,39,408,669.1425,136.0,11.0,2158.0,0.005097312326227989,1,0
16342,2011-06-13 10:10:00,2011-06-13 10:10:00,1,136.95,47,7,17,1,136.95,1.0,0.0,47.0,0.0,3,0
16343,2010-10-28 14:15:00,2010-10-28 14:15:00,1,285.54,170,28,245,1,285.54,1.0,0.0,170.0,0.0,0,1
16344,2010-07-18 11:31:00,2010-02-09 12:16:00,3,741.3199999999999,688,42,347,158,247.10666666666665,79.0,0.0,688.0,0.0,1,0
16345,2010-08-13 17:13:00,2010-08-13 17:13:00,1,613.33,323,68,321,1,613.33,1.0,0.0,323.0,0.0,0,1
16346,2010-11-19 15:55:00,2010-11-19 15:55:00,1,224.51,289,15,223,1,224.51,1.0,0.0,289.0,0.0,0,1
16347,2010-11-16 14:15:00,2010-03-12 12:41:00,9,2595.51,1374,167,226,249,288.39000000000004,31.125,6.0,1374.0,0.004366812227074236,0,1
16348,2011-06-01 17:42:00,2010-10-05 13:57:00,4,887.84,648,116,29,239,221.96,79.66666666666667,0.0,648.0,0.0,2,0
16349,2011-02-22 12:40:00,2011-02-22 12:40:00,1,53.5,9,9,128,1,53.5,1.0,0.0,9.0,0.0,0,1
16350,2011-01-10 09:44:00,2010-10-07 16:33:00,6,1514.12,728,59,171,94,252.35333333333332,18.8,5.0,728.0,0.006868131868131868,1,0
16351,2011-01-11 10:26:00,2009-12-04 16:12:00,13,3330.0299999999997,2165,124,170,402,256.1561538461538,33.5,44.0,2165.0,0.020323325635103928,0,1
16353,2011-05-06 10:33:00,2009-12-07 13:55:00,26,5275.03,2271,63,55,514,202.88576923076923,20.56,5.0,2271.0,0.002201673271686482,4,0
16354,2010-11-25 12:18:00,2010-04-27 13:33:00,3,723.66,442,87,217,211,241.22,105.5,0.0,442.0,0.0,1,0
16355,2010-11-29 14:21:00,2010-11-29 14:21:00,1,416.35,179,47,213,1,416.35,1.0,34.0,179.0,0.18994413407821228,0,1
16356,2011-05-26 11:51:00,2010-06-06 11:26:00,6,415.87,190,27,35,354,69.31166666666667,70.8,1.0,190.0,0.005263157894736842,0,1
16357,2011-06-30 16:51:00,2010-11-23 18:52:00,3,467.44,198,22,0,218,155.81333333333333,109.0,0.0,198.0,0.0,0,1
16358,2011-06-08 15:05:00,2010-11-10 11:36:00,2,1354.3000000000002,984,61,22,210,677.1500000000001,210.0,1.0,984.0,0.0010162601626016261,1,0
16359,2011-06-16 18:19:00,2010-02-16 10:39:00,13,2193.66,1377,76,14,485,168.7430769230769,40.416666666666664,33.0,1377.0,0.023965141612200435,1,0
16362,2010-09-28 09:24:00,2010-09-28 09:24:00,1,212.17,127,13,275,1,212.17,1.0,6.0,127.0,0.047244094488188976,3,0
16365,2011-03-31 19:55:00,2009-12-11 12:41:00,9,2116.2799999999997,769,65,91,475,235.1422222222222,59.375,16.0,769.0,0.02080624187256177,4,0
16366,2010-05-06 13:28:00,2009-12-16 10:39:00,3,1220.83,626,57,420,141,406.9433333333333,70.5,0.0,626.0,0.0,0,1
16367,2010-12-12 12:01:00,2010-11-21 13:23:00,2,716.9,547,119,200,20,358.45,20.0,0.0,547.0,0.0,0,1
16368,2010-09-30 11:30:00,2010-09-30 11:30:00,1,141.53,56,20,273,1,141.53,1.0,0.0,56.0,0.0,0,1
16369,2011-05-27 09:39:00,2010-04-07 16:52:00,5,1465.6,758,42,34,414,293.12,103.5,0.0,758.0,0.0,1,0
16370,2011-06-10 11:44:00,2011-04-28 16:40:00,2,543.21,325,88,20,42,271.605,42.0,0.0,325.0,0.0,2,0
16371,2010-09-17 12:09:00,2010-09-17 12:09:00,1,157.2,108,11,286,1,157.2,1.0,0.0,108.0,0.0,0,1
16372,2010-10-26 12:54:00,2010-04-11 15:20:00,3,934.58,564,203,247,197,311.5266666666667,98.5,24.0,564.0,0.0425531914893617,0,1
16373,2010-11-22 15:50:00,2010-10-24 13:10:00,2,309.49,119,25,220,29,154.745,29.0,0.0,119.0,0.0,0,1
16374,2011-03-22 13:46:00,2010-04-30 13:10:00,4,1410.87,585,227,100,326,352.7175,108.66666666666667,0.0,585.0,0.0,0,1
16375,2010-08-26 14:25:00,2010-08-26 14:12:00,2,104.0,74,11,308,1,52.0,1.0,0.0,74.0,0.0,0,1
16377,2011-03-17 15:41:00,2010-04-01 10:36:00,2,1308.48,2928,6,105,350,654.24,350.0,0.0,2928.0,0.0,0,1
16378,2011-04-06 15:07:00,2011-02-02 12:42:00,3,362.95,267,22,85,63,120.98333333333333,31.5,0.0,267.0,0.0,0,1
16381,2010-11-09 09:56:00,2010-10-17 13:06:00,2,247.85,108,60,233,22,123.925,22.0,0.0,108.0,0.0,0,1
16382,2010-10-27 16:23:00,2010-06-07 12:42:00,2,353.1,167,42,246,142,176.55,142.0,0.0,167.0,0.0,0,1
16383,2011-03-16 13:00:00,2010-02-04 13:18:00,6,2562.39,1427,219,106,404,427.065,80.8,8.0,1427.0,0.005606166783461808,1,0
16384,2011-03-21 10:13:00,2010-04-28 14:01:00,3,1183.55,801,71,101,326,394.51666666666665,163.0,0.0,801.0,0.0,1,0
16385,2010-12-08 12:56:00,2010-03-18 12:45:00,3,473.69,285,64,204,265,157.89666666666668,132.5,0.0,285.0,0.0,1,0
16386,2011-03-31 12:19:00,2010-11-17 11:19:00,2,826.69,521,55,91,134,413.345,134.0,0.0,521.0,0.0,0,1
16387,2011-01-21 11:34:00,2010-03-11 12:22:00,5,882.46,448,68,160,315,176.49200000000002,78.75,0.0,448.0,0.0,0,1
16388,2010-02-24 10:20:00,2010-02-24 10:20:00,1,186.05,83,13,491,1,186.05,1.0,0.0,83.0,0.0,0,1
16389,2011-05-18 13:55:00,2011-03-01 15:47:00,2,670.17,307,16,43,77,335.085,77.0,0.0,307.0,0.0,1,0
16390,2010-06-21 10:11:00,2010-01-29 15:25:00,3,467.5,122,16,374,142,155.83333333333334,71.0,0.0,122.0,0.0,0,1
16391,2010-11-04 12:27:00,2010-05-27 11:27:00,4,1052.26,715,261,238,161,263.065,53.666666666666664,0.0,715.0,0.0,0,1
16392,2011-03-15 12:11:00,2010-05-27 11:17:00,3,756.7,604,125,107,292,252.23333333333335,146.0,0.0,604.0,0.0,0,1
16393,2011-06-07 14:03:00,2009-12-01 12:13:00,16,3226.35,1989,279,23,553,201.646875,36.86666666666667,13.0,1989.0,0.006535947712418301,3,0
16394,2011-06-21 13:22:00,2011-02-23 10:58:00,3,933.1,1404,49,9,118,311.03333333333336,59.0,22.0,1404.0,0.01566951566951567,1,0
16395,2011-06-24 15:28:00,2009-12-06 12:26:00,12,3000.65,2325,371,6,565,250.05416666666667,51.36363636363637,20.0,2325.0,0.008602150537634409,1,0
16396,2010-08-20 14:17:00,2010-08-20 14:17:00,1,137.8,80,8,314,1,137.8,1.0,34.0,80.0,0.425,0,1
16397,2010-03-21 15:36:00,2010-03-21 15:36:00,1,123.13,43,9,466,1,123.13,1.0,0.0,43.0,0.0,0,1
16398,2011-03-31 09:38:00,2011-03-31 09:38:00,1,1169.95,503,63,91,1,1169.95,1.0,2.0,503.0,0.003976143141153081,1,0
16399,2011-04-18 13:46:00,2010-11-15 15:03:00,2,400.61,348,65,73,153,200.305,153.0,0.0,348.0,0.0,0,1
16400,2010-11-09 14:11:00,2009-12-08 12:38:00,8,2755.92,1894,187,233,336,344.49,48.0,0.0,1894.0,0.0,1,0
16401,2011-06-30 13:28:00,2010-06-02 13:13:00,17,4722.62,3988,88,0,393,277.80117647058825,24.5625,104.0,3988.0,0.026078234704112337,2,0
16402,2011-03-20 12:25:00,2010-12-05 13:42:00,2,293.45,146,55,102,104,146.725,104.0,0.0,146.0,0.0,0,1
16403,2011-01-31 13:39:00,2011-01-31 13:39:00,1,177.5,114,10,150,1,177.5,1.0,11.0,114.0,0.09649122807017543,0,1
16405,2011-02-10 15:24:00,2011-02-02 17:08:00,2,167.25,187,3,140,7,83.625,7.0,0.0,187.0,0.0,0,1
16406,2010-09-15 11:53:00,2010-02-24 11:51:00,2,374.01,141,85,288,203,187.005,203.0,22.0,141.0,0.15602836879432624,0,1
16407,2011-05-29 14:28:00,2010-10-03 13:56:00,9,1471.76,741,71,32,238,163.5288888888889,29.75,0.0,741.0,0.0,4,0
16408,2010-04-27 14:08:00,2010-04-27 14:08:00,1,231.93,227,45,429,1,231.93,1.0,0.0,227.0,0.0,0,1
16409,2011-04-11 17:12:00,2009-12-13 15:38:00,9,4433.32,2895,312,80,484,492.5911111111111,60.5,0.0,2895.0,0.0,2,0
16410,2009-12-05 14:51:00,2009-12-05 14:51:00,1,130.32,348,5,572,1,130.32,1.0,0.0,348.0,0.0,0,1
16411,2010-12-05 13:26:00,2010-10-07 15:09:00,3,673.24,399,119,207,58,224.41333333333333,29.0,0.0,399.0,0.0,0,1
16412,2010-11-11 11:52:00,2010-02-04 13:46:00,4,457.2,225,72,231,279,114.3,93.0,0.0,225.0,0.0,0,1
16413,2010-11-29 12:49:00,2010-11-29 12:49:00,1,259.83,135,32,213,1,259.83,1.0,0.0,135.0,0.0,0,1
16414,2011-03-04 13:27:00,2010-01-14 10:21:00,4,475.76,190,56,118,414,118.94,138.0,0.0,190.0,0.0,0,1
16415,2010-05-05 11:51:00,2010-02-01 12:30:00,2,496.49,330,78,421,92,248.245,92.0,0.0,330.0,0.0,0,1
16416,2010-11-14 13:24:00,2010-02-23 12:00:00,6,1906.48,1526,92,228,264,317.74666666666667,52.8,0.0,1526.0,0.0,0,1
16417,2010-08-04 09:08:00,2010-08-04 09:08:00,1,35.7,6,1,330,1,35.7,1.0,0.0,6.0,0.0,0,1
16418,2011-04-27 16:54:00,2010-10-13 12:31:00,3,543.53,371,71,64,196,181.17666666666665,98.0,0.0,371.0,0.0,1,0
16419,2011-06-24 15:33:00,2010-02-09 13:26:00,6,1255.68,562,52,6,500,209.28,100.0,1.0,562.0,0.0017793594306049821,2,0
16420,2010-11-08 15:15:00,2010-11-08 15:15:00,1,75.0,120,2,234,1,75.0,1.0,0.0,120.0,0.0,0,1
16421,2010-11-28 13:31:00,2010-08-27 12:02:00,3,526.27,123,35,214,93,175.42333333333332,46.5,0.0,123.0,0.0,0,1
16422,2011-06-28 10:18:00,2010-01-12 11:57:00,89,49459.01,52687,108,2,531,555.7192134831461,6.034090909090909,3159.0,52687.0,0.059957864368819634,12,0
16424,2011-06-01 13:40:00,2010-11-22 11:24:00,2,443.06,212,10,29,191,221.53,191.0,6.0,212.0,0.02830188679245283,0,1
16425,2011-02-10 14:30:00,2011-02-10 14:30:00,1,302.7,199,21,140,1,302.7,1.0,0.0,199.0,0.0,0,1
16426,2011-03-08 15:45:00,2011-03-08 15:45:00,1,328.37,157,11,114,1,328.37,1.0,0.0,157.0,0.0,3,0
16427,2011-03-21 17:10:00,2011-02-28 15:18:00,2,241.06,156,8,101,21,120.53,21.0,0.0,156.0,0.0,0,1
16428,2010-10-22 12:22:00,2010-07-30 12:10:00,3,638.49,575,121,251,84,212.83,42.0,0.0,575.0,0.0,0,1
16430,2010-11-23 14:53:00,2010-01-27 12:45:00,6,817.09,204,17,219,300,136.18166666666667,60.0,0.0,204.0,0.0,0,1
16431,2011-05-10 14:09:00,2011-02-15 14:02:00,3,623.28,442,51,51,84,207.76,42.0,0.0,442.0,0.0,0,1
16433,2010-10-27 12:26:00,2010-10-27 12:26:00,1,200.26,108,17,246,1,200.26,1.0,0.0,108.0,0.0,0,1
16434,2011-05-31 14:37:00,2010-01-17 14:51:00,8,1878.61,935,79,30,498,234.82625,71.14285714285714,7.0,935.0,0.0074866310160427805,1,0
16435,2010-07-15 18:22:00,2010-07-13 13:29:00,3,1003.0699999999999,608,119,350,2,334.3566666666666,1.0,0.0,608.0,0.0,0,1
16436,2010-02-09 13:19:00,2009-12-06 16:02:00,3,319.14,227,37,506,64,106.38,32.0,22.0,227.0,0.09691629955947137,0,1
16437,2010-11-23 16:59:00,2010-10-06 12:34:00,2,301.25,197,17,219,48,150.625,48.0,0.0,197.0,0.0,0,1
16439,2009-12-17 14:22:00,2009-12-17 14:22:00,1,310.70000000000005,74,9,560,1,310.70000000000005,1.0,0.0,74.0,0.0,0,1
16440,2011-05-09 12:25:00,2010-08-03 11:32:00,2,488.76,205,58,52,279,244.38,279.0,0.0,205.0,0.0,0,1
16441,2011-02-21 17:35:00,2010-03-22 18:00:00,4,848.93,415,60,129,335,212.2325,111.66666666666667,1.0,415.0,0.0024096385542168677,0,1
16442,2011-04-26 11:51:00,2009-12-13 11:05:00,4,715.11,489,165,65,499,178.7775,166.33333333333334,0.0,489.0,0.0,0,1
16443,2010-07-07 11:57:00,2010-07-07 11:57:00,1,162.24,96,1,358,1,162.24,1.0,0.0,96.0,0.0,0,1
16444,2011-05-29 11:03:00,2010-03-24 14:06:00,15,3211.29,1672,188,32,430,214.08599999999998,30.714285714285715,12.0,1672.0,0.007177033492822967,1,0
16445,2010-11-18 11:37:00,2010-10-24 12:39:00,3,352.65,176,93,224,24,117.55,12.0,0.0,176.0,0.0,0,1
16446,2011-05-18 09:52:00,2011-05-18 09:52:00,1,2.9,2,2,43,1,2.9,1.0,2.0,2.0,1.0,0,1
16447,2010-04-28 13:21:00,2010-02-17 14:09:00,2,471.19,94,27,428,69,235.595,69.0,0.0,94.0,0.0,1,0
16448,2011-05-25 16:28:00,2010-08-25 16:58:00,2,361.12,176,45,36,272,180.56,272.0,0.0,176.0,0.0,0,1
16449,2011-05-26 10:25:00,2011-03-04 12:15:00,2,707.69,367,40,35,82,353.845,82.0,8.0,367.0,0.021798365122615803,0,1
16450,2010-05-04 13:43:00,2010-02-21 15:46:00,2,1193.81,481,27,422,71,596.905,71.0,24.0,481.0,0.0498960498960499,1,0
16451,2010-05-27 17:56:00,2009-12-04 15:11:00,2,746.1800000000001,404,50,399,174,373.09000000000003,174.0,3.0,404.0,0.007425742574257425,1,0
16452,2010-03-19 12:39:00,2010-01-15 12:22:00,2,332.17,199,14,468,63,166.085,63.0,0.0,199.0,0.0,0,1
16453,2010-06-27 12:46:00,2010-06-09 13:15:00,2,251.71,139,15,368,17,125.855,17.0,0.0,139.0,0.0,0,1
16454,2010-04-12 09:52:00,2010-04-07 15:54:00,2,24.05,6,2,444,4,12.025,4.0,4.0,6.0,0.6666666666666666,0,1
16455,2011-05-19 11:28:00,2010-03-30 10:31:00,9,3288.17,2475,92,42,415,365.3522222222222,51.875,43.0,2475.0,0.017373737373737375,1,0
16456,2011-04-26 09:44:00,2010-03-29 11:16:00,11,5419.18,3005,217,65,392,492.6527272727273,39.2,1.0,3005.0,0.00033277870216306157,2,0
16457,2011-05-05 13:19:00,2011-05-05 13:19:00,1,208.36,140,9,56,1,208.36,1.0,0.0,140.0,0.0,0,1
16458,2011-06-22 14:47:00,2010-05-26 14:38:00,20,3735.85,2187,74,8,392,186.7925,20.63157894736842,0.0,2187.0,0.0,5,0
16459,2009-12-10 12:42:00,2009-12-10 12:42:00,1,71.78999999999999,59,5,567,1,71.78999999999999,1.0,0.0,59.0,0.0,0,1
16461,2011-06-15 12:07:00,2010-03-03 13:57:00,3,1545.83,933,223,15,468,515.2766666666666,234.0,0.0,933.0,0.0,0,1
16462,2011-06-07 11:07:00,2011-03-01 08:58:00,2,68.0,8,1,23,98,34.0,98.0,0.0,8.0,0.0,1,0
16463,2011-05-19 14:45:00,2011-05-19 14:45:00,1,319.37,179,19,42,1,319.37,1.0,1.0,179.0,0.00558659217877095,0,1
16465,2010-10-15 09:27:00,2010-09-21 10:46:00,2,746.24,504,45,258,23,373.12,23.0,2.0,504.0,0.003968253968253968,0,1
16466,2011-06-12 11:47:00,2010-03-07 14:31:00,11,2691.42,1309,154,18,461,244.67454545454547,46.1,1.0,1309.0,0.0007639419404125286,2,0
16467,2010-07-19 11:49:00,2009-12-02 11:59:00,7,2869.16,7384,14,346,228,409.88,38.0,4.0,7384.0,0.0005417118093174431,0,1
16468,2010-08-26 16:36:00,2010-08-15 13:10:00,2,712.62,340,37,308,11,356.31,11.0,0.0,340.0,0.0,1,0
16469,2011-04-07 13:16:00,2010-07-13 13:17:00,3,446.78000000000003,183,73,84,267,148.92666666666668,133.5,0.0,183.0,0.0,1,0
16470,2011-05-31 11:39:00,2009-12-11 12:21:00,9,2009.74,983,240,30,535,223.30444444444444,66.875,1.0,983.0,0.001017293997965412,1,0
16471,2011-03-10 09:41:00,2010-02-25 10:07:00,4,1189.98,670,48,112,377,297.495,125.66666666666667,4.0,670.0,0.005970149253731343,0,1
16472,2010-10-01 13:56:00,2010-04-21 11:48:00,2,789.6,252,39,272,163,394.8,163.0,0.0,252.0,0.0,0,1
16473,2011-06-28 09:10:00,2010-11-30 16:29:00,4,470.83,296,26,2,209,117.7075,69.66666666666667,1.0,296.0,0.0033783783783783786,0,1
16475,2011-06-30 15:35:00,2011-03-11 09:39:00,2,367.9,226,20,0,111,183.95,111.0,0.0,226.0,0.0,2,0
16476,2010-10-04 10:29:00,2010-10-04 10:29:00,1,350.35,187,24,269,1,350.35,1.0,5.0,187.0,0.026737967914438502,0,1
16477,2011-05-09 14:40:00,2010-08-12 09:43:00,9,3152.42,1962,152,52,270,350.2688888888889,33.75,0.0,1962.0,0.0,1,0
16481,2010-01-26 13:09:00,2010-01-26 13:09:00,1,453.38,201,16,520,1,453.38,1.0,16.0,201.0,0.07960199004975124,0,1
16483,2011-05-31 13:08:00,2011-05-31 13:08:00,1,139.35,44,19,30,1,139.35,1.0,0.0,44.0,0.0,0,1
16484,2011-06-19 12:06:00,2011-06-02 10:39:00,2,404.3,200,25,11,17,202.15,17.0,6.0,200.0,0.03,0,1
16485,2010-10-03 15:30:00,2009-12-06 12:28:00,4,1923.54,918,93,270,301,480.885,100.33333333333333,27.0,918.0,0.029411764705882353,1,0
16486,2010-06-20 12:16:00,2010-06-20 12:16:00,1,134.36,24,7,375,1,134.36,1.0,0.0,24.0,0.0,0,1
16487,2010-05-11 13:38:00,2010-02-18 17:36:00,2,209.4,163,28,415,81,104.7,81.0,0.0,163.0,0.0,0,1
16489,2010-11-24 14:40:00,2010-09-29 15:02:00,2,303.7,38,4,218,55,151.85,55.0,0.0,38.0,0.0,0,1
16490,2010-09-29 16:30:00,2010-09-29 16:30:00,1,205.41000000000003,113,13,274,1,205.41000000000003,1.0,7.0,113.0,0.061946902654867256,0,1
16491,2010-10-22 15:42:00,2010-10-22 15:42:00,1,801.66,582,48,251,1,801.66,1.0,3.0,582.0,0.005154639175257732,0,1
16492,2010-06-17 08:20:00,2010-06-17 08:20:00,1,385.56,235,23,378,1,385.56,1.0,0.0,235.0,0.0,0,1
16493,2011-06-19 15:15:00,2010-03-26 13:05:00,6,1562.75,1530,62,11,450,260.4583333333333,90.0,0.0,1530.0,0.0,1,0
16494,2011-02-16 12:49:00,2011-02-16 12:49:00,1,826.53,675,47,134,1,826.53,1.0,0.0,675.0,0.0,0,1
16495,2011-03-08 16:39:00,2011-03-08 16:38:00,2,246.51,166,32,114,1,123.255,1.0,0.0,166.0,0.0,0,1
16496,2011-05-16 10:48:00,2010-07-18 13:42:00,5,1916.29,1437,101,45,301,383.258,75.25,20.0,1437.0,0.013917884481558803,0,1
16497,2011-05-20 13:58:00,2009-12-03 14:11:00,22,5280.29,2443,204,41,532,240.0131818181818,25.333333333333332,0.0,2443.0,0.0,0,1
16498,2011-06-30 19:52:00,2011-06-30 19:52:00,1,91.22,42,14,0,1,91.22,1.0,0.0,42.0,0.0,1,0
16499,2010-12-14 13:31:00,2010-06-11 12:22:00,8,2578.34,1364,104,198,186,322.2925,26.571428571428573,10.0,1364.0,0.007331378299120235,0,1
16500,2011-01-13 10:28:00,2010-06-14 14:54:00,4,608.05,264,20,168,212,152.0125,70.66666666666667,1.0,264.0,0.003787878787878788,0,1
16501,2010-11-21 14:10:00,2010-11-21 14:10:00,1,1191.23,628,181,221,1,1191.23,1.0,0.0,628.0,0.0,0,1
16502,2010-03-29 13:44:00,2010-03-29 13:39:00,2,258.55,220,41,458,1,129.275,1.0,0.0,220.0,0.0,0,1
16503,2011-05-09 15:48:00,2010-06-21 14:07:00,10,3275.8,1411,157,52,322,327.58000000000004,35.77777777777778,3.0,1411.0,0.002126151665485471,1,0
16507,2010-05-16 12:56:00,2010-05-16 12:56:00,1,142.70999999999998,111,37,410,1,142.70999999999998,1.0,0.0,111.0,0.0,0,1
16508,2010-03-19 13:41:00,2010-03-19 13:41:00,1,240.95,103,42,468,1,240.95,1.0,0.0,103.0,0.0,0,1
16509,2011-02-16 09:25:00,2011-02-16 09:25:00,1,363.7,64,13,134,1,363.7,1.0,0.0,64.0,0.0,0,1
16510,2010-12-02 13:39:00,2010-01-17 12:30:00,6,1777.5,930,94,210,319,296.25,63.8,0.0,930.0,0.0,0,1
16511,2011-03-18 11:24:00,2010-03-01 12:21:00,4,1172.51,482,166,104,381,293.1275,127.0,0.0,482.0,0.0,1,0
16515,2011-04-07 11:12:00,2010-06-17 12:17:00,7,2174.26,1050,150,84,293,310.60857142857145,48.833333333333336,0.0,1050.0,0.0,2,0
16517,2011-03-07 13:50:00,2011-03-07 13:50:00,1,162.7,96,17,115,1,162.7,1.0,0.0,96.0,0.0,0,1
16518,2011-02-28 16:36:00,2010-06-01 13:31:00,3,665.75,321,39,122,272,221.91666666666666,136.0,8.0,321.0,0.024922118380062305,0,1
16519,2010-12-09 14:08:00,2010-03-01 13:51:00,3,327.68,120,25,203,283,109.22666666666667,141.5,0.0,120.0,0.0,0,1
16520,2011-06-06 13:24:00,2010-03-02 16:50:00,6,2148.38,1045,251,24,460,358.06333333333333,92.0,2.0,1045.0,0.0019138755980861245,0,1
16521,2010-10-20 13:09:00,2010-03-01 13:22:00,3,1140.11,1014,212,253,232,380.03666666666663,116.0,0.0,1014.0,0.0,0,1
16522,2010-09-30 10:54:00,2010-09-15 13:32:00,2,433.36,212,16,273,14,216.68,14.0,0.0,212.0,0.0,0,1
16523,2011-06-15 13:26:00,2010-01-24 13:14:00,16,5725.46,2175,114,15,507,357.84125,33.8,7.0,2175.0,0.003218390804597701,6,0
16524,2010-09-19 13:37:00,2010-01-17 13:16:00,2,306.19,259,50,284,245,153.095,245.0,0.0,259.0,0.0,0,1
16525,2011-06-29 09:13:00,2009-12-02 13:53:00,39,19789.04,11694,109,1,573,507.41128205128206,15.078947368421053,340.0,11694.0,0.029074739182486747,6,0
16526,2011-06-21 12:02:00,2010-05-04 16:34:00,2,717.21,279,30,9,412,358.605,412.0,0.0,279.0,0.0,0,1
16527,2010-10-11 13:25:00,2010-10-11 13:25:00,1,1004.88,602,58,262,1,1004.88,1.0,0.0,602.0,0.0,1,0
16529,2011-06-02 17:23:00,2010-06-27 13:29:00,4,1986.8,739,87,28,340,496.7,113.33333333333333,0.0,739.0,0.0,0,1
16530,2010-02-09 15:30:00,2010-02-09 15:30:00,1,48.349999999999994,17,3,506,1,48.349999999999994,1.0,0.0,17.0,0.0,0,1
16531,2011-02-18 14:21:00,2010-09-24 09:49:00,7,1538.57,1301,80,132,147,219.79571428571427,24.5,5.0,1301.0,0.003843197540353574,2,0
16532,2011-01-05 12:37:00,2010-03-29 10:26:00,3,3918.24,1008,1,176,282,1306.08,141.0,0.0,1008.0,0.0,1,0
16534,2010-03-07 15:47:00,2010-03-07 15:47:00,1,635.9,168,36,480,1,635.9,1.0,0.0,168.0,0.0,0,1
16535,2010-11-19 13:01:00,2010-01-28 15:26:00,2,378.28999999999996,308,36,223,294,189.14499999999998,294.0,0.0,308.0,0.0,0,1
16537,2010-03-08 13:41:00,2010-03-08 13:41:00,1,23.35,59,3,479,1,23.35,1.0,0.0,59.0,0.0,0,1
16538,2010-06-16 16:59:00,2010-04-23 16:25:00,3,395.07,254,35,379,54,131.69,27.0,0.0,254.0,0.0,0,1
16539,2011-05-04 09:52:00,2010-06-25 15:24:00,9,2954.46,958,81,57,312,328.2733333333333,39.0,0.0,958.0,0.0,0,1
16540,2010-10-21 17:22:00,2010-10-21 17:22:00,1,205.75,105,25,252,1,205.75,1.0,0.0,105.0,0.0,0,1
16541,2009-12-04 13:22:00,2009-12-04 13:22:00,1,424.03,173,38,573,1,424.03,1.0,1.0,173.0,0.005780346820809248,0,1
16542,2010-11-03 14:44:00,2010-11-03 14:44:00,1,137.7,96,9,239,1,137.7,1.0,0.0,96.0,0.0,0,1
16543,2010-04-27 11:38:00,2010-04-27 11:38:00,1,292.21,317,18,429,1,292.21,1.0,14.0,317.0,0.04416403785488959,0,1
16544,2010-07-08 11:11:00,2010-02-15 13:20:00,4,376.70000000000005,150,8,357,142,94.17500000000001,47.333333333333336,96.0,150.0,0.64,0,1
16545,2011-06-28 10:37:00,2010-11-29 10:39:00,2,689.82,322,6,2,210,344.91,210.0,0.0,322.0,0.0,0,1
16546,2011-02-22 11:20:00,2010-09-23 15:43:00,5,5307.07,4211,75,128,151,1061.414,37.75,853.0,4211.0,0.20256471146995964,0,1
16547,2010-06-11 13:02:00,2010-06-11 13:02:00,1,104.25999999999999,108,25,384,1,104.25999999999999,1.0,0.0,108.0,0.0,0,1
16548,2010-04-19 16:15:00,2010-04-19 16:15:00,1,30.15,6,6,437,1,30.15,1.0,0.0,6.0,0.0,0,1
16549,2011-01-09 14:03:00,2010-03-28 15:45:00,25,8866.39,4849,647,172,286,354.6556,11.916666666666666,5.0,4849.0,0.0010311404413281089,2,0
16550,2011-06-28 15:31:00,2009-12-02 11:24:00,17,8286.86,5031,259,2,573,487.4623529411765,35.8125,51.0,5031.0,0.010137149672033392,1,0
16551,2011-01-07 10:24:00,2009-12-13 16:12:00,5,1626.07,1387,54,174,389,325.214,97.25,0.0,1387.0,0.0,2,0
16552,2011-04-11 10:04:00,2010-12-01 12:36:00,2,379.73,219,17,80,130,189.865,130.0,0.0,219.0,0.0,0,1
16553,2011-06-29 15:42:00,2010-02-11 18:46:00,33,16584.01,16427,195,1,502,502.54575757575753,15.6875,24.0,16427.0,0.0014610093139343764,0,1
16554,2011-05-01 14:17:00,2009-12-15 09:42:00,7,2318.73,1073,90,60,502,331.2471428571429,83.66666666666667,114.0,1073.0,0.10624417520969245,0,1
16555,2010-07-22 13:43:00,2010-07-22 13:39:00,4,1629.79,1641,46,343,1,407.4475,0.3333333333333333,1641.0,1641.0,1.0,1,0
16556,2011-06-30 12:14:00,2009-12-07 10:51:00,15,6783.03,3606,244,0,570,452.202,40.714285714285715,24.0,3606.0,0.0066555740432612314,1,0
16558,2011-06-16 17:37:00,2009-12-03 18:11:00,29,8721.380000000001,4895,276,14,559,300.7372413793104,19.964285714285715,47.0,4895.0,0.009601634320735445,4,0
16559,2010-11-07 13:52:00,2010-11-07 13:52:00,1,175.0,61,17,235,1,175.0,1.0,0.0,61.0,0.0,0,1
16560,2010-12-16 14:36:00,2009-12-08 12:05:00,7,2539.15,1272,111,196,373,362.7357142857143,62.166666666666664,1.0,1276.0,0.0007836990595611285,0,1
16562,2010-08-20 11:45:00,2010-08-20 11:45:00,1,223.85999999999999,264,34,314,1,223.85999999999999,1.0,0.0,264.0,0.0,0,1
16563,2010-11-04 14:11:00,2009-12-01 18:35:00,5,3334.82,2098,46,238,337,666.964,84.25,12.0,2098.0,0.005719733079122974,0,1
16564,2010-05-19 14:41:00,2010-05-19 14:41:00,1,87.8,40,5,407,1,87.8,1.0,0.0,40.0,0.0,0,1
16565,2010-12-10 15:21:00,2010-06-02 12:47:00,4,773.05,211,7,202,191,193.2625,63.666666666666664,20.0,211.0,0.0947867298578199,0,1
16566,2011-06-22 14:24:00,2011-02-20 10:29:00,3,463.88,216,9,8,122,154.62666666666667,61.0,1.0,216.0,0.004629629629629629,0,1
16567,2011-05-29 13:57:00,2011-01-07 09:31:00,2,865.6,996,34,32,142,432.8,142.0,0.0,996.0,0.0,0,1
16568,2010-10-08 10:54:00,2010-03-08 14:51:00,2,1020.9000000000001,366,5,265,213,510.45000000000005,213.0,0.0,366.0,0.0,0,1
16569,2010-03-18 15:19:00,2009-12-16 15:05:00,4,1331.03,895,23,469,92,332.7575,30.666666666666668,0.0,895.0,0.0,0,1
16570,2011-06-30 09:56:00,2010-03-30 09:32:00,15,5530.46,3347,100,0,457,368.69733333333335,32.642857142857146,94.0,3347.0,0.028084852106363908,1,0
16571,2011-06-16 13:14:00,2010-03-18 09:12:00,9,3723.84,3355,136,14,455,413.76,56.875,39.0,3355.0,0.011624441132637855,0,1
16572,2011-03-09 12:04:00,2011-03-09 12:04:00,1,342.58,202,21,113,1,342.58,1.0,0.0,202.0,0.0,2,0
16573,2011-02-22 15:14:00,2011-02-22 15:14:00,1,292.63,111,16,128,1,292.63,1.0,5.0,111.0,0.04504504504504504,1,0
16574,2010-10-12 09:25:00,2010-02-19 11:46:00,2,850.34,586,58,261,234,425.17,234.0,0.0,586.0,0.0,1,0
16576,2010-10-15 13:37:00,2010-07-06 10:42:00,2,540.87,323,32,258,101,270.435,101.0,14.0,323.0,0.043343653250773995,0,1
16577,2010-02-11 09:45:00,2010-02-11 09:45:00,1,380.0,142,23,504,1,380.0,1.0,0.0,142.0,0.0,0,1
16578,2010-03-23 15:11:00,2010-03-23 15:11:00,1,156.6,108,9,464,1,156.6,1.0,0.0,108.0,0.0,0,1
16579,2010-10-10 11:58:00,2010-10-10 11:58:00,1,295.05,119,14,263,1,295.05,1.0,12.0,119.0,0.10084033613445378,0,1
16581,2011-06-10 10:05:00,2011-06-10 10:05:00,1,105.84,134,9,20,1,105.84,1.0,0.0,134.0,0.0,0,1
16583,2010-12-01 12:03:00,2010-02-04 12:18:00,2,297.95,153,18,211,299,148.975,299.0,0.0,153.0,0.0,0,1
16584,2011-03-30 13:14:00,2010-02-16 10:41:00,4,2832.03,1755,52,92,407,708.0075,135.66666666666666,28.0,1755.0,0.015954415954415956,1,0
16585,2010-04-25 10:34:00,2010-01-13 13:31:00,2,341.59,151,16,431,101,170.795,101.0,0.0,151.0,0.0,0,1
16586,2011-04-05 09:32:00,2010-03-14 11:24:00,3,1462.78,348,27,86,386,487.5933333333333,193.0,0.0,348.0,0.0,0,1
16587,2011-04-21 15:51:00,2011-04-21 15:51:00,1,225.15,71,13,70,1,225.15,1.0,0.0,71.0,0.0,0,1
16588,2010-11-18 17:56:00,2010-05-14 13:43:00,4,1361.28,882,64,224,188,340.32,62.666666666666664,0.0,882.0,0.0,0,1
16589,2010-09-15 14:56:00,2010-09-15 14:56:00,1,153.12,168,11,288,1,153.12,1.0,0.0,168.0,0.0,3,0
16590,2010-11-04 09:06:00,2010-10-21 12:09:00,2,605.9,240,26,238,13,302.95,13.0,6.0,240.0,0.025,0,1
16592,2011-06-09 11:40:00,2009-12-18 15:57:00,20,5215.21,3733,159,21,537,260.7605,28.263157894736842,78.0,3733.0,0.020894722743102064,2,0
16593,2011-06-03 12:17:00,2009-12-05 10:44:00,7,996.61,346,53,27,545,142.37285714285716,90.83333333333333,2.0,346.0,0.005780346820809248,0,1
16595,2010-11-28 14:15:00,2010-01-17 12:12:00,4,1397.59,996,286,214,315,349.3975,105.0,0.0,996.0,0.0,0,1
16596,2010-12-08 16:18:00,2009-12-10 13:09:00,3,329.48,130,17,204,363,109.82666666666667,181.5,0.0,130.0,0.0,0,1
16598,2011-02-27 11:42:00,2011-02-27 11:42:00,1,145.04999999999998,73,10,123,1,145.04999999999998,1.0,3.0,73.0,0.0410958904109589,0,1
16599,2010-11-19 12:45:00,2010-11-19 12:45:00,1,172.8,159,12,223,1,172.8,1.0,0.0,159.0,0.0,0,1
16600,2011-03-31 19:20:00,2009-12-18 12:59:00,9,1577.3500000000001,1643,77,91,468,175.26111111111112,58.5,25.0,1643.0,0.015216068167985392,1,0
16601,2010-11-14 11:30:00,2010-03-26 13:39:00,2,434.3,258,38,228,232,217.15,232.0,0.0,258.0,0.0,0,1
16602,2010-11-16 09:13:00,2010-11-16 09:13:00,1,235.25,93,11,226,1,235.25,1.0,4.0,93.0,0.043010752688172046,0,1
16604,2010-05-26 09:10:00,2010-05-20 16:34:00,2,432.45,175,10,400,5,216.225,5.0,60.0,175.0,0.34285714285714286,0,1
16605,2009-12-15 19:03:00,2009-12-15 19:03:00,1,60.48,144,1,562,1,60.48,1.0,0.0,144.0,0.0,0,1
16606,2010-10-31 13:57:00,2010-10-01 13:21:00,2,357.66,148,16,242,30,178.83,30.0,0.0,148.0,0.0,0,1
16607,2011-05-16 09:58:00,2010-04-29 14:01:00,18,4076.22,2597,148,45,381,226.45666666666665,22.41176470588235,10.0,2597.0,0.003850596842510589,4,0
16608,2010-09-12 11:44:00,2010-02-14 11:57:00,2,1286.6200000000001,612,94,291,209,643.3100000000001,209.0,0.0,612.0,0.0,0,1
16609,2011-05-26 13:34:00,2011-04-01 10:11:00,3,1987.6200000000001,823,87,35,55,662.5400000000001,27.5,0.0,823.0,0.0,3,0
16610,2011-05-04 13:13:00,2011-05-04 13:13:00,1,75.66,66,6,57,1,75.66,1.0,0.0,66.0,0.0,0,1
16611,2011-06-06 15:46:00,2010-03-10 16:07:00,6,1785.13,874,86,24,452,297.5216666666667,90.4,1.0,874.0,0.0011441647597254005,0,1
16612,2011-06-06 11:37:00,2009-12-03 15:54:00,7,2766.67,1245,96,24,549,395.23857142857145,91.5,1.0,1245.0,0.0008032128514056225,1,0
16614,2011-06-10 11:36:00,2010-05-10 15:18:00,3,1179.79,349,37,20,395,393.2633333333333,197.5,0.0,349.0,0.0,0,1
16615,2010-03-23 15:13:00,2010-03-23 15:13:00,1,291.5,211,19,464,1,291.5,1.0,4.0,211.0,0.018957345971563982,0,1
16617,2011-04-18 10:35:00,2011-04-18 10:35:00,1,151.85,91,5,73,1,151.85,1.0,0.0,91.0,0.0,0,1
16618,2011-05-13 10:37:00,2011-01-21 11:55:00,4,1441.29,771,44,48,111,360.3225,37.0,1.0,771.0,0.0012970168612191958,0,1
16619,2011-03-21 08:18:00,2010-02-22 12:05:00,4,1938.33,1055,103,101,391,484.5825,130.33333333333334,4.0,1055.0,0.0037914691943127963,0,1
16620,2011-03-24 10:37:00,2009-12-01 14:35:00,5,1675.73,1106,74,98,477,335.146,119.25,0.0,1106.0,0.0,0,1
16621,2011-05-08 10:43:00,2011-03-07 11:32:00,2,490.7,142,14,53,61,245.35,61.0,0.0,142.0,0.0,1,0
16622,2010-06-14 10:44:00,2010-06-14 10:44:00,1,225.4,44,12,381,1,225.4,1.0,4.0,44.0,0.09090909090909091,0,1
16623,2011-04-08 10:09:00,2010-04-26 14:04:00,4,1015.24,442,44,83,346,253.81,115.33333333333333,1.0,442.0,0.0022624434389140274,0,1
16624,2011-05-26 14:20:00,2011-05-26 14:20:00,1,426.43,196,21,35,1,426.43,1.0,0.0,196.0,0.0,1,0
16625,2011-03-10 12:50:00,2010-06-14 11:56:00,5,1654.03,1057,82,112,269,330.806,67.25,1.0,1057.0,0.000946073793755913,0,1
16626,2011-06-24 10:47:00,2011-03-18 12:27:00,4,1706.8899999999999,827,74,6,97,426.72249999999997,32.333333333333336,1.0,827.0,0.0012091898428053204,5,0
16628,2011-05-05 15:44:00,2010-03-08 12:24:00,4,842.96,409,43,56,423,210.74,141.0,0.0,409.0,0.0,2,0
16630,2010-10-28 14:30:00,2010-10-28 14:30:00,1,106.80000000000001,72,4,245,1,106.80000000000001,1.0,2.0,72.0,0.027777777777777776,0,1
16631,2010-08-15 11:20:00,2010-02-26 10:49:00,7,1892.52,775,46,319,170,270.36,28.333333333333332,2.0,775.0,0.0025806451612903226,0,1
16632,2010-08-11 11:39:00,2010-05-07 16:46:00,2,406.4,256,22,323,95,203.2,95.0,0.0,256.0,0.0,0,1
16633,2011-06-12 11:48:00,2011-04-19 14:36:00,2,703.32,301,38,18,53,351.66,53.0,0.0,301.0,0.0,2,0
16634,2011-05-01 12:09:00,2010-01-21 09:30:00,6,1649.81,1257,72,60,465,274.9683333333333,93.0,769.0,1257.0,0.6117740652346858,0,1
16635,2010-10-29 09:41:00,2010-10-29 09:41:00,1,473.0,277,25,244,1,473.0,1.0,0.0,277.0,0.0,0,1
16636,2010-09-27 13:13:00,2010-03-03 14:06:00,4,3802.04,2186,62,276,207,950.51,69.0,0.0,2186.0,0.0,0,1
16637,2011-04-28 10:20:00,2011-04-28 10:20:00,1,303.62,140,16,63,1,303.62,1.0,0.0,140.0,0.0,1,0
16638,2011-03-27 15:41:00,2010-08-18 13:33:00,11,1910.8500000000001,1035,99,95,221,173.71363636363637,22.1,1.0,1035.0,0.000966183574879227,3,0
16639,2011-05-17 10:10:00,2010-10-26 18:23:00,3,961.62,400,48,44,202,320.54,101.0,0.0,400.0,0.0,0,1
16640,2010-11-07 10:48:00,2010-11-07 10:48:00,1,179.4,146,13,235,1,179.4,1.0,0.0,146.0,0.0,0,1
16641,2010-01-07 12:22:00,2010-01-07 12:22:00,1,323.40000000000003,198,24,539,1,323.40000000000003,1.0,0.0,198.0,0.0,1,0
16642,2011-05-16 12:35:00,2010-10-20 14:22:00,2,696.85,427,33,45,207,348.425,207.0,31.0,427.0,0.07259953161592506,0,1
16643,2011-04-08 08:24:00,2010-10-13 09:47:00,2,923.11,553,48,83,176,461.555,176.0,3.0,553.0,0.0054249547920434,0,1
16644,2011-06-15 12:39:00,2011-05-11 12:53:00,2,833.78,826,62,15,34,416.89,34.0,0.0,826.0,0.0,0,1
16645,2009-12-04 09:49:00,2009-12-04 09:49:00,1,160.39,117,14,573,1,160.39,1.0,0.0,117.0,0.0,0,1
16646,2010-09-16 13:28:00,2010-09-16 13:28:00,1,678.8,1072,29,287,1,678.8,1.0,1.0,1072.0,0.0009328358208955224,0,1
16647,2011-06-23 11:47:00,2010-06-13 15:52:00,4,541.9,396,28,7,374,135.475,124.66666666666667,0.0,396.0,0.0,0,1
16648,2010-09-10 11:59:00,2010-04-28 14:58:00,2,382.14,222,18,293,134,191.07,134.0,0.0,222.0,0.0,0,1
16649,2010-07-07 15:41:00,2010-07-07 15:41:00,1,306.58,82,20,358,1,306.58,1.0,0.0,82.0,0.0,0,1
16650,2010-10-15 15:28:00,2010-07-08 14:18:00,6,1397.69,1139,53,258,99,232.94833333333335,19.8,0.0,1139.0,0.0,1,0
16651,2010-05-02 11:46:00,2010-05-02 11:46:00,1,136.2,60,6,424,1,136.2,1.0,0.0,60.0,0.0,0,1
16652,2011-05-11 12:50:00,2010-03-17 10:22:00,12,13831.04,5628,108,50,420,1152.5866666666668,38.18181818181818,19.0,5628.0,0.0033759772565742714,2,0
16654,2011-06-05 14:38:00,2010-04-06 13:29:00,7,1420.05,578,61,25,425,202.8642857142857,70.83333333333333,2.0,578.0,0.0034602076124567475,1,0
16655,2011-06-07 07:49:00,2010-01-31 15:40:00,9,3864.44,2087,281,23,491,429.38222222222225,61.375,1.0,2087.0,0.0004791566842357451,2,0
16656,2011-05-31 09:38:00,2009-12-04 12:59:00,21,11764.85,10063,21,30,542,560.2309523809524,27.1,441.0,10063.0,0.043823909370962935,6,0
16657,2011-03-30 12:02:00,2011-03-30 12:02:00,1,215.43,394,65,92,1,215.43,1.0,0.0,394.0,0.0,1,0
16658,2010-12-06 13:47:00,2010-03-30 16:24:00,6,690.83,277,49,206,250,115.13833333333334,50.0,41.0,277.0,0.148014440433213,0,1
16659,2011-06-03 15:03:00,2011-06-03 15:03:00,1,39.12,72,2,27,1,39.12,1.0,0.0,72.0,0.0,0,1
16660,2011-05-13 10:44:00,2010-01-14 11:09:00,5,996.26,648,10,48,483,199.252,120.75,0.0,648.0,0.0,0,1
16661,2010-06-17 15:24:00,2009-12-17 15:39:00,4,932.76,364,50,378,181,233.19,60.333333333333336,89.0,364.0,0.2445054945054945,0,1
16662,2010-11-10 16:56:00,2010-11-10 16:56:00,1,151.05,35,28,232,1,151.05,1.0,0.0,35.0,0.0,0,1
16663,2009-12-10 13:12:00,2009-12-10 13:12:00,1,165.0,100,1,567,1,165.0,1.0,0.0,100.0,0.0,0,1
16664,2010-05-19 17:11:00,2010-05-19 17:11:00,1,109.2,24,8,407,1,109.2,1.0,0.0,24.0,0.0,0,1
16665,2010-12-12 14:03:00,2010-12-12 14:03:00,1,135.39999999999998,59,9,200,1,135.39999999999998,1.0,0.0,59.0,0.0,0,1
16666,2010-03-28 15:13:00,2010-03-28 15:13:00,1,98.73,121,15,459,1,98.73,1.0,0.0,121.0,0.0,0,1
16667,2011-02-28 12:57:00,2011-02-28 12:57:00,1,200.4,77,20,122,1,200.4,1.0,0.0,77.0,0.0,0,1
16668,2011-06-10 11:49:00,2010-03-18 18:25:00,10,752.4399999999999,623,27,20,448,75.244,49.77777777777778,0.0,623.0,0.0,2,0
16670,2011-06-20 10:42:00,2009-12-10 15:28:00,16,6483.01,3636,216,10,556,405.188125,37.06666666666667,70.0,3636.0,0.019251925192519254,1,0
16671,2011-06-28 11:20:00,2011-06-28 11:20:00,1,1382.88,656,3,2,1,1382.88,1.0,0.0,656.0,0.0,0,1
16672,2011-06-28 11:38:00,2011-03-18 10:15:00,13,5001.54,1854,22,2,102,384.7338461538462,8.5,19.0,1854.0,0.010248112189859764,5,0
16673,2010-01-29 14:22:00,2010-01-29 14:22:00,1,171.13,95,19,517,1,171.13,1.0,0.0,95.0,0.0,0,1
16675,2010-09-24 12:15:00,2010-08-18 13:11:00,2,608.86,296,21,279,36,304.43,36.0,0.0,296.0,0.0,0,1
16676,2011-05-10 15:10:00,2010-10-17 13:07:00,5,1868.28,703,90,51,205,373.656,51.25,5.0,703.0,0.007112375533428165,0,1
16677,2010-10-24 14:53:00,2010-02-25 16:11:00,2,880.62,457,45,249,240,440.31,240.0,3.0,457.0,0.006564551422319475,0,1
16678,2011-05-26 08:38:00,2011-03-02 09:24:00,5,1266.65,801,52,35,84,253.33,21.0,2.0,801.0,0.0024968789013732834,3,0
16679,2010-12-08 13:51:00,2010-06-10 18:35:00,3,663.31,247,15,204,180,221.10333333333332,90.0,0.0,247.0,0.0,0,1
16680,2010-06-29 14:52:00,2010-06-23 09:30:00,2,637.75,283,16,366,6,318.875,6.0,0.0,283.0,0.0,0,1
16681,2011-05-18 16:52:00,2010-03-08 14:10:00,4,1027.34,819,17,43,436,256.835,145.33333333333334,0.0,819.0,0.0,3,0
16682,2011-06-05 11:02:00,2011-06-05 11:02:00,1,525.5,514,11,25,1,525.5,1.0,0.0,514.0,0.0,2,0
16683,2010-06-24 10:36:00,2010-06-24 10:36:00,1,320.25,190,18,371,1,320.25,1.0,2.0,190.0,0.010526315789473684,0,1
16684,2011-05-18 10:50:00,2009-12-07 12:56:00,40,105565.15,73184,149,43,526,2639.12875,13.487179487179487,3715.0,73184.0,0.050762461740271096,5,0
16686,2011-05-29 14:08:00,2009-12-06 15:48:00,13,3116.82,2453,355,32,538,239.75538461538463,44.833333333333336,5.0,2453.0,0.0020383204239706482,2,0
16687,2010-11-14 11:46:00,2010-11-14 11:46:00,1,157.63,141,8,228,1,157.63,1.0,0.0,141.0,0.0,0,1
16690,2011-05-22 10:53:00,2010-09-14 15:00:00,3,213.95,117,7,39,249,71.31666666666666,124.5,0.0,117.0,0.0,1,0
16691,2010-10-17 15:03:00,2010-05-27 14:55:00,2,178.83,92,11,256,143,89.415,143.0,0.0,92.0,0.0,0,1
16692,2011-03-28 14:46:00,2010-09-24 11:31:00,4,1914.6999999999998,878,3,94,185,478.67499999999995,61.666666666666664,0.0,878.0,0.0,0,1
16693,2011-03-13 11:06:00,2010-02-21 12:42:00,4,855.03,505,117,109,384,213.7575,128.0,0.0,505.0,0.0,0,1
16694,2009-12-16 15:45:00,2009-12-16 15:45:00,1,98.30000000000001,26,3,561,1,98.30000000000001,1.0,0.0,26.0,0.0,0,1
16695,2010-05-27 12:36:00,2010-05-27 12:24:00,2,191.9,184,30,399,1,95.95,1.0,0.0,184.0,0.0,0,1
16696,2011-05-20 14:56:00,2011-04-05 15:20:00,3,558.9000000000001,126,7,41,44,186.30000000000004,22.0,0.0,126.0,0.0,1,0
16697,2011-04-12 17:12:00,2011-04-12 17:12:00,1,112.75,27,20,79,1,112.75,1.0,0.0,27.0,0.0,0,1
16698,2011-04-27 10:52:00,2011-03-31 13:33:00,2,1998.0,840,4,64,26,999.0,26.0,0.0,840.0,0.0,0,1
16699,2010-11-24 14:38:00,2009-12-04 13:31:00,7,994.6,640,51,218,355,142.0857142857143,59.166666666666664,6.0,640.0,0.009375,0,1
16700,2011-06-13 08:40:00,2009-12-02 10:51:00,20,7096.87,5177,235,17,557,354.8435,29.31578947368421,18.0,5177.0,0.0034769171334749853,3,0
16701,2011-06-19 12:19:00,2009-12-01 19:19:00,20,7090.22,7089,121,11,564,354.511,29.68421052631579,89.0,7089.0,0.012554662152630836,3,0
16702,2010-10-20 14:10:00,2009-12-07 16:40:00,4,1110.83,692,84,253,316,277.7075,105.33333333333333,1.0,692.0,0.001445086705202312,0,1
16704,2010-03-31 14:02:00,2010-02-05 14:14:00,2,664.16,433,50,456,53,332.08,53.0,0.0,433.0,0.0,0,1
16705,2011-05-16 12:05:00,2009-12-09 13:34:00,30,36088.551,19835,350,45,522,1202.9517,18.0,291.0,19835.0,0.014671036047390975,4,0
16707,2010-11-04 14:39:00,2010-03-09 15:16:00,4,533.41,396,64,238,239,133.3525,79.66666666666667,0.0,396.0,0.0,0,1
16709,2011-05-24 11:46:00,2009-12-09 13:16:00,13,8010.73,2931,199,37,530,616.2099999999999,44.166666666666664,0.0,2931.0,0.0,1,0
16710,2011-05-16 15:53:00,2009-12-04 13:41:00,18,5082.19,3440,496,45,528,282.34388888888884,31.058823529411764,1.0,3440.0,0.00029069767441860465,2,0
16711,2011-02-10 14:46:00,2009-12-02 13:22:00,6,1816.25,483,11,140,435,302.7083333333333,87.0,26.0,483.0,0.053830227743271224,1,0
16712,2011-06-14 12:41:00,2010-11-03 15:45:00,7,2213.56,1014,186,16,222,316.22285714285715,37.0,0.0,1014.0,0.0,3,0
16713,2011-06-20 13:14:00,2009-12-15 12:49:00,26,10346.08,5721,448,10,552,397.92615384615385,22.08,20.0,5721.0,0.0034958923265163435,3,0
16714,2011-05-05 11:09:00,2010-02-07 11:17:00,4,1497.33,828,95,56,451,374.3325,150.33333333333334,16.0,828.0,0.01932367149758454,0,1
16715,2010-05-26 12:35:00,2010-05-26 12:35:00,1,323.8,532,9,400,1,323.8,1.0,0.0,532.0,0.0,1,0
16716,2011-03-18 10:03:00,2010-03-19 11:05:00,3,2149.6800000000003,912,7,104,363,716.5600000000001,181.5,76.0,912.0,0.08333333333333333,0,1
16717,2011-06-30 11:49:00,2009-12-07 15:55:00,11,3956.76,1801,176,0,569,359.7054545454546,56.9,29.0,1801.0,0.016102165463631316,1,0
16718,2010-12-05 13:03:00,2009-12-06 13:07:00,5,3006.08,1924,123,207,363,601.216,90.75,0.0,1924.0,0.0,0,1
16719,2011-04-18 10:21:00,2009-12-13 10:59:00,11,2719.08,1732,180,73,490,247.1890909090909,49.0,21.0,1732.0,0.01212471131639723,2,0
16720,2010-11-28 14:49:00,2009-12-17 17:54:00,2,605.79,280,107,214,345,302.895,345.0,8.0,280.0,0.02857142857142857,0,1
16721,2011-03-22 16:08:00,2011-03-22 16:08:00,1,292.47,172,37,100,1,292.47,1.0,0.0,172.0,0.0,0,1
16722,2011-06-09 10:06:00,2009-12-03 19:23:00,15,5712.21,5109,130,21,552,380.814,39.42857142857143,3.0,5109.0,0.0005871990604815032,4,0
16723,2010-09-22 11:05:00,2009-12-04 13:23:00,2,654.96,560,72,281,291,327.48,291.0,0.0,560.0,0.0,2,0
16724,2010-10-31 11:40:00,2010-10-31 11:40:00,1,147.35,69,17,242,1,147.35,1.0,0.0,69.0,0.0,0,1
16725,2011-02-10 16:52:00,2009-12-13 15:54:00,14,1688.26,700,242,140,424,120.59,32.61538461538461,2.0,700.0,0.002857142857142857,0,1
16726,2011-05-27 13:00:00,2010-10-24 16:09:00,6,1482.3,890,117,34,214,247.04999999999998,42.8,0.0,890.0,0.0,0,1
16727,2010-12-10 13:48:00,2010-01-20 10:48:00,4,1377.77,1066,158,202,324,344.4425,108.0,0.0,1066.0,0.0,0,1
16728,2011-06-26 11:59:00,2011-03-20 13:28:00,3,548.31,320,113,4,97,182.76999999999998,48.5,0.0,320.0,0.0,0,1
16729,2011-06-16 11:38:00,2011-04-12 14:22:00,12,3481.11,2593,125,14,64,290.09250000000003,5.818181818181818,2.0,2593.0,0.0007713073659853452,7,0
16730,2011-04-19 12:41:00,2011-01-24 14:01:00,2,480.94,750,35,72,84,240.47,84.0,96.0,750.0,0.128,0,1
16731,2010-03-01 15:05:00,2010-03-01 15:05:00,1,170.3,124,40,486,1,170.3,1.0,0.0,124.0,0.0,0,1
16732,2010-11-01 13:33:00,2009-12-08 13:04:00,3,3783.89,2097,177,241,328,1261.2966666666666,164.0,32.0,2097.0,0.015259895088221268,0,1
16733,2010-06-28 10:12:00,2010-06-28 10:12:00,1,259.68,112,12,367,1,259.68,1.0,0.0,112.0,0.0,0,1
16735,2011-04-14 12:12:00,2009-12-08 09:24:00,11,5014.77,3356,143,77,492,455.88818181818186,49.2,292.0,3356.0,0.08700834326579261,3,0
16736,2010-07-22 10:09:00,2009-12-03 16:12:00,5,2956.56,1050,116,343,230,591.312,57.5,11.0,1050.0,0.010476190476190476,0,1
16737,2010-05-11 09:53:00,2010-05-11 09:53:00,1,417.59999999999997,288,1,415,1,417.59999999999997,1.0,0.0,288.0,0.0,0,1
16738,2011-02-15 09:46:00,2011-02-15 09:46:00,1,3.75,3,1,135,1,3.75,1.0,0.0,3.0,0.0,0,1
16739,2011-06-16 09:17:00,2010-06-21 09:38:00,2,786.43,391,33,14,359,393.215,359.0,4.0,391.0,0.010230179028132993,0,1
16740,2010-11-09 13:34:00,2010-11-09 13:34:00,1,226.91,110,30,233,1,226.91,1.0,0.0,110.0,0.0,0,1
16741,2010-03-24 15:15:00,2010-03-24 15:15:00,1,173.06,81,11,463,1,173.06,1.0,0.0,81.0,0.0,0,1
16742,2010-08-04 10:52:00,2009-12-16 17:22:00,13,2334.97,2557,50,330,230,179.6130769230769,19.166666666666668,0.0,2557.0,0.0,0,1
16743,2011-05-12 12:57:00,2010-04-22 13:21:00,10,3060.77,2535,85,49,384,306.077,42.666666666666664,0.0,2535.0,0.0,3,0
16744,2011-06-19 15:13:00,2011-06-19 15:13:00,1,109.96,47,29,11,1,109.96,1.0,0.0,47.0,0.0,3,0
16745,2011-06-30 19:13:00,2011-02-01 11:31:00,12,4650.58,4475,131,0,149,387.54833333333335,13.545454545454545,8.0,4475.0,0.001787709497206704,5,0
16746,2011-05-29 15:35:00,2009-12-04 13:00:00,32,14238.27,8795,314,32,541,444.9459375,17.451612903225808,5.0,8795.0,0.0005685048322910744,6,0
16748,2011-05-06 11:26:00,2009-12-10 12:28:00,12,3031.63,1739,48,55,511,252.63583333333335,46.45454545454545,12.0,1739.0,0.006900517538815411,0,1
16749,2010-04-27 13:06:00,2009-12-15 14:05:00,2,4157.88,1910,53,429,132,2078.94,132.0,0.0,1910.0,0.0,0,1
16750,2011-04-21 16:53:00,2011-04-21 16:53:00,1,118.7,18,10,70,1,118.7,1.0,0.0,18.0,0.0,3,0
16752,2010-12-02 12:18:00,2010-12-02 12:18:00,1,207.5,54,9,210,1,207.5,1.0,0.0,54.0,0.0,0,1
16754,2010-12-02 17:38:00,2010-03-08 11:32:00,29,65500.07,63551,38,210,269,2258.6231034482757,9.607142857142858,9361.0,63551.0,0.1472990196849774,0,1
16755,2011-04-27 14:01:00,2009-12-09 14:25:00,6,2297.7200000000003,1611,175,64,503,382.9533333333334,100.6,1.0,1611.0,0.0006207324643078833,1,0
16756,2011-05-09 09:33:00,2010-03-09 15:56:00,7,1312.3700000000001,707,64,52,425,187.48142857142858,70.83333333333333,7.0,707.0,0.009900990099009901,0,1
16757,2011-01-25 11:59:00,2010-10-26 15:09:00,2,270.48,180,13,156,90,135.24,90.0,0.0,180.0,0.0,0,1
16760,2010-10-05 15:55:00,2010-10-05 15:55:00,1,228.0,168,17,268,1,228.0,1.0,0.0,168.0,0.0,0,1
16763,2011-05-25 11:52:00,2009-12-01 15:26:00,2,964.6999999999999,492,44,36,539,482.34999999999997,539.0,1.0,492.0,0.0020325203252032522,0,1
16765,2011-02-18 15:41:00,2010-11-22 13:42:00,2,454.75,311,52,132,88,227.375,88.0,0.0,311.0,0.0,0,1
16766,2011-03-11 15:22:00,2011-03-11 13:34:00,2,1145.6,536,17,111,1,572.8,1.0,0.0,536.0,0.0,0,1
16767,2011-06-10 10:49:00,2010-04-28 16:49:00,8,5524.4,5037,152,20,407,690.55,58.142857142857146,24.0,5037.0,0.004764740917212627,3,0
16768,2011-03-13 10:25:00,2009-12-07 11:47:00,7,1403.73,625,88,109,460,200.53285714285715,76.66666666666667,7.0,625.0,0.0112,1,0
16769,2011-03-24 13:41:00,2009-12-14 11:10:00,4,1117.05,295,76,98,465,279.2625,155.0,0.0,295.0,0.0,0,1
16770,2011-04-17 12:49:00,2010-08-22 16:08:00,8,1671.21,961,174,74,237,208.90125,33.857142857142854,14.0,961.0,0.014568158168574402,0,1
16771,2011-03-09 13:56:00,2009-12-09 11:52:00,8,3358.7400000000002,1871,262,113,455,419.84250000000003,65.0,0.0,1871.0,0.0,1,0
16772,2010-10-12 13:19:00,2009-12-18 10:50:00,3,3698.0499999999997,687,54,261,298,1232.6833333333332,149.0,129.0,687.0,0.18777292576419213,0,1
16773,2010-09-29 15:47:00,2009-12-06 15:01:00,2,249.65,81,34,274,297,124.825,297.0,0.0,81.0,0.0,0,1
16774,2011-06-14 12:45:00,2010-02-16 16:53:00,5,1049.36,534,68,16,482,209.87199999999999,120.5,0.0,534.0,0.0,2,0
16775,2011-06-29 16:07:00,2010-09-23 17:34:00,10,1935.48,705,98,1,278,193.548,30.88888888888889,96.0,705.0,0.13617021276595745,4,0
16776,2010-10-20 12:13:00,2010-10-20 12:13:00,1,220.97,181,48,253,1,220.97,1.0,0.0,181.0,0.0,0,1
16777,2011-03-27 14:34:00,2010-03-17 12:42:00,4,1243.08,456,118,95,375,310.77,125.0,5.0,456.0,0.010964912280701754,1,0
16778,2011-03-10 15:21:00,2011-03-10 15:21:00,1,93.18,66,5,112,1,93.18,1.0,0.0,66.0,0.0,1,0
16779,2011-06-29 14:53:00,2009-12-03 13:03:00,44,27235.15,17026,275,1,573,618.9806818181819,13.325581395348838,94.0,17026.0,0.005520967931399037,3,0
16780,2011-03-25 17:34:00,2010-10-28 19:41:00,2,336.05,181,44,97,147,168.025,147.0,0.0,181.0,0.0,1,0
16781,2010-12-02 14:26:00,2010-02-08 13:56:00,2,623.0,192,36,210,297,311.5,297.0,2.0,192.0,0.010416666666666666,0,1
16782,2011-05-19 13:08:00,2009-12-09 11:58:00,32,8704.52,3726,565,42,526,272.01625,16.967741935483872,15.0,3726.0,0.004025764895330112,3,0
16783,2010-09-29 11:53:00,2010-09-29 11:53:00,1,391.95,163,25,274,1,391.95,1.0,0.0,163.0,0.0,0,1
16784,2010-11-28 11:57:00,2010-03-28 12:55:00,4,784.73,470,137,214,244,196.1825,81.33333333333333,0.0,470.0,0.0,0,1
16785,2010-10-26 10:36:00,2010-10-26 10:36:00,1,533.78,313,35,247,1,533.78,1.0,0.0,313.0,0.0,0,1
16786,2010-11-11 08:25:00,2010-11-11 08:25:00,1,51.839999999999996,72,1,231,1,51.839999999999996,1.0,0.0,72.0,0.0,0,1
16787,2010-11-07 11:01:00,2010-01-10 11:12:00,4,1017.53,472,102,235,300,254.3825,100.0,0.0,472.0,0.0,0,1
16788,2011-03-30 13:05:00,2010-02-07 12:40:00,4,1629.01,842,292,92,416,407.2525,138.66666666666666,0.0,842.0,0.0,1,0
16791,2011-05-10 13:26:00,2009-12-03 18:08:00,12,2819.6,1361,294,51,522,234.96666666666667,47.45454545454545,23.0,1361.0,0.01689933872152829,1,0
16792,2011-03-02 14:41:00,2010-01-04 13:47:00,5,623.46,324,90,120,422,124.69200000000001,105.5,0.0,324.0,0.0,0,1
16794,2011-06-13 10:54:00,2010-03-25 15:17:00,7,1112.81,907,186,17,444,158.97285714285712,74.0,2.0,907.0,0.002205071664829107,3,0
16795,2010-12-09 14:08:00,2010-01-25 13:14:00,3,2062.41,1214,306,203,318,687.4699999999999,159.0,14.0,1214.0,0.011532125205930808,0,1
16797,2010-11-11 19:14:00,2009-12-02 13:33:00,5,1802.02,898,289,231,344,360.404,86.0,8.0,898.0,0.008908685968819599,0,1
16798,2010-06-03 19:01:00,2009-12-10 19:35:00,3,841.16,205,141,392,174,280.38666666666666,87.0,2.0,205.0,0.00975609756097561,0,1
16799,2010-10-03 14:28:00,2010-09-12 12:46:00,2,452.78000000000003,162,81,270,21,226.39000000000001,21.0,1.0,162.0,0.006172839506172839,0,1
16801,2011-06-29 15:33:00,2011-03-11 13:56:00,4,1594.23,493,72,1,110,398.5575,36.666666666666664,186.0,493.0,0.3772819472616633,0,1
16802,2010-01-29 13:44:00,2009-12-09 13:00:00,2,582.61,369,48,517,51,291.305,51.0,0.0,369.0,0.0,0,1
16804,2011-03-14 15:48:00,2011-03-14 15:48:00,1,118.05,34,19,108,1,118.05,1.0,0.0,34.0,0.0,0,1
16805,2011-06-19 11:23:00,2009-12-08 14:29:00,5,1091.34,1120,213,11,557,218.26799999999997,139.25,0.0,1120.0,0.0,0,1
16806,2011-06-23 11:46:00,2011-04-14 19:59:00,3,523.82,254,42,7,69,174.60666666666668,34.5,0.0,254.0,0.0,1,0
16807,2011-05-08 11:34:00,2010-03-26 14:38:00,5,1654.12,1134,94,53,407,330.82399999999996,101.75,20.0,1134.0,0.01763668430335097,1,0
16808,2011-03-10 19:05:00,2011-03-10 19:05:00,1,166.5,116,19,112,1,166.5,1.0,0.0,116.0,0.0,1,0
16809,2011-05-15 12:53:00,2010-04-13 15:34:00,6,1155.82,717,94,46,396,192.63666666666666,79.2,1.0,717.0,0.001394700139470014,1,0
16810,2011-05-31 15:32:00,2010-10-15 15:32:00,2,842.0400000000001,372,34,30,228,421.02000000000004,228.0,5.0,372.0,0.013440860215053764,0,1
16812,2010-12-14 12:35:00,2010-11-22 14:36:00,4,2392.0,1116,98,198,21,598.0,7.0,16.0,1116.0,0.014336917562724014,0,1
16813,2011-06-19 12:26:00,2011-05-19 13:28:00,3,443.72,332,133,11,30,147.90666666666667,15.0,0.0,332.0,0.0,5,0
16814,2011-06-16 13:57:00,2010-04-11 12:45:00,28,9903.16,3913,233,14,431,353.6842857142857,15.962962962962964,1.0,3913.0,0.0002555583950932788,4,0
16815,2010-09-12 10:59:00,2010-06-21 12:05:00,2,406.02,237,66,291,82,203.01,82.0,0.0,237.0,0.0,0,1
16816,2011-01-30 15:40:00,2010-12-16 17:01:00,2,325.45,191,20,151,44,162.725,44.0,0.0,191.0,0.0,2,0
16817,2011-06-07 10:05:00,2010-10-04 09:06:00,11,2135.38,1153,90,23,246,194.12545454545455,24.6,66.0,1153.0,0.05724197745013009,0,1
16818,2011-06-09 15:34:00,2011-05-18 11:42:00,4,1193.17,667,71,21,22,298.2925,7.333333333333333,2.0,667.0,0.0029985007496251873,6,0
16819,2010-08-31 17:37:00,2010-08-31 17:31:00,2,182.59,253,17,303,1,91.295,1.0,0.0,253.0,0.0,0,1
16821,2010-11-23 10:04:00,2010-11-23 10:04:00,1,113.35,13,7,219,1,113.35,1.0,0.0,13.0,0.0,0,1
16822,2010-01-22 14:22:00,2010-01-22 14:22:00,1,181.39,171,11,524,1,181.39,1.0,5.0,171.0,0.029239766081871343,0,1
16823,2011-04-26 15:00:00,2009-12-02 09:57:00,7,2243.09,1166,149,65,510,320.4414285714286,85.0,1.0,1166.0,0.0008576329331046312,0,1
16824,2011-06-28 13:36:00,2010-11-11 12:21:00,2,448.5,288,24,2,229,224.25,229.0,0.0,288.0,0.0,0,1
16825,2011-06-07 09:44:00,2010-06-23 13:14:00,4,1370.41,1089,35,23,348,342.6025,116.0,0.0,1089.0,0.0,0,1
16827,2010-11-11 14:04:00,2010-04-29 19:07:00,5,392.13,125,10,231,195,78.426,48.75,0.0,125.0,0.0,0,1
16829,2010-11-16 18:11:00,2010-11-16 18:11:00,1,316.1,116,16,226,1,316.1,1.0,0.0,116.0,0.0,1,0
16830,2010-09-23 12:37:00,2009-12-13 12:11:00,3,881.59,435,47,280,284,293.86333333333334,142.0,6.0,435.0,0.013793103448275862,0,1
16831,2010-05-24 09:08:00,2010-05-24 09:08:00,1,91.8,48,6,402,1,91.8,1.0,0.0,48.0,0.0,0,1
16832,2011-06-08 15:36:00,2010-09-07 12:35:00,5,417.61,179,19,22,274,83.522,68.5,0.0,179.0,0.0,0,1
16833,2011-03-25 08:53:00,2010-03-26 15:31:00,5,1973.8,744,74,97,363,394.76,90.75,0.0,744.0,0.0,0,1
16834,2011-04-26 09:37:00,2010-02-03 14:24:00,2,898.96,760,43,65,446,449.48,446.0,0.0,760.0,0.0,0,1
16835,2010-12-01 17:15:00,2010-05-19 08:41:00,5,1357.56,454,54,211,196,271.512,49.0,22.0,454.0,0.048458149779735685,1,0
16836,2010-10-29 12:48:00,2010-05-14 12:52:00,2,530.5,374,31,244,167,265.25,167.0,0.0,374.0,0.0,1,0
16837,2011-05-26 11:38:00,2011-04-08 08:48:00,8,1814.74,707,76,35,48,226.8425,6.857142857142857,1.0,707.0,0.0014144271570014145,1,0
16838,2011-05-26 13:13:00,2010-02-14 15:27:00,4,1159.61,509,53,35,465,289.9025,155.0,5.0,509.0,0.009823182711198428,0,1
16839,2011-06-20 15:48:00,2010-02-11 15:02:00,26,12911.31,6515,101,10,494,496.58884615384613,19.76,30.0,6515.0,0.004604758250191865,9,0
16840,2010-04-15 15:48:00,2010-02-03 12:42:00,2,139.85,117,9,441,71,69.925,71.0,1.0,117.0,0.008547008547008548,0,1
16841,2011-06-22 12:50:00,2010-01-12 11:32:00,10,3379.48,2432,152,8,526,337.948,58.44444444444444,17.0,2432.0,0.0069901315789473685,1,0
16842,2011-02-10 14:51:00,2011-02-10 14:51:00,1,520.5699999999999,370,30,140,1,520.5699999999999,1.0,0.0,370.0,0.0,2,0
16843,2011-06-16 14:47:00,2009-12-10 11:40:00,27,15116.78,12509,236,14,553,559.8807407407407,21.26923076923077,43.0,12509.0,0.0034375249820129505,5,0
16844,2010-05-26 10:29:00,2010-05-06 09:16:00,2,614.34,281,26,400,20,307.17,20.0,0.0,281.0,0.0,0,1
16845,2010-03-31 13:09:00,2010-03-31 13:09:00,1,253.88,167,20,456,1,253.88,1.0,0.0,167.0,0.0,0,1
16846,2010-05-11 13:45:00,2010-03-10 12:03:00,2,628.09,382,36,415,62,314.045,62.0,0.0,382.0,0.0,0,1
16847,2010-03-31 13:32:00,2010-03-31 13:32:00,1,421.45000000000005,177,25,456,1,421.45000000000005,1.0,0.0,177.0,0.0,0,1
16848,2010-11-28 12:38:00,2010-10-03 11:01:00,3,1130.2,598,64,214,56,376.73333333333335,28.0,0.0,598.0,0.0,0,1
16849,2011-06-06 09:16:00,2011-06-06 09:16:00,1,124.57,33,8,24,1,124.57,1.0,0.0,33.0,0.0,0,1
16850,2011-01-10 11:09:00,2011-01-10 11:09:00,1,332.41,249,19,171,1,332.41,1.0,0.0,249.0,0.0,0,1
16852,2011-06-16 15:49:00,2011-06-16 15:49:00,1,113.06,51,7,14,1,113.06,1.0,0.0,51.0,0.0,0,1
16854,2010-10-18 16:31:00,2010-03-09 14:32:00,2,1408.96,997,72,255,223,704.48,223.0,0.0,997.0,0.0,0,1
16856,2010-10-18 11:54:00,2010-09-23 13:11:00,2,323.09000000000003,159,15,255,24,161.54500000000002,24.0,0.0,159.0,0.0,0,1
16857,2010-09-23 10:49:00,2010-09-23 10:49:00,1,352.8,168,11,280,1,352.8,1.0,0.0,168.0,0.0,0,1
16858,2010-12-06 09:52:00,2009-12-15 11:09:00,10,4292.59,1423,75,206,355,429.259,39.44444444444444,56.0,1435.0,0.03902439024390244,0,1
16859,2011-03-23 13:39:00,2010-03-04 12:37:00,6,1444.44,1448,57,99,384,240.74,76.8,0.0,1448.0,0.0,1,0
16860,2010-09-13 10:05:00,2010-02-15 13:46:00,3,1610.62,625,35,290,209,536.8733333333333,104.5,1.0,625.0,0.0016,0,1
16861,2010-11-14 13:54:00,2010-07-19 11:44:00,3,772.83,476,38,228,118,257.61,59.0,7.0,476.0,0.014705882352941176,1,0
16862,2010-06-10 13:05:00,2010-01-07 12:57:00,4,662.33,513,34,385,154,165.5825,51.333333333333336,0.0,513.0,0.0,0,1
16863,2010-12-08 08:58:00,2010-10-26 10:03:00,2,495.72,336,27,204,42,247.86,42.0,1.0,336.0,0.002976190476190476,0,1
16864,2010-10-01 16:16:00,2010-04-20 11:56:00,2,409.25,283,17,272,164,204.625,164.0,0.0,283.0,0.0,0,1
16865,2010-11-03 11:34:00,2010-11-03 11:34:00,1,130.95,157,15,239,1,130.95,1.0,0.0,157.0,0.0,0,1
16867,2010-01-19 09:11:00,2010-01-19 09:11:00,1,76.74000000000001,58,6,527,1,76.74000000000001,1.0,0.0,58.0,0.0,0,1
16868,2010-11-10 13:17:00,2010-04-25 11:31:00,3,384.56,112,47,232,199,128.18666666666667,99.5,0.0,112.0,0.0,0,1
16869,2011-06-27 12:16:00,2011-06-17 13:01:00,2,387.68,242,56,3,9,193.84,9.0,0.0,242.0,0.0,0,1
16870,2010-08-27 13:53:00,2010-08-27 13:53:00,1,450.15999999999997,278,28,307,1,450.15999999999997,1.0,0.0,278.0,0.0,0,1
16871,2011-05-13 11:44:00,2011-03-14 10:31:00,4,2037.82,861,104,48,60,509.455,20.0,3.0,861.0,0.003484320557491289,1,0
16872,2011-06-08 14:32:00,2010-09-02 17:36:00,4,921.47,861,10,22,278,230.3675,92.66666666666667,0.0,861.0,0.0,2,0
16873,2011-05-26 10:43:00,2010-02-09 14:17:00,9,10727.22,6360,170,35,470,1191.9133333333332,58.75,13.0,6360.0,0.0020440251572327044,1,0
16874,2010-11-25 13:08:00,2010-11-25 13:08:00,1,209.89000000000001,78,31,217,1,209.89000000000001,1.0,0.0,78.0,0.0,0,1
16875,2011-02-16 13:02:00,2010-01-05 09:16:00,9,2944.09,1421,115,134,407,327.12111111111113,50.875,34.0,1421.0,0.023926812104152005,1,0
16876,2010-11-01 11:59:00,2010-11-01 11:59:00,1,136.01,181,32,241,1,136.01,1.0,0.0,181.0,0.0,0,1
16877,2011-05-15 16:13:00,2011-05-15 16:13:00,1,77.75,35,25,46,1,77.75,1.0,0.0,35.0,0.0,1,0
16880,2011-06-19 13:01:00,2010-08-03 13:54:00,4,742.84,433,53,11,319,185.71,106.33333333333333,0.0,433.0,0.0,3,0
16882,2011-04-14 14:36:00,2011-01-26 17:43:00,2,215.70000000000002,102,15,77,77,107.85000000000001,77.0,0.0,102.0,0.0,0,1
16883,2011-06-05 12:51:00,2009-12-04 12:07:00,19,2246.06,1016,159,25,548,118.21368421052631,30.444444444444443,1.0,1016.0,0.000984251968503937,0,1
16884,2010-06-01 12:45:00,2010-05-18 12:00:00,2,641.13,200,39,394,14,320.565,14.0,0.0,200.0,0.0,0,1
16885,2010-12-17 17:23:00,2010-11-19 12:51:00,2,412.14,215,66,195,28,206.07,28.0,0.0,215.0,0.0,0,1
16886,2010-09-09 15:08:00,2010-09-09 15:08:00,1,134.0,48,8,294,1,134.0,1.0,48.0,48.0,1.0,0,1
16887,2010-11-04 11:29:00,2009-12-01 13:41:00,2,465.84000000000003,267,65,238,337,232.92000000000002,337.0,0.0,267.0,0.0,0,1
16888,2010-11-04 12:39:00,2010-01-07 13:07:00,3,434.2,145,44,238,300,144.73333333333332,150.0,0.0,145.0,0.0,0,1
16889,2011-05-29 11:05:00,2010-05-23 10:46:00,6,2526.65,1611,163,32,371,421.10833333333335,74.2,0.0,1611.0,0.0,0,1
16890,2010-08-20 11:23:00,2010-05-06 16:27:00,3,285.41,243,17,314,105,95.13666666666667,52.5,0.0,243.0,0.0,0,1
16891,2010-12-03 11:35:00,2009-12-04 12:37:00,7,1202.77,473,245,209,363,171.8242857142857,60.5,0.0,473.0,0.0,2,0
16892,2011-06-09 11:35:00,2009-12-08 14:20:00,3,339.54,208,57,21,547,113.18,273.5,1.0,208.0,0.004807692307692308,0,1
16893,2010-12-08 12:06:00,2010-11-28 15:14:00,2,249.89000000000001,117,80,204,9,124.94500000000001,9.0,0.0,117.0,0.0,0,1
16894,2010-07-25 15:43:00,2010-06-22 14:21:00,3,1306.96,503,186,340,33,435.65333333333336,16.5,6.0,503.0,0.011928429423459244,0,1
16895,2010-09-27 11:13:00,2010-02-12 11:07:00,4,900.63,330,82,276,227,225.1575,75.66666666666667,0.0,330.0,0.0,0,1
16896,2010-06-02 15:40:00,2010-06-02 15:40:00,1,103.95,18,18,393,1,103.95,1.0,0.0,18.0,0.0,0,1
16897,2011-02-13 15:02:00,2011-01-30 11:52:00,2,289.78,73,37,137,14,144.89,14.0,15.0,73.0,0.2054794520547945,0,1
16898,2011-06-15 13:35:00,2010-05-12 12:18:00,4,697.9499999999999,527,174,15,399,174.48749999999998,133.0,33.0,527.0,0.06261859582542695,0,1
16899,2011-05-16 15:53:00,2010-11-07 15:00:00,4,772.26,430,68,45,190,193.065,63.333333333333336,0.0,430.0,0.0,2,0
16901,2009-12-10 16:30:00,2009-12-10 16:30:00,1,204.26,42,23,567,1,204.26,1.0,0.0,42.0,0.0,0,1
16903,2010-11-24 14:55:00,2010-10-20 14:42:00,2,678.55,470,107,218,35,339.275,35.0,26.0,470.0,0.05531914893617021,0,1
16904,2011-06-30 12:04:00,2010-10-24 16:03:00,14,3000.08,1529,371,0,248,214.29142857142855,19.076923076923077,0.0,1529.0,0.0,5,0
16905,2011-04-17 11:30:00,2009-12-10 20:04:00,13,2491.35,792,106,74,492,191.6423076923077,41.0,3.0,792.0,0.003787878787878788,0,1
16906,2011-06-06 09:04:00,2010-05-13 13:23:00,6,1244.32,510,141,24,388,207.38666666666666,77.6,0.0,510.0,0.0,1,0
16907,2011-04-19 14:56:00,2010-07-01 17:30:00,7,1073.24,332,88,72,291,153.32,48.5,0.0,332.0,0.0,1,0
16908,2009-12-17 13:35:00,2009-12-17 13:35:00,1,252.59,61,20,560,1,252.59,1.0,20.0,61.0,0.32786885245901637,0,1
16911,2010-03-14 12:18:00,2010-02-16 16:12:00,2,255.25,161,30,473,25,127.625,25.0,2.0,161.0,0.012422360248447204,0,1
16912,2011-05-16 10:43:00,2009-12-09 12:32:00,9,3050.79,1137,95,45,522,338.9766666666667,65.25,14.0,1137.0,0.012313104661389622,2,0
16913,2011-02-22 12:56:00,2010-02-26 12:06:00,3,423.90999999999997,229,18,128,361,141.3033333333333,180.5,0.0,229.0,0.0,0,1
16915,2011-06-24 10:11:00,2010-05-19 13:32:00,8,1130.19,111,37,6,400,141.27375,57.142857142857146,0.0,111.0,0.0,1,0
16916,2010-12-02 13:14:00,2010-10-20 12:56:00,3,536.04,320,100,210,43,178.67999999999998,21.5,0.0,320.0,0.0,0,1
16917,2011-03-08 11:55:00,2010-03-17 15:24:00,2,1851.88,792,45,114,355,925.94,355.0,1.0,792.0,0.0012626262626262627,0,1
16918,2011-01-26 17:37:00,2009-12-03 12:27:00,11,2413.5,1518,235,155,419,219.4090909090909,41.9,7.0,1518.0,0.00461133069828722,2,0
16919,2011-06-14 11:53:00,2010-08-19 15:28:00,23,4693.92,2160,223,16,298,204.08347826086955,13.545454545454545,16.0,2160.0,0.007407407407407408,1,0
16920,2010-10-24 14:07:00,2010-10-24 14:07:00,1,355.45,81,23,249,1,355.45,1.0,0.0,81.0,0.0,0,1
16921,2010-09-23 14:08:00,2010-04-18 15:34:00,2,255.03,121,28,280,157,127.515,157.0,0.0,121.0,0.0,0,1
16922,2010-05-16 11:24:00,2010-05-16 11:24:00,1,611.08,281,122,410,1,611.08,1.0,0.0,281.0,0.0,0,1
16923,2011-06-19 10:55:00,2010-01-31 11:14:00,25,9947.32,4588,319,11,503,397.89279999999997,20.958333333333332,236.0,4588.0,0.05143853530950305,2,0
16925,2010-06-17 15:03:00,2010-06-17 15:03:00,1,125.65,123,18,378,1,125.65,1.0,0.0,123.0,0.0,0,1
16926,2010-12-03 13:42:00,2010-07-01 12:57:00,5,1169.6100000000001,197,63,209,155,233.92200000000003,38.75,1.0,197.0,0.005076142131979695,0,1
16927,2011-03-08 13:21:00,2010-12-13 11:57:00,2,341.45,513,5,114,85,170.725,85.0,0.0,513.0,0.0,1,0
16928,2011-06-28 13:55:00,2010-02-03 12:30:00,21,2535.54,1538,130,2,510,120.74,25.5,68.0,1538.0,0.044213263979193757,8,0
16931,2011-06-19 12:05:00,2010-11-07 13:24:00,12,2564.69,1646,288,11,223,213.72416666666666,20.272727272727273,0.0,1646.0,0.0,5,0
16932,2010-10-12 14:14:00,2010-05-17 14:15:00,2,262.32,135,77,261,147,131.16,147.0,0.0,135.0,0.0,0,1
16933,2011-04-14 13:33:00,2009-12-09 15:03:00,8,2760.8,1372,193,77,490,345.1,70.0,19.0,1372.0,0.013848396501457727,0,1
16934,2010-11-21 11:39:00,2010-03-28 12:43:00,4,1152.1100000000001,539,77,221,237,288.02750000000003,79.0,3.0,539.0,0.0055658627087198514,0,1
16935,2010-11-23 09:16:00,2010-10-14 13:09:00,3,530.86,273,55,219,39,176.95333333333335,19.5,0.0,273.0,0.0,0,1
16936,2010-11-19 11:54:00,2010-11-19 11:54:00,1,286.39,168,81,223,1,286.39,1.0,0.0,168.0,0.0,0,1
16937,2010-07-28 17:56:00,2010-07-28 17:56:00,1,196.25,123,49,337,1,196.25,1.0,0.0,123.0,0.0,0,1
16938,2011-06-13 11:24:00,2010-02-17 14:47:00,8,6669.7300000000005,4826,541,17,480,833.7162500000001,68.57142857142857,1515.0,4826.0,0.3139245752175715,0,1
16939,2010-08-08 12:24:00,2010-02-28 13:33:00,3,433.85,229,38,326,160,144.61666666666667,80.0,0.0,229.0,0.0,0,1
16940,2011-06-23 13:13:00,2009-12-08 13:08:00,7,5246.14,3570,309,7,562,749.4485714285714,93.66666666666667,33.0,3570.0,0.009243697478991597,0,1
16941,2010-04-07 11:13:00,2010-04-07 11:13:00,1,33.0,12,2,449,1,33.0,1.0,0.0,12.0,0.0,0,1
16942,2011-06-16 12:29:00,2011-04-26 11:59:00,5,1068.2,404,102,14,51,213.64000000000001,12.75,4.0,404.0,0.009900990099009901,2,0
16943,2011-05-12 11:57:00,2010-03-25 13:34:00,5,1299.49,147,24,49,412,259.898,103.0,2.0,147.0,0.013605442176870748,0,1
16944,2010-04-09 11:03:00,2010-04-09 11:03:00,1,101.36,27,7,447,1,101.36,1.0,0.0,27.0,0.0,0,1
16945,2011-06-28 08:39:00,2009-12-09 11:33:00,24,6296.42,4593,201,2,565,262.35083333333336,24.565217391304348,14.0,4593.0,0.0030481166993250597,4,0
16946,2010-11-21 14:06:00,2010-03-02 10:49:00,5,1222.04,509,69,221,264,244.408,66.0,6.0,509.0,0.011787819253438114,0,1
16947,2011-04-18 09:38:00,2010-03-03 10:54:00,5,955.21,655,50,73,410,191.042,102.5,42.0,655.0,0.06412213740458016,0,1
16948,2011-03-23 08:26:00,2010-02-21 13:48:00,6,674.2900000000001,723,17,99,394,112.38166666666667,78.8,0.0,723.0,0.0,1,0
16949,2011-06-07 10:34:00,2011-01-27 12:11:00,4,893.75,386,32,23,130,223.4375,43.333333333333336,1.0,386.0,0.0025906735751295338,0,1
16950,2010-12-07 15:20:00,2010-01-24 11:26:00,8,2535.21,1820,84,205,317,316.90125,45.285714285714285,93.0,1820.0,0.0510989010989011,1,0
16951,2011-02-08 14:58:00,2011-02-08 14:58:00,1,1053.79,1066,70,142,1,1053.79,1.0,0.0,1066.0,0.0,2,0
16952,2010-09-24 15:35:00,2009-12-11 13:52:00,3,628.22,251,61,279,287,209.40666666666667,143.5,0.0,251.0,0.0,2,0
16954,2011-03-30 11:32:00,2010-01-18 14:49:00,14,4938.28,3622,81,92,435,352.7342857142857,33.46153846153846,9.0,3622.0,0.002484815019326339,1,0
16955,2011-06-08 10:36:00,2010-01-31 11:38:00,6,1120.31,723,33,22,492,186.71833333333333,98.4,27.0,723.0,0.03734439834024896,0,1
16957,2011-04-14 13:56:00,2011-03-03 09:25:00,2,416.64,172,15,77,42,208.32,42.0,0.0,172.0,0.0,0,1
16958,2010-09-30 14:25:00,2010-09-30 14:25:00,1,778.49,514,69,273,1,778.49,1.0,0.0,514.0,0.0,0,1
16960,2011-04-01 11:54:00,2010-03-02 13:36:00,6,1685.36,1283,301,90,394,280.8933333333333,78.8,11.0,1283.0,0.00857365549493375,0,1
16961,2010-11-16 16:37:00,2010-06-25 14:36:00,2,560.39,357,38,226,144,280.195,144.0,3.0,357.0,0.008403361344537815,1,0
16962,2010-10-26 11:36:00,2010-10-26 11:36:00,1,251.04,158,15,247,1,251.04,1.0,0.0,158.0,0.0,0,1
16963,2011-06-05 13:48:00,2011-06-05 13:48:00,1,110.55000000000001,35,7,25,1,110.55000000000001,1.0,0.0,35.0,0.0,0,1
16964,2009-12-06 12:53:00,2009-12-06 12:51:00,2,207.85,49,6,571,1,103.925,1.0,0.0,49.0,0.0,0,1
16965,2011-04-27 12:08:00,2011-04-27 12:08:00,1,201.19,291,26,64,1,201.19,1.0,0.0,291.0,0.0,0,1
16966,2011-06-22 15:06:00,2011-04-13 14:17:00,4,1486.56,1320,8,8,70,371.64,23.333333333333332,2.0,1320.0,0.0015151515151515152,0,1
16967,2011-06-03 14:24:00,2011-06-03 14:24:00,1,319.02,333,21,27,1,319.02,1.0,0.0,333.0,0.0,0,1
16969,2011-06-01 12:10:00,2011-06-01 12:10:00,1,397.36,388,27,29,1,397.36,1.0,0.0,388.0,0.0,1,0
16970,2010-03-23 13:50:00,2010-03-23 13:50:00,1,71.4,12,2,464,1,71.4,1.0,0.0,12.0,0.0,0,1
16972,2010-11-22 10:59:00,2010-09-09 11:20:00,2,749.0,183,54,220,73,374.5,73.0,0.0,183.0,0.0,0,1
16973,2010-11-18 13:56:00,2010-11-18 13:56:00,1,127.0,60,6,224,1,127.0,1.0,0.0,60.0,0.0,0,1
16974,2010-07-05 10:18:00,2010-05-24 10:43:00,2,365.5,70,5,360,41,182.75,41.0,0.0,70.0,0.0,0,1
16975,2010-10-12 17:53:00,2010-07-22 11:38:00,3,926.12,586,44,261,82,308.70666666666665,41.0,6.0,586.0,0.010238907849829351,0,1
16976,2011-03-17 16:33:00,2011-03-17 16:33:00,1,251.51999999999998,88,2,105,1,251.51999999999998,1.0,0.0,88.0,0.0,0,1
16977,2010-11-09 13:17:00,2010-03-18 11:06:00,4,496.0,142,25,233,236,124.0,78.66666666666667,0.0,142.0,0.0,0,1
16978,2010-02-11 16:33:00,2010-02-11 16:27:00,2,424.55,119,28,504,1,212.275,1.0,0.0,119.0,0.0,1,0
16979,2011-02-15 09:20:00,2010-09-15 14:30:00,4,1354.8899999999999,679,41,135,152,338.72249999999997,50.666666666666664,7.0,679.0,0.010309278350515464,1,0
16980,2011-03-29 16:36:00,2010-10-07 14:05:00,3,1422.8300000000002,990,91,93,173,474.2766666666667,86.5,0.0,990.0,0.0,0,1
16983,2011-06-12 12:50:00,2010-09-19 12:38:00,8,2469.88,1514,103,18,266,308.735,38.0,13.0,1514.0,0.008586525759577279,1,0
16984,2010-10-31 16:26:00,2010-03-07 15:34:00,7,5891.01,2747,476,242,238,841.5728571428572,39.666666666666664,18.0,2747.0,0.006552602839461231,2,0
16985,2011-05-12 09:11:00,2009-12-10 13:34:00,19,8374.4,2352,116,49,517,440.7578947368421,28.72222222222222,5.0,2352.0,0.0021258503401360546,2,0
16986,2010-09-20 15:00:00,2010-02-04 14:46:00,9,3015.55,1499,64,283,228,335.06111111111113,28.5,0.0,1499.0,0.0,0,1
16987,2011-06-22 16:44:00,2009-12-02 14:34:00,7,1534.05,373,124,8,567,219.15,94.5,2.0,373.0,0.005361930294906166,0,1
16988,2010-11-25 09:22:00,2010-11-25 09:22:00,1,256.55,115,13,217,1,256.55,1.0,0.0,115.0,0.0,0,1
16990,2011-05-05 08:30:00,2010-10-13 11:42:00,2,344.0,200,1,56,203,172.0,203.0,0.0,200.0,0.0,0,1
16991,2010-10-14 14:08:00,2010-10-14 14:08:00,1,1041.21,793,74,259,1,1041.21,1.0,0.0,793.0,0.0,0,1
16992,2011-05-24 09:20:00,2010-02-11 12:36:00,10,4533.34,1557,184,37,466,453.334,51.77777777777778,4.0,1557.0,0.002569043031470777,1,0
16993,2010-09-02 12:16:00,2010-05-12 13:55:00,2,1950.9499999999998,285,19,301,112,975.4749999999999,112.0,24.0,285.0,0.08421052631578947,0,1
16996,2011-04-08 12:56:00,2010-10-18 12:24:00,7,1367.5300000000002,631,30,83,172,195.3614285714286,28.666666666666668,26.0,631.0,0.04120443740095087,1,0
16997,2011-02-24 17:28:00,2011-01-18 11:51:00,3,702.0,360,7,126,37,234.0,18.5,0.0,360.0,0.0,0,1
16998,2011-05-19 14:30:00,2010-09-21 14:39:00,4,394.1,102,2,42,239,98.525,79.66666666666667,2.0,102.0,0.0196078431372549,1,0
17000,2010-11-08 13:35:00,2010-10-27 14:16:00,2,406.3,305,26,234,11,203.15,11.0,0.0,305.0,0.0,0,1
17001,2011-06-19 15:47:00,2010-03-25 12:41:00,14,4861.62,2816,92,11,451,347.25857142857143,34.69230769230769,0.0,2816.0,0.0,2,0
17002,2011-05-08 11:21:00,2010-03-08 15:46:00,6,2071.34,1008,48,53,425,345.22333333333336,85.0,0.0,1008.0,0.0,1,0
17003,2010-11-02 13:15:00,2010-05-10 11:20:00,4,828.21,494,90,240,176,207.0525,58.666666666666664,0.0,494.0,0.0,0,1
17004,2010-11-12 13:17:00,2010-10-11 15:43:00,2,1012.22,462,21,230,31,506.11,31.0,0.0,462.0,0.0,1,0
17005,2010-08-26 10:57:00,2010-04-30 10:55:00,2,622.36,691,14,308,118,311.18,118.0,1.0,691.0,0.001447178002894356,0,1
17006,2010-11-12 13:43:00,2010-03-05 13:33:00,4,853.49,300,77,230,252,213.3725,84.0,0.0,300.0,0.0,1,0
17007,2011-05-22 11:26:00,2010-09-28 13:51:00,5,692.9,407,40,39,235,138.57999999999998,58.75,10.0,407.0,0.02457002457002457,1,0
17008,2010-10-06 15:19:00,2010-10-06 15:19:00,1,81.36,24,1,267,1,81.36,1.0,0.0,24.0,0.0,0,1
17009,2010-06-06 16:01:00,2010-06-06 16:01:00,1,242.06,336,10,389,1,242.06,1.0,0.0,336.0,0.0,0,1
17011,2010-03-02 13:50:00,2010-02-26 09:47:00,2,400.8,606,12,485,4,200.4,4.0,108.0,606.0,0.1782178217821782,0,1
17012,2009-12-14 17:34:00,2009-12-14 17:34:00,1,360.61,251,34,563,1,360.61,1.0,0.0,251.0,0.0,0,1
17015,2011-06-07 13:19:00,2011-06-07 13:19:00,1,520.55,546,116,23,1,520.55,1.0,0.0,546.0,0.0,1,0
17016,2010-05-12 12:32:00,2010-05-12 12:32:00,1,552.4,309,41,414,1,552.4,1.0,0.0,309.0,0.0,0,1
17017,2011-06-30 14:48:00,2009-12-03 13:22:00,23,9314.01,7035,113,0,574,404.95695652173913,26.09090909090909,67.0,7035.0,0.009523809523809525,1,0
17018,2011-01-18 08:46:00,2009-12-05 10:27:00,5,1772.6,340,18,163,408,354.52,102.0,0.0,340.0,0.0,0,1
17019,2011-03-23 11:16:00,2009-12-02 11:52:00,10,3340.14,2234,308,99,475,334.014,52.77777777777778,22.0,2234.0,0.009847806624888093,0,1
17020,2010-06-15 13:06:00,2010-03-03 12:27:00,2,935.62,860,64,380,104,467.81,104.0,0.0,860.0,0.0,0,1
17021,2010-09-23 20:01:00,2010-04-29 20:05:00,6,1182.22,992,35,280,146,197.03666666666666,29.2,0.0,992.0,0.0,0,1
17022,2010-10-03 10:27:00,2010-10-03 10:27:00,1,189.0,72,9,270,1,189.0,1.0,0.0,72.0,0.0,0,1
17023,2010-10-18 15:37:00,2010-01-11 15:09:00,3,800.18,530,48,255,280,266.72666666666663,140.0,0.0,530.0,0.0,0,1
17025,2010-12-01 15:46:00,2010-03-08 13:37:00,4,1152.87,789,28,211,268,288.2175,89.33333333333333,0.0,789.0,0.0,0,1
17026,2011-06-07 14:28:00,2010-10-18 15:22:00,3,175.82999999999998,107,4,23,231,58.60999999999999,115.5,0.0,107.0,0.0,0,1
17027,2011-06-13 13:44:00,2009-12-10 12:10:00,7,1078.3,513,111,17,550,154.04285714285714,91.66666666666667,6.0,513.0,0.011695906432748537,2,0
17028,2010-05-07 15:33:00,2009-12-18 14:28:00,3,1593.83,856,85,419,140,531.2766666666666,70.0,0.0,856.0,0.0,0,1
17029,2011-04-17 10:57:00,2010-02-14 10:19:00,6,1779.3,1065,19,74,427,296.55,85.4,0.0,1065.0,0.0,1,0
17031,2010-11-26 15:17:00,2010-05-07 14:52:00,4,2393.5,1360,22,216,203,598.375,67.66666666666667,0.0,1360.0,0.0,1,0
17032,2010-06-10 12:16:00,2009-12-10 15:36:00,8,2984.32,1667,183,385,181,373.04,25.857142857142858,11.0,1667.0,0.0065986802639472104,0,1
17033,2011-05-09 16:01:00,2010-11-07 12:55:00,3,910.75,311,22,52,183,303.5833333333333,91.5,0.0,311.0,0.0,1,0
17034,2011-02-25 10:10:00,2010-07-14 12:55:00,3,672.7,382,31,125,225,224.23333333333335,112.5,17.0,382.0,0.04450261780104712,1,0
17035,2011-04-08 11:23:00,2009-12-03 10:37:00,4,613.59,327,29,83,491,153.3975,163.66666666666666,28.0,327.0,0.0856269113149847,0,1
17036,2010-11-21 14:26:00,2010-11-21 14:26:00,1,176.9,76,12,221,1,176.9,1.0,0.0,76.0,0.0,0,1
17038,2010-10-20 16:04:00,2010-10-20 16:04:00,1,630.77,507,41,253,1,630.77,1.0,0.0,507.0,0.0,0,1
17039,2010-04-14 12:56:00,2010-04-14 12:56:00,1,1954.99,689,44,442,1,1954.99,1.0,0.0,689.0,0.0,0,1
17040,2010-06-07 15:08:00,2010-06-07 15:08:00,1,13.52,8,1,388,1,13.52,1.0,0.0,8.0,0.0,1,0
17041,2010-12-14 11:43:00,2010-04-18 14:25:00,4,888.21,566,58,198,239,222.0525,79.66666666666667,4.0,566.0,0.007067137809187279,1,0
17042,2011-05-27 10:15:00,2011-04-06 14:53:00,2,487.59,445,51,34,50,243.795,50.0,0.0,445.0,0.0,2,0
17043,2011-06-14 13:52:00,2009-12-09 15:20:00,6,1183.44,975,111,16,551,197.24,110.2,0.0,975.0,0.0,0,1
17044,2010-11-30 10:48:00,2009-12-07 12:25:00,11,11013.82,5218,91,212,357,1001.2563636363636,35.7,19.0,5218.0,0.003641241855116903,0,1
17045,2011-04-06 12:08:00,2010-10-06 14:52:00,3,528.19,189,29,85,181,176.06333333333336,90.5,0.0,189.0,0.0,2,0
17046,2010-09-21 13:40:00,2010-03-29 13:46:00,4,1264.05,1126,57,282,175,316.0125,58.333333333333336,0.0,1126.0,0.0,1,0
17047,2011-05-18 16:51:00,2009-12-08 08:48:00,5,1937.76,1003,98,43,526,387.552,131.5,0.0,1003.0,0.0,1,0
17048,2011-03-02 12:03:00,2010-01-18 13:55:00,6,1906.73,1007,83,120,407,317.78833333333336,81.4,34.0,1007.0,0.033763654419066536,1,0
17049,2011-05-09 09:16:00,2010-03-04 10:23:00,13,5869.3,2216,205,52,430,451.4846153846154,35.833333333333336,52.0,2216.0,0.023465703971119134,3,0
17050,2011-06-05 15:25:00,2010-01-26 14:54:00,10,4080.34,2171,188,25,495,408.034,55.0,1.0,2171.0,0.00046061722708429296,1,0
17051,2011-05-29 14:13:00,2010-03-21 14:55:00,4,706.49,507,107,32,433,176.6225,144.33333333333334,0.0,507.0,0.0,0,1
17054,2011-05-16 12:57:00,2011-04-08 13:14:00,3,918.82,544,46,45,37,306.27333333333337,18.5,0.0,544.0,0.0,1,0
17055,2010-09-20 12:21:00,2010-09-20 12:21:00,1,232.85,83,24,283,1,232.85,1.0,0.0,83.0,0.0,0,1
17056,2009-12-01 12:55:00,2009-12-01 12:55:00,1,128.60000000000002,26,8,576,1,128.60000000000002,1.0,0.0,26.0,0.0,0,1
17057,2010-04-22 19:21:00,2010-04-22 19:21:00,1,294.74,129,48,434,1,294.74,1.0,0.0,129.0,0.0,0,1
17058,2011-05-24 13:50:00,2011-04-14 09:18:00,2,819.66,455,42,37,40,409.83,40.0,0.0,455.0,0.0,1,0
17059,2011-05-26 13:01:00,2010-01-26 14:43:00,7,3281.85,2097,250,35,484,468.8357142857143,80.66666666666667,6.0,2097.0,0.002861230329041488,1,0
17060,2011-03-18 13:27:00,2011-03-18 13:27:00,1,234.24,216,5,104,1,234.24,1.0,0.0,216.0,0.0,0,1
17061,2011-06-24 09:43:00,2011-04-21 13:29:00,8,3922.13,1218,48,6,63,490.26625,9.0,42.0,1218.0,0.034482758620689655,3,0
17062,2011-01-30 11:01:00,2010-09-26 11:57:00,6,889.75,644,82,151,125,148.29166666666666,25.0,2.0,644.0,0.003105590062111801,0,1
17063,2011-06-29 13:59:00,2009-12-01 12:36:00,10,2849.26,1438,120,1,575,284.92600000000004,63.888888888888886,11.0,1438.0,0.0076495132127955496,0,1
17064,2011-06-10 10:26:00,2011-01-16 16:10:00,2,457.40000000000003,187,36,20,144,228.70000000000002,144.0,0.0,187.0,0.0,0,1
17065,2010-03-12 11:41:00,2010-03-12 11:40:00,2,194.7,82,6,475,1,97.35,1.0,0.0,82.0,0.0,0,1
17066,2009-12-13 13:24:00,2009-12-13 13:24:00,1,228.34,93,17,564,1,228.34,1.0,0.0,93.0,0.0,0,1
17067,2009-12-15 08:39:00,2009-12-08 12:03:00,3,454.54,322,8,562,6,151.51333333333335,3.0,0.0,322.0,0.0,0,1
17068,2011-06-03 14:42:00,2010-03-28 14:26:00,37,7084.39,3348,226,27,432,191.47,12.0,3.0,3348.0,0.0008960573476702509,6,0
17069,2011-04-27 11:32:00,2009-12-03 12:27:00,9,3880.6,2191,146,64,509,431.17777777777775,63.625,30.0,2191.0,0.013692377909630305,3,0
17070,2010-10-25 15:57:00,2010-10-25 15:57:00,1,133.18,101,41,248,1,133.18,1.0,0.0,101.0,0.0,1,0
17071,2011-06-05 10:41:00,2010-01-24 13:05:00,8,2408.7,1239,99,25,496,301.0875,70.85714285714286,12.0,1239.0,0.009685230024213076,3,0
17072,2010-03-24 16:33:00,2010-03-24 16:33:00,1,273.35,212,20,463,1,273.35,1.0,0.0,212.0,0.0,0,1
17074,2010-05-26 12:04:00,2010-05-26 12:04:00,1,203.05,19,4,400,1,203.05,1.0,0.0,19.0,0.0,0,1
17075,2011-03-31 13:47:00,2009-12-14 11:24:00,9,2098.58,734,140,91,472,233.17555555555555,59.0,3.0,734.0,0.004087193460490463,0,1
17076,2011-03-11 08:59:00,2009-12-04 12:12:00,5,735.87,331,27,111,461,147.174,115.25,0.0,331.0,0.0,0,1
17077,2010-05-10 16:36:00,2010-05-10 16:36:00,1,306.0,36,1,416,1,306.0,1.0,0.0,36.0,0.0,0,1
17080,2011-03-15 12:05:00,2010-07-01 16:03:00,6,746.23,475,19,107,256,124.37166666666667,51.2,2.0,475.0,0.004210526315789474,0,1
17081,2010-11-09 12:44:00,2010-02-22 13:19:00,4,660.48,304,121,233,259,165.12,86.33333333333333,0.0,304.0,0.0,0,1
17082,2011-01-25 14:36:00,2009-12-15 11:25:00,5,3365.12,1793,74,156,406,673.024,101.5,0.0,1793.0,0.0,0,1
17083,2011-02-17 11:46:00,2010-02-09 11:46:00,8,3640.03,1745,29,133,373,455.00375,53.285714285714285,5.0,1745.0,0.0028653295128939827,1,0
17084,2010-11-08 14:20:00,2010-11-08 14:20:00,1,2253.22,1476,132,234,1,2253.22,1.0,1.0,1476.0,0.0006775067750677507,0,1
17085,2011-04-03 11:36:00,2009-12-06 12:16:00,27,7499.92,3426,395,88,482,277.7748148148148,18.53846153846154,48.0,3426.0,0.014010507880910683,1,0
17087,2009-12-02 10:41:00,2009-12-02 10:41:00,1,221.53,113,12,575,1,221.53,1.0,0.0,113.0,0.0,0,1
17088,2011-06-10 09:23:00,2011-03-31 09:48:00,2,1399.1100000000001,525,72,20,70,699.5550000000001,70.0,0.0,525.0,0.0,1,0
17089,2010-11-18 15:33:00,2010-11-18 15:33:00,1,128.45,35,4,224,1,128.45,1.0,0.0,35.0,0.0,0,1
17090,2011-04-26 10:23:00,2010-07-19 16:02:00,9,1754.58,754,23,65,280,194.95333333333332,35.0,24.0,754.0,0.03183023872679045,2,0
17091,2011-06-07 11:51:00,2009-12-16 15:45:00,15,5662.4,2999,222,23,537,377.4933333333333,38.357142857142854,6.0,2999.0,0.0020006668889629878,2,0
17092,2011-03-07 14:51:00,2010-02-02 16:42:00,8,3872.28,2747,201,115,397,484.035,56.714285714285715,6.0,2747.0,0.002184200946487077,2,0
17093,2010-04-26 10:22:00,2010-04-26 10:22:00,1,235.88,114,13,430,1,235.88,1.0,0.0,114.0,0.0,0,1
17094,2011-01-21 13:09:00,2010-10-12 10:48:00,2,402.20000000000005,212,18,160,101,201.10000000000002,101.0,4.0,212.0,0.018867924528301886,0,1
17095,2011-02-13 13:52:00,2009-12-15 12:32:00,6,1792.05,1311,83,137,425,298.675,85.0,12.0,1311.0,0.009153318077803204,0,1
17096,2011-03-23 12:05:00,2010-06-02 14:48:00,8,2809.29,1335,132,99,293,351.16125,41.857142857142854,6.0,1335.0,0.0044943820224719105,1,0
17097,2011-01-19 13:32:00,2010-10-05 14:09:00,3,476.58,238,97,162,105,158.85999999999999,52.5,0.0,238.0,0.0,4,0
17098,2010-11-23 12:13:00,2010-06-17 10:30:00,3,591.0699999999999,125,10,219,159,197.0233333333333,79.5,0.0,125.0,0.0,0,1
17099,2010-06-24 16:25:00,2010-06-24 16:25:00,1,582.17,317,40,371,1,582.17,1.0,0.0,317.0,0.0,0,1
17101,2011-06-14 14:49:00,2010-06-07 15:12:00,4,1115.9,518,44,16,371,278.975,123.66666666666667,0.0,518.0,0.0,0,1
17102,2011-03-23 10:08:00,2011-03-23 10:08:00,1,25.5,2,1,99,1,25.5,1.0,0.0,2.0,0.0,0,1
17103,2009-12-17 14:08:00,2009-12-17 14:08:00,1,424.3,471,32,560,1,424.3,1.0,0.0,471.0,0.0,0,1
17104,2010-10-12 12:21:00,2010-10-12 12:21:00,1,474.03,149,19,261,1,474.03,1.0,0.0,149.0,0.0,0,1
17105,2011-02-06 14:46:00,2011-02-06 14:46:00,1,319.4,359,38,144,1,319.4,1.0,0.0,359.0,0.0,1,0
17106,2010-11-15 14:11:00,2010-11-15 14:11:00,1,481.58,153,51,227,1,481.58,1.0,0.0,153.0,0.0,0,1
17107,2011-05-15 12:21:00,2010-01-31 15:47:00,6,9372.6,4554,279,46,468,1562.1000000000001,93.6,11.0,4554.0,0.0024154589371980675,2,0
17108,2010-02-14 12:22:00,2010-02-14 12:22:00,1,174.95,31,9,501,1,174.95,1.0,0.0,31.0,0.0,0,1
17109,2011-04-21 15:51:00,2010-07-30 12:42:00,4,875.01,448,70,70,265,218.7525,88.33333333333333,0.0,448.0,0.0,0,1
17110,2011-06-27 12:58:00,2010-04-08 13:32:00,3,499.9,136,38,3,444,166.63333333333333,222.0,0.0,136.0,0.0,0,1
17111,2010-10-10 15:21:00,2010-10-10 15:21:00,1,227.97,299,19,263,1,227.97,1.0,0.0,299.0,0.0,0,1
17112,2010-07-25 11:14:00,2010-07-25 11:14:00,1,197.57,130,44,340,1,197.57,1.0,0.0,130.0,0.0,0,1
17113,2010-05-14 13:59:00,2010-01-11 10:14:00,6,2305.59,913,122,412,123,384.26500000000004,24.6,99.0,913.0,0.10843373493975904,0,1
17114,2011-06-26 16:06:00,2011-01-09 11:39:00,5,489.94,136,60,4,168,97.988,42.0,9.0,136.0,0.0661764705882353,1,0
17115,2011-06-10 08:54:00,2009-12-05 12:13:00,6,2536.81,773,98,20,551,422.8016666666667,110.2,20.0,773.0,0.0258732212160414,0,1
17116,2010-03-01 16:29:00,2010-03-01 16:29:00,1,389.78,392,47,486,1,389.78,1.0,0.0,392.0,0.0,0,1
17117,2011-02-24 13:54:00,2011-02-24 13:54:00,1,116.19999999999999,68,9,126,1,116.19999999999999,1.0,0.0,68.0,0.0,0,1
17118,2011-01-26 12:19:00,2011-01-26 12:19:00,1,157.02,154,10,155,1,157.02,1.0,0.0,154.0,0.0,0,1
17120,2011-04-20 15:21:00,2011-04-20 15:21:00,1,307.46,120,18,71,1,307.46,1.0,0.0,120.0,0.0,0,1
17121,2010-11-02 11:47:00,2010-11-02 11:47:00,1,314.74,106,12,240,1,314.74,1.0,0.0,106.0,0.0,0,1
17122,2010-11-16 14:38:00,2010-07-28 09:34:00,3,432.18,288,19,226,111,144.06,55.5,0.0,288.0,0.0,1,0
17123,2010-09-26 12:06:00,2010-05-16 11:52:00,2,631.87,430,31,277,133,315.935,133.0,0.0,430.0,0.0,1,0
17124,2011-06-07 14:02:00,2011-06-07 14:02:00,1,294.24,129,31,23,1,294.24,1.0,0.0,129.0,0.0,0,1
17126,2011-02-13 12:05:00,2010-08-31 13:41:00,6,1528.65,908,221,137,165,254.775,33.0,1.0,908.0,0.0011013215859030838,3,0
17127,2010-10-07 09:54:00,2009-12-04 15:18:00,5,1155.0300000000002,340,27,266,306,231.00600000000003,76.5,0.0,340.0,0.0,0,1
17128,2011-01-09 12:02:00,2011-01-09 12:02:00,1,157.09,76,14,172,1,157.09,1.0,0.0,76.0,0.0,0,1
17129,2010-07-07 13:46:00,2010-07-07 13:46:00,1,31.85,5,2,358,1,31.85,1.0,0.0,5.0,0.0,0,1
17132,2010-09-13 16:31:00,2010-08-08 13:49:00,2,1220.9099999999999,963,62,290,36,610.4549999999999,36.0,0.0,963.0,0.0,0,1
17133,2011-06-02 14:46:00,2010-03-21 12:31:00,8,12208.880000000001,8502,21,28,438,1526.1100000000001,62.57142857142857,1088.0,8502.0,0.12796988943777934,1,0
17134,2011-03-20 11:56:00,2010-09-23 18:32:00,2,530.8,122,29,102,177,265.4,177.0,0.0,122.0,0.0,1,0
17135,2011-02-23 10:27:00,2010-05-09 16:03:00,5,1083.0,882,85,127,289,216.6,72.25,26.0,882.0,0.02947845804988662,0,1
17136,2010-02-15 13:13:00,2010-02-15 13:13:00,1,231.67999999999998,256,14,500,1,231.67999999999998,1.0,0.0,256.0,0.0,0,1
17137,2010-10-19 14:51:00,2010-01-31 12:27:00,6,1099.81,680,125,254,261,183.30166666666665,52.2,0.0,680.0,0.0,0,1
17138,2011-03-09 11:54:00,2010-02-04 14:19:00,7,4417.27,2024,234,113,397,631.0385714285715,66.16666666666667,0.0,2024.0,0.0,0,1
17139,2011-06-17 10:44:00,2010-01-11 11:31:00,19,14510.86,7169,362,13,521,763.7294736842106,28.944444444444443,5.0,7169.0,0.0006974473427256243,2,0
17140,2011-04-06 13:33:00,2011-04-06 13:33:00,1,454.12,296,16,85,1,454.12,1.0,0.0,296.0,0.0,0,1
17141,2010-10-17 14:54:00,2010-01-24 14:19:00,4,727.58,423,138,256,266,181.895,88.66666666666667,0.0,423.0,0.0,0,1
17142,2011-04-14 18:22:00,2010-01-24 15:23:00,4,1275.25,322,78,77,445,318.8125,148.33333333333334,0.0,322.0,0.0,0,1
17143,2010-10-18 15:27:00,2010-07-12 13:26:00,2,880.97,314,82,255,98,440.485,98.0,0.0,314.0,0.0,0,1
17145,2010-07-15 09:02:00,2010-02-19 12:07:00,4,3120.91,2591,168,350,145,780.2275,48.333333333333336,28.0,2591.0,0.010806638363566191,0,1
17146,2011-03-21 13:51:00,2010-02-02 09:39:00,12,5666.74,2184,162,101,412,472.2283333333333,37.45454545454545,16.0,2184.0,0.007326007326007326,1,0
17147,2011-05-17 10:57:00,2010-01-11 09:38:00,7,2458.47,943,74,44,491,351.21,81.83333333333333,13.0,943.0,0.013785790031813362,1,0
17149,2010-09-14 14:56:00,2010-09-14 14:56:00,1,143.10000000000002,18,6,289,1,143.10000000000002,1.0,0.0,18.0,0.0,0,1
17150,2010-11-28 11:27:00,2009-12-06 10:51:00,6,1357.95,397,64,214,357,226.32500000000002,71.4,0.0,397.0,0.0,0,1
17151,2009-12-04 14:56:00,2009-12-04 14:56:00,1,231.90000000000003,42,4,573,1,231.90000000000003,1.0,0.0,42.0,0.0,0,1
17152,2011-05-29 12:19:00,2010-10-10 12:40:00,4,2016.5,577,9,32,230,504.125,76.66666666666667,40.0,577.0,0.06932409012131716,0,1
17155,2011-06-15 10:22:00,2009-12-03 11:34:00,6,784.0600000000001,899,33,15,558,130.67666666666668,111.6,0.0,899.0,0.0,0,1
17156,2010-08-05 11:30:00,2010-08-05 11:30:00,1,591.87,391,39,329,1,591.87,1.0,6.0,391.0,0.015345268542199489,0,1
17157,2011-06-16 15:08:00,2009-12-04 13:00:00,18,4994.36,2022,75,14,559,277.46444444444444,32.88235294117647,3.0,2022.0,0.001483679525222552,0,1
17158,2011-04-21 10:12:00,2010-03-07 15:50:00,4,1411.58,830,61,70,409,352.895,136.33333333333334,4.0,830.0,0.004819277108433735,0,1
17159,2011-06-21 09:49:00,2010-03-04 14:53:00,3,1089.16,542,51,9,473,363.05333333333334,236.5,0.0,542.0,0.0,1,0
17160,2011-04-28 13:18:00,2009-12-04 10:57:00,13,7896.2,6485,184,63,510,607.4,42.5,4.0,6485.0,0.0006168080185042405,3,0
17161,2010-09-21 16:44:00,2010-09-21 16:44:00,1,856.01,537,52,282,1,856.01,1.0,0.0,537.0,0.0,0,1
17162,2011-06-02 09:04:00,2011-02-07 12:27:00,8,1165.28,689,70,28,114,145.66,16.285714285714285,1.0,689.0,0.001451378809869376,1,0
17163,2010-09-20 10:08:00,2010-02-02 10:39:00,2,406.68,465,24,283,229,203.34,229.0,0.0,465.0,0.0,1,0
17164,2011-05-11 09:28:00,2011-03-11 14:26:00,2,943.22,602,49,50,60,471.61,60.0,0.0,602.0,0.0,2,0
17165,2011-02-28 16:39:00,2009-12-11 09:18:00,6,1794.32,788,77,122,444,299.05333333333334,88.8,3.0,788.0,0.0038071065989847717,0,1
17166,2011-05-20 08:18:00,2011-05-20 08:18:00,1,127.59,57,10,41,1,127.59,1.0,3.0,57.0,0.05263157894736842,0,1
17167,2010-11-25 10:05:00,2010-09-20 14:02:00,3,867.11,429,64,217,65,289.0366666666667,32.5,0.0,429.0,0.0,0,1
17168,2010-07-29 12:33:00,2010-07-29 12:33:00,1,400.2,220,21,336,1,400.2,1.0,0.0,220.0,0.0,0,1
17169,2011-06-09 13:16:00,2010-05-10 13:00:00,2,629.63,247,31,21,395,314.815,395.0,8.0,247.0,0.032388663967611336,0,1
17170,2010-11-30 15:55:00,2010-11-15 16:23:00,2,178.68,152,8,212,14,89.34,14.0,6.0,152.0,0.039473684210526314,0,1
17171,2011-02-23 16:37:00,2010-02-16 12:02:00,2,384.59,225,25,127,372,192.295,372.0,0.0,225.0,0.0,0,1
17172,2010-10-05 12:02:00,2009-12-13 11:46:00,2,638.81,735,24,268,296,319.405,296.0,16.0,735.0,0.021768707482993196,1,0
17174,2011-05-06 11:47:00,2011-05-06 11:47:00,1,59.9,41,4,55,1,59.9,1.0,0.0,41.0,0.0,0,1
17175,2011-06-12 12:08:00,2011-02-16 14:56:00,2,821.7,514,30,18,115,410.85,115.0,0.0,514.0,0.0,1,0
17176,2011-05-22 12:41:00,2010-01-31 15:49:00,3,902.3199999999999,576,37,39,475,300.7733333333333,237.5,0.0,576.0,0.0,0,1
17177,2010-07-22 14:53:00,2010-07-22 14:53:00,1,119.5,40,29,343,1,119.5,1.0,0.0,40.0,0.0,0,1
17178,2009-12-08 16:20:00,2009-12-08 16:20:00,1,432.96,100,31,569,1,432.96,1.0,0.0,100.0,0.0,0,1
17179,2011-06-14 16:48:00,2010-05-26 11:22:00,6,1507.26,625,75,16,384,251.21,76.8,0.0,625.0,0.0,0,1
17180,2011-04-12 16:20:00,2010-01-21 17:43:00,10,2005.6,1655,179,79,445,200.56,49.44444444444444,6.0,1655.0,0.0036253776435045317,0,1
17181,2010-12-01 12:38:00,2010-04-23 11:21:00,2,225.45000000000002,243,7,211,222,112.72500000000001,222.0,0.0,243.0,0.0,0,1
17182,2010-10-13 10:09:00,2009-12-21 15:22:00,2,321.3,54,4,260,295,160.65,295.0,0.0,54.0,0.0,0,1
17184,2010-05-19 14:24:00,2009-12-09 14:17:00,2,198.41000000000003,73,14,407,161,99.20500000000001,161.0,0.0,73.0,0.0,0,1
17185,2010-04-27 12:15:00,2010-04-20 13:49:00,3,229.46,119,38,429,6,76.48666666666666,3.0,0.0,119.0,0.0,0,1
17187,2011-04-27 12:39:00,2010-07-01 14:38:00,2,467.71,426,21,64,299,233.855,299.0,0.0,426.0,0.0,0,1
17188,2011-06-28 14:51:00,2009-12-08 19:16:00,11,3933.79,2212,119,2,566,357.61727272727273,56.6,34.0,2212.0,0.015370705244122965,0,1
17189,2010-12-15 17:28:00,2009-12-02 11:45:00,4,796.45,477,87,197,378,199.1125,126.0,0.0,477.0,0.0,1,0
17190,2011-05-16 15:29:00,2010-03-05 13:21:00,6,1476.83,2058,144,45,437,246.13833333333332,87.4,1.0,2058.0,0.00048590864917395527,0,1
17191,2011-06-01 12:13:00,2009-12-01 16:34:00,13,3392.36,1681,224,29,546,260.95076923076925,45.5,2.0,1681.0,0.001189767995240928,1,0
17192,2010-06-21 16:07:00,2010-06-21 16:07:00,1,75.28,45,20,374,1,75.28,1.0,0.0,45.0,0.0,0,1
17193,2011-06-16 10:23:00,2009-12-02 10:02:00,4,1059.3,558,16,14,561,264.825,187.0,38.0,558.0,0.06810035842293907,1,0
17194,2011-03-11 12:05:00,2010-06-27 13:16:00,3,812.5,420,57,111,256,270.8333333333333,128.0,0.0,420.0,0.0,0,1
17195,2010-02-22 13:05:00,2010-02-22 13:05:00,1,562.98,486,31,493,1,562.98,1.0,0.0,486.0,0.0,0,1
17196,2010-10-08 11:31:00,2010-10-08 11:31:00,1,327.75,154,84,265,1,327.75,1.0,0.0,154.0,0.0,0,1
17198,2010-12-09 13:34:00,2010-12-03 14:54:00,2,521.66,242,73,203,5,260.83,5.0,0.0,242.0,0.0,0,1
17199,2010-05-06 13:53:00,2010-05-06 13:53:00,1,135.04,232,8,420,1,135.04,1.0,0.0,232.0,0.0,0,1
17200,2010-11-17 13:04:00,2010-02-25 13:23:00,4,356.71,367,25,225,264,89.1775,88.0,0.0,367.0,0.0,0,1
17201,2010-07-04 11:40:00,2010-02-10 12:26:00,3,853.3199999999999,773,119,361,143,284.44,71.5,24.0,773.0,0.031047865459249677,0,1
17202,2010-10-15 11:25:00,2010-10-15 11:25:00,1,160.65,55,8,258,1,160.65,1.0,0.0,55.0,0.0,0,1
17203,2010-11-16 13:07:00,2010-11-16 12:52:00,4,2004.01,1751,84,226,1,501.0025,0.3333333333333333,0.0,1751.0,0.0,0,1
17204,2011-06-17 14:46:00,2010-06-10 11:37:00,9,5504.6900000000005,2651,110,13,372,611.6322222222223,46.5,60.0,2651.0,0.022632968691059976,0,1
17205,2010-10-19 16:11:00,2010-05-24 15:36:00,2,615.27,1330,18,254,148,307.635,148.0,0.0,1330.0,0.0,0,1
17207,2010-02-25 19:08:00,2010-02-25 19:08:00,1,292.62,233,55,490,1,292.62,1.0,0.0,233.0,0.0,0,1
17208,2010-11-09 12:50:00,2010-11-09 12:50:00,1,111.15,101,21,233,1,111.15,1.0,0.0,101.0,0.0,0,1
17209,2010-02-28 16:01:00,2009-12-03 11:10:00,3,595.7,723,36,487,87,198.5666666666667,43.5,0.0,723.0,0.0,0,1
17210,2010-11-12 12:15:00,2010-11-12 12:15:00,1,251.72,242,47,230,1,251.72,1.0,0.0,242.0,0.0,0,1
17211,2011-06-12 13:21:00,2009-12-13 13:17:00,11,2921.02,1611,176,18,546,265.54727272727274,54.6,17.0,1611.0,0.010552451893234015,0,1
17212,2011-03-31 19:42:00,2010-08-10 09:22:00,3,794.41,727,29,91,233,264.80333333333334,116.5,0.0,727.0,0.0,0,1
17213,2011-01-27 14:07:00,2009-12-15 10:28:00,9,3025.12,1234,91,154,408,336.1244444444444,51.0,22.0,1234.0,0.017828200972447326,2,0
17214,2011-04-04 16:28:00,2010-12-15 15:14:00,4,611.97,177,56,87,110,152.9925,36.666666666666664,0.0,177.0,0.0,1,0
17215,2010-09-01 13:39:00,2010-09-01 13:39:00,1,186.15,104,11,302,1,186.15,1.0,0.0,104.0,0.0,0,1
17216,2010-06-03 13:03:00,2010-06-03 13:03:00,1,63.6,21,13,392,1,63.6,1.0,0.0,21.0,0.0,0,1
17217,2011-04-19 17:19:00,2010-03-30 13:35:00,2,210.1,93,27,72,385,105.05,385.0,0.0,93.0,0.0,0,1
17218,2011-05-09 16:59:00,2010-01-25 16:12:00,13,2883.0,1505,193,52,469,221.76923076923077,39.083333333333336,0.0,1505.0,0.0,2,0
17219,2010-10-19 11:29:00,2010-10-19 11:29:00,1,144.9,99,24,254,1,144.9,1.0,0.0,99.0,0.0,0,1
17220,2011-05-17 13:44:00,2010-01-20 11:57:00,12,2732.59,1461,277,44,482,227.71583333333334,43.81818181818182,0.0,1461.0,0.0,6,0
17221,2010-04-27 10:27:00,2010-04-11 15:34:00,3,642.14,426,58,429,15,214.04666666666665,7.5,0.0,426.0,0.0,0,1
17222,2010-08-19 13:48:00,2010-01-10 15:24:00,5,1250.86,735,71,315,220,250.17199999999997,55.0,0.0,735.0,0.0,0,1
17223,2011-02-02 15:57:00,2010-11-29 17:19:00,3,558.04,155,62,148,64,186.01333333333332,32.0,0.0,155.0,0.0,0,1
17224,2010-07-26 13:30:00,2010-07-26 13:30:00,1,100.86,65,8,339,1,100.86,1.0,0.0,65.0,0.0,0,1
17225,2010-05-07 11:38:00,2010-05-07 11:38:00,1,131.15,36,5,419,1,131.15,1.0,0.0,36.0,0.0,0,1
17226,2011-02-04 11:52:00,2010-02-12 14:31:00,3,895.47,853,51,146,356,298.49,178.0,0.0,853.0,0.0,0,1
17227,2011-06-20 10:13:00,2010-01-15 15:05:00,9,1413.3600000000001,1236,50,10,520,157.04000000000002,65.0,0.0,1236.0,0.0,1,0
17228,2011-05-16 10:40:00,2010-03-12 11:54:00,9,1601.52,1433,132,45,429,177.94666666666666,53.625,0.0,1433.0,0.0,1,0
17230,2011-03-20 16:12:00,2009-12-08 13:41:00,18,9388.49,3753,141,102,467,521.5827777777778,27.470588235294116,104.0,3753.0,0.027711164401811882,0,1
17231,2011-06-02 19:50:00,2009-12-07 16:38:00,21,5644.83,2861,436,28,542,268.8014285714286,27.1,17.0,2862.0,0.005939902166317261,1,0
17233,2010-09-17 13:20:00,2009-12-15 12:03:00,2,369.98,167,32,286,276,184.99,276.0,0.0,167.0,0.0,0,1
17234,2011-06-10 11:20:00,2011-06-10 11:20:00,1,149.89000000000001,55,14,20,1,149.89000000000001,1.0,0.0,55.0,0.0,0,1
17235,2010-12-02 13:38:00,2010-06-04 17:01:00,7,1354.82,747,41,210,180,193.54571428571427,30.0,0.0,747.0,0.0,0,1
17236,2011-06-13 15:47:00,2010-03-07 13:00:00,11,1710.86,730,97,17,463,155.53272727272727,46.3,0.0,730.0,0.0,0,1
17237,2010-11-29 11:51:00,2010-11-23 11:45:00,2,679.44,309,58,213,6,339.72,6.0,0.0,309.0,0.0,0,1
17238,2011-06-08 10:43:00,2009-12-01 10:59:00,24,5144.41,2419,402,22,553,214.35041666666666,24.043478260869566,0.0,2419.0,0.0,3,0
17239,2011-01-31 09:41:00,2010-07-01 10:53:00,4,1189.45,515,18,150,213,297.3625,71.0,2.0,515.0,0.003883495145631068,0,1
17240,2010-04-22 15:44:00,2010-04-22 15:44:00,1,130.6,108,7,434,1,130.6,1.0,0.0,108.0,0.0,0,1
17241,2010-11-19 13:01:00,2010-02-15 14:47:00,12,2736.64,859,116,223,276,228.0533333333333,25.09090909090909,0.0,859.0,0.0,0,1
17242,2011-06-12 13:04:00,2010-01-24 10:27:00,4,2463.68,1259,43,18,504,615.92,168.0,0.0,1259.0,0.0,1,0
17243,2011-06-14 12:21:00,2009-12-01 15:36:00,55,14873.03,5751,302,16,559,270.41872727272727,10.351851851851851,23.0,5751.0,0.003999304468788037,5,0
17244,2010-11-21 13:53:00,2009-12-06 11:27:00,4,871.14,803,85,221,350,217.785,116.66666666666667,0.0,803.0,0.0,0,1
17245,2011-05-19 10:43:00,2010-01-19 15:39:00,2,371.63,307,24,42,484,185.815,484.0,0.0,307.0,0.0,0,1
17246,2010-06-11 12:36:00,2009-12-01 17:45:00,2,38.92,36,6,384,191,19.46,191.0,0.0,36.0,0.0,0,1
17248,2010-08-15 11:55:00,2010-08-15 11:55:00,1,181.89000000000001,63,34,319,1,181.89000000000001,1.0,0.0,63.0,0.0,1,0
17249,2010-10-07 11:33:00,2010-10-07 11:33:00,1,68.03,79,27,266,1,68.03,1.0,0.0,79.0,0.0,0,1
17250,2011-03-23 16:45:00,2011-03-23 16:45:00,1,162.65,70,23,99,1,162.65,1.0,0.0,70.0,0.0,0,1
17251,2010-12-12 11:06:00,2009-12-15 10:36:00,3,798.98,377,65,200,362,266.32666666666665,181.0,2.0,377.0,0.005305039787798408,0,1
17252,2011-06-06 16:41:00,2011-06-06 16:41:00,1,337.01,190,85,24,1,337.01,1.0,0.0,190.0,0.0,1,0
17254,2010-11-03 14:00:00,2010-11-03 14:00:00,1,198.29,146,36,239,1,198.29,1.0,0.0,146.0,0.0,0,1
17255,2011-02-13 15:18:00,2010-09-19 15:53:00,3,598.48,429,131,137,146,199.49333333333334,73.0,0.0,429.0,0.0,0,1
17256,2011-01-31 14:53:00,2010-04-18 13:40:00,4,386.83,226,18,150,288,96.7075,96.0,0.0,226.0,0.0,1,0
17257,2010-09-29 12:51:00,2010-09-29 12:49:00,2,189.78,187,14,274,1,94.89,1.0,0.0,187.0,0.0,0,1
17258,2010-11-08 12:37:00,2010-02-12 15:51:00,2,417.3,188,46,234,268,208.65,268.0,0.0,188.0,0.0,0,1
17259,2010-12-06 12:55:00,2010-02-22 13:38:00,5,1239.11,712,159,206,286,247.82199999999997,71.5,0.0,712.0,0.0,1,0
17260,2010-10-24 13:21:00,2010-10-24 13:21:00,1,120.95,23,6,249,1,120.95,1.0,0.0,23.0,0.0,0,1
17261,2010-07-18 11:49:00,2010-07-18 11:49:00,1,221.59,95,43,347,1,221.59,1.0,0.0,95.0,0.0,0,1
17262,2011-04-26 15:58:00,2009-12-15 11:26:00,10,2190.76,595,10,65,497,219.07600000000002,55.22222222222222,0.0,595.0,0.0,0,1
17263,2011-05-15 14:32:00,2011-05-15 14:32:00,1,63.440000000000005,36,23,46,1,63.440000000000005,1.0,0.0,36.0,0.0,0,1
17264,2010-10-11 12:52:00,2010-10-11 12:52:00,1,268.28,217,70,262,1,268.28,1.0,0.0,217.0,0.0,0,1
17265,2011-06-12 12:00:00,2011-06-12 12:00:00,1,377.84000000000003,214,72,18,1,377.84000000000003,1.0,0.0,214.0,0.0,1,0
17266,2010-07-28 16:39:00,2010-03-09 10:42:00,2,205.14,90,43,337,141,102.57,141.0,0.0,90.0,0.0,1,0
17268,2011-04-10 10:16:00,2009-12-08 11:46:00,9,1246.73,935,24,81,487,138.52555555555557,60.875,0.0,935.0,0.0,2,0
17269,2010-11-19 11:12:00,2010-11-19 11:12:00,1,491.81,314,110,223,1,491.81,1.0,0.0,314.0,0.0,0,1
17270,2010-08-27 14:09:00,2009-12-07 17:18:00,2,601.4499999999999,420,45,307,262,300.72499999999997,262.0,0.0,420.0,0.0,0,1
17271,2009-12-03 13:49:00,2009-12-03 13:49:00,1,204.3,113,46,574,1,204.3,1.0,0.0,113.0,0.0,0,1
17272,2011-05-24 13:46:00,2011-03-22 12:05:00,2,1409.44,1161,59,37,63,704.72,63.0,2.0,1161.0,0.0017226528854435831,0,1
17273,2010-10-11 15:57:00,2010-10-11 15:57:00,1,141.12,133,12,262,1,141.12,1.0,0.0,133.0,0.0,0,1
17274,2010-11-09 12:06:00,2010-11-09 12:06:00,1,465.4,194,52,233,1,465.4,1.0,0.0,194.0,0.0,0,1
17275,2010-11-21 13:26:00,2010-11-21 13:26:00,1,114.1,71,23,221,1,114.1,1.0,0.0,71.0,0.0,0,1
17276,2010-11-02 16:20:00,2010-11-02 16:20:00,1,502.49,187,50,240,1,502.49,1.0,5.0,187.0,0.026737967914438502,0,1
17277,2011-04-26 12:47:00,2011-01-21 12:37:00,2,1065.3500000000001,430,67,65,95,532.6750000000001,95.0,0.0,430.0,0.0,0,1
17278,2011-04-12 13:10:00,2010-05-23 13:49:00,2,271.24,195,17,79,323,135.62,323.0,0.0,195.0,0.0,0,1
17280,2010-09-27 16:46:00,2010-09-27 16:46:00,1,118.85999999999999,74,6,276,1,118.85999999999999,1.0,0.0,74.0,0.0,0,1
17281,2010-11-30 18:05:00,2010-02-04 13:00:00,6,797.8499999999999,295,2,212,299,132.975,59.8,0.0,295.0,0.0,0,1
17282,2011-06-19 10:20:00,2010-06-09 12:07:00,4,1621.54,1416,168,11,374,405.385,124.66666666666667,0.0,1416.0,0.0,1,0
17283,2010-11-26 11:53:00,2010-11-26 11:53:00,1,188.46,179,15,216,1,188.46,1.0,0.0,179.0,0.0,0,1
17284,2011-06-26 11:47:00,2010-09-20 16:18:00,6,2356.65,1757,245,4,278,392.77500000000003,55.6,4.0,1757.0,0.0022766078542970974,1,0
17285,2010-03-21 13:38:00,2010-02-14 14:10:00,2,407.94,134,41,466,34,203.97,34.0,0.0,134.0,0.0,0,1
17286,2010-11-04 13:52:00,2010-11-04 13:43:00,2,237.81,251,46,238,1,118.905,1.0,0.0,251.0,0.0,0,1
17287,2011-05-18 09:35:00,2009-12-03 12:45:00,18,3278.14,1639,243,43,530,182.11888888888888,31.176470588235293,4.0,1639.0,0.0024405125076266015,2,0
17288,2011-05-16 14:32:00,2010-11-10 14:44:00,9,1714.5,1160,139,45,186,190.5,23.25,0.0,1160.0,0.0,0,1
17289,2011-06-12 13:51:00,2010-03-08 12:52:00,7,1275.23,856,152,18,461,182.1757142857143,76.83333333333333,1.0,856.0,0.0011682242990654205,0,1
17290,2010-11-23 11:13:00,2009-12-13 13:28:00,6,974.95,742,96,219,344,162.49166666666667,68.8,0.0,742.0,0.0,0,1
17291,2011-02-04 13:04:00,2011-02-04 13:04:00,1,550.8000000000001,72,1,146,1,550.8000000000001,1.0,0.0,72.0,0.0,0,1
17292,2010-08-24 17:14:00,2010-05-09 14:52:00,2,271.75,131,14,310,107,135.875,107.0,0.0,131.0,0.0,0,1
17293,2011-02-04 15:54:00,2009-12-03 15:09:00,10,2365.92,1396,91,146,428,236.592,47.55555555555556,0.0,1396.0,0.0,4,0
17294,2010-02-08 16:12:00,2010-02-08 14:21:00,2,467.78999999999996,297,17,507,1,233.89499999999998,1.0,0.0,297.0,0.0,0,1
17296,2009-12-09 14:01:00,2009-12-09 14:01:00,1,338.13,216,32,568,1,338.13,1.0,0.0,216.0,0.0,0,1
17298,2010-11-30 17:55:00,2010-03-08 08:56:00,3,455.84000000000003,465,38,212,267,151.9466666666667,133.5,12.0,465.0,0.025806451612903226,2,0
17299,2011-06-19 16:04:00,2010-08-15 16:00:00,3,488.25,479,66,11,308,162.75,154.0,0.0,479.0,0.0,2,0
17300,2010-11-14 10:56:00,2010-08-15 11:02:00,2,393.64,467,37,228,90,196.82,90.0,0.0,467.0,0.0,0,1
17301,2010-03-25 13:16:00,2010-03-25 13:16:00,1,131.15,79,52,462,1,131.15,1.0,0.0,79.0,0.0,0,1
17302,2011-05-15 11:29:00,2011-02-07 10:14:00,2,303.12,190,35,46,97,151.56,97.0,0.0,190.0,0.0,1,0
17303,2010-12-13 13:32:00,2010-12-13 13:32:00,1,250.04,144,53,199,1,250.04,1.0,0.0,144.0,0.0,0,1
17304,2010-06-23 16:23:00,2010-06-23 16:23:00,1,111.5,73,5,372,1,111.5,1.0,0.0,73.0,0.0,0,1
17305,2010-03-01 12:47:00,2010-03-01 12:47:00,1,2135.46,1006,9,486,1,2135.46,1.0,0.0,1006.0,0.0,0,1
17306,2011-06-17 09:12:00,2010-11-01 11:38:00,13,5625.68,8784,13,13,227,432.74461538461543,18.916666666666668,21.0,8784.0,0.0023907103825136613,5,0
17307,2010-11-09 13:40:00,2010-01-19 16:38:00,11,3999.8900000000003,3667,22,233,293,363.6263636363637,29.3,434.0,3667.0,0.1183528770111808,0,1
17308,2010-11-11 13:19:00,2010-09-13 09:35:00,2,4511.76,5148,5,231,59,2255.88,59.0,0.0,5148.0,0.0,0,1
17309,2010-11-23 13:47:00,2010-02-04 15:49:00,2,237.64000000000001,140,22,219,291,118.82000000000001,291.0,0.0,140.0,0.0,1,0
17310,2010-11-17 16:00:00,2010-06-23 11:38:00,2,1025.1,402,1,225,147,512.55,147.0,0.0,402.0,0.0,0,1
17311,2011-01-27 10:56:00,2010-02-03 12:38:00,5,2738.17,2160,93,154,357,547.634,89.25,46.0,2160.0,0.021296296296296296,1,0
17314,2011-06-23 14:35:00,2009-12-03 11:25:00,13,3680.56,2656,138,7,567,283.12,47.25,434.0,2656.0,0.16340361445783133,1,0
17315,2011-06-01 12:05:00,2010-09-27 12:45:00,25,6219.8,3086,316,29,246,248.792,10.25,21.0,3086.0,0.006804925469863901,12,0
17316,2010-10-15 14:35:00,2010-10-15 14:35:00,1,124.45,44,35,258,1,124.45,1.0,0.0,44.0,0.0,0,1
17318,2009-12-14 13:11:00,2009-12-14 13:11:00,1,157.32999999999998,59,17,563,1,157.32999999999998,1.0,0.0,59.0,0.0,0,1
17319,2010-02-08 15:47:00,2010-02-08 15:47:00,1,29.1,14,3,507,1,29.1,1.0,0.0,14.0,0.0,0,1
17320,2011-04-17 14:09:00,2010-01-21 16:29:00,5,2154.33,1014,67,74,450,430.866,112.5,0.0,1014.0,0.0,1,0
17321,2010-11-10 12:56:00,2010-05-11 12:10:00,4,1008.05,426,159,232,183,252.0125,61.0,0.0,426.0,0.0,0,1
17322,2010-11-28 14:41:00,2009-12-03 11:46:00,5,922.59,631,115,214,360,184.518,90.0,7.0,631.0,0.011093502377179081,0,1
17323,2011-06-26 12:04:00,2010-01-10 11:58:00,8,1070.96,1076,140,4,532,133.87,76.0,2.0,1076.0,0.0018587360594795538,1,0
17324,2011-01-12 11:21:00,2009-12-18 15:29:00,10,1886.82,1248,85,169,389,188.682,43.22222222222222,36.0,1248.0,0.028846153846153848,0,1
17325,2011-03-04 13:09:00,2010-03-08 11:31:00,3,609.5699999999999,465,39,118,361,203.18999999999997,180.5,0.0,465.0,0.0,0,1
17326,2010-10-27 15:38:00,2010-06-28 14:05:00,2,312.35,136,82,246,121,156.175,121.0,0.0,136.0,0.0,0,1
17327,2010-10-26 09:54:00,2010-05-26 11:20:00,2,152.35,59,3,247,152,76.175,152.0,0.0,59.0,0.0,0,1
17328,2010-02-04 17:11:00,2010-02-04 17:11:00,1,104.7,86,6,511,1,104.7,1.0,0.0,86.0,0.0,0,1
17329,2011-01-28 15:29:00,2009-12-03 16:09:00,4,718.78,355,73,153,420,179.695,140.0,0.0,355.0,0.0,0,1
17330,2010-06-13 12:34:00,2010-03-02 09:20:00,2,59.900000000000006,2,2,382,103,29.950000000000003,103.0,0.0,2.0,0.0,0,1
17332,2010-06-29 16:10:00,2010-02-21 14:41:00,5,838.27,794,82,366,128,167.654,32.0,0.0,794.0,0.0,0,1
17334,2011-02-10 14:59:00,2010-10-29 12:16:00,3,635.15,566,20,140,104,211.71666666666667,52.0,1.0,566.0,0.0017667844522968198,0,1
17335,2010-11-21 10:17:00,2010-01-24 11:15:00,2,497.04,210,34,221,300,248.52,300.0,0.0,210.0,0.0,0,1
17336,2010-08-24 15:37:00,2010-08-24 15:37:00,1,81.12,48,1,310,1,81.12,1.0,0.0,48.0,0.0,0,1
17337,2011-05-12 20:13:00,2011-02-02 17:06:00,3,1948.11,1222,421,49,99,649.37,49.5,28.0,1222.0,0.022913256955810146,1,0
17338,2011-05-18 15:35:00,2010-03-10 16:09:00,14,9016.64,4310,478,43,433,644.0457142857142,33.30769230769231,11.0,4310.0,0.002552204176334107,2,0
17339,2010-12-09 14:44:00,2010-07-18 13:08:00,2,119.0,36,5,203,144,59.5,144.0,20.0,36.0,0.5555555555555556,1,0
17340,2011-05-31 10:32:00,2010-02-14 14:54:00,11,13067.47,6728,244,30,470,1187.9518181818182,47.0,65.0,6728.0,0.009661117717003568,6,0
17341,2010-12-08 12:46:00,2010-06-17 18:17:00,3,1006.53,634,180,204,173,335.51,86.5,0.0,634.0,0.0,2,0
17342,2010-11-25 11:07:00,2010-02-08 09:16:00,4,1227.54,521,31,217,290,306.885,96.66666666666667,22.0,521.0,0.04222648752399232,0,1
17343,2010-12-19 15:07:00,2009-12-03 18:30:00,6,1259.94,454,61,193,380,209.99,76.0,0.0,454.0,0.0,0,1
17344,2009-12-11 12:31:00,2009-12-11 12:31:00,1,299.74,135,36,566,1,299.74,1.0,2.0,135.0,0.014814814814814815,0,1
17345,2011-05-27 12:29:00,2009-12-01 16:17:00,8,1192.32,1728,128,34,541,149.04,77.28571428571429,59.0,1728.0,0.03414351851851852,1,0
17346,2011-06-14 12:06:00,2010-04-18 12:18:00,18,3452.99,2655,383,16,421,191.83277777777778,24.764705882352942,0.0,2655.0,0.0,1,0
17348,2011-02-15 10:49:00,2010-03-10 12:13:00,5,1445.84,1567,206,135,341,289.168,85.25,0.0,1567.0,0.0,1,0
17349,2011-06-13 14:29:00,2010-03-18 14:26:00,5,772.41,772,74,17,452,154.482,113.0,0.0,772.0,0.0,0,1
17350,2010-11-10 16:15:00,2010-02-01 15:38:00,3,612.381,408,65,232,282,204.12699999999998,141.0,0.0,408.0,0.0,0,1
17351,2011-06-23 19:29:00,2009-12-10 18:43:00,11,1828.38,362,41,7,560,166.21636363636364,56.0,0.0,362.0,0.0,0,1
17352,2010-01-12 16:13:00,2010-01-12 16:13:00,1,36.25,15,5,534,1,36.25,1.0,0.0,15.0,0.0,0,1
17353,2010-08-05 08:54:00,2010-03-25 12:52:00,2,1502.0,968,6,329,132,751.0,132.0,32.0,968.0,0.03305785123966942,2,0
17354,2010-10-07 13:42:00,2010-10-07 13:22:00,3,1740.8999999999999,1525,73,266,1,580.3,0.5,0.0,1525.0,0.0,0,1
17355,2010-11-18 13:18:00,2010-11-18 13:18:00,1,273.31,249,28,224,1,273.31,1.0,0.0,249.0,0.0,0,1
17356,2011-02-01 11:07:00,2010-01-20 12:14:00,5,946.47,925,73,149,376,189.294,94.0,0.0,925.0,0.0,0,1
17358,2011-02-09 16:57:00,2010-02-24 16:42:00,5,861.01,430,126,141,350,172.202,87.5,0.0,430.0,0.0,0,1
17359,2010-03-01 14:48:00,2010-03-01 14:48:00,1,156.6,76,23,486,1,156.6,1.0,0.0,76.0,0.0,0,1
17360,2011-06-08 17:09:00,2010-10-01 12:07:00,4,953.17,460,137,22,250,238.2925,83.33333333333333,1.0,460.0,0.002173913043478261,0,1
17361,2011-06-06 14:02:00,2010-02-01 14:30:00,4,647.51,286,41,24,489,161.8775,163.0,0.0,286.0,0.0,0,1
17362,2011-04-14 14:43:00,2010-01-06 10:53:00,7,1024.04,549,99,77,463,146.29142857142855,77.16666666666667,2.0,549.0,0.0036429872495446266,0,1
17363,2010-11-09 17:11:00,2010-11-02 17:25:00,3,920.46,499,34,233,6,306.82,3.0,0.0,499.0,0.0,0,1
17364,2011-05-19 12:50:00,2009-12-07 15:28:00,22,9595.69,6012,387,42,527,436.1677272727273,25.095238095238095,23.0,6012.0,0.0038256819693945443,1,0
17365,2011-06-23 10:44:00,2010-02-01 11:56:00,12,5753.94,5800,320,7,506,479.49499999999995,46.0,3.0,5800.0,0.0005172413793103448,1,0
17366,2010-10-03 16:04:00,2010-09-09 19:46:00,2,1077.24,504,120,270,23,538.62,23.0,1.0,504.0,0.001984126984126984,0,1
17367,2011-04-15 14:21:00,2011-04-15 14:21:00,1,167.55,149,33,76,1,167.55,1.0,0.0,149.0,0.0,0,1
17368,2011-06-19 11:42:00,2009-12-15 17:45:00,11,2463.69,2218,158,11,550,223.97181818181818,55.0,716.0,2218.0,0.32281334535617673,1,0
17369,2010-09-10 09:49:00,2010-09-10 09:49:00,1,979.1999999999999,1152,1,293,1,979.1999999999999,1.0,0.0,1152.0,0.0,0,1
17370,2011-06-23 11:50:00,2011-06-23 11:50:00,1,110.69999999999999,78,8,7,1,110.69999999999999,1.0,0.0,78.0,0.0,3,0
17371,2010-12-13 15:20:00,2009-12-08 12:25:00,4,329.11,169,62,199,370,82.2775,123.33333333333333,0.0,169.0,0.0,0,1
17372,2011-06-26 14:06:00,2009-12-03 18:41:00,26,4065.76,1708,384,4,569,156.37538461538463,22.76,49.0,1708.0,0.028688524590163935,0,1
17373,2011-01-31 11:46:00,2010-02-28 14:17:00,4,665.83,419,44,150,336,166.4575,112.0,0.0,419.0,0.0,2,0
17374,2011-05-05 09:05:00,2010-11-09 17:14:00,3,727.11,155,34,56,176,242.37,88.0,2.0,155.0,0.012903225806451613,0,1
17375,2011-05-24 15:45:00,2010-10-04 09:14:00,4,660.55,480,77,37,232,165.1375,77.33333333333333,6.0,480.0,0.0125,0,1
17376,2011-02-01 14:12:00,2010-07-05 11:11:00,3,356.29,193,37,149,211,118.76333333333334,105.5,0.0,193.0,0.0,1,0
17377,2011-06-19 12:29:00,2009-12-02 12:39:00,66,15316.64,6023,429,11,563,232.07030303030302,8.661538461538461,49.0,6023.0,0.008135480657479661,3,0
17378,2010-11-30 18:46:00,2010-11-30 18:46:00,1,10.95,1,1,212,1,10.95,1.0,1.0,1.0,1.0,0,1
17380,2010-10-01 16:42:00,2010-06-23 11:24:00,3,645.0,252,5,272,100,215.0,50.0,1.0,252.0,0.003968253968253968,0,1
17381,2011-06-13 09:44:00,2010-06-09 12:55:00,27,30455.01,34489,49,17,368,1127.9633333333334,14.153846153846153,0.0,34489.0,0.0,6,0
17382,2010-09-30 10:53:00,2010-05-19 11:33:00,7,836.88,432,14,273,133,119.55428571428571,22.166666666666668,0.0,432.0,0.0,0,1
17383,2010-09-12 14:54:00,2010-09-12 14:54:00,1,110.69999999999999,12,2,291,1,110.69999999999999,1.0,0.0,12.0,0.0,0,1
17384,2011-05-04 16:07:00,2010-08-29 16:01:00,2,398.8,76,7,57,248,199.4,248.0,0.0,76.0,0.0,0,1
17386,2011-06-27 13:51:00,2010-11-19 13:40:00,3,739.6700000000001,353,15,3,220,246.5566666666667,110.0,0.0,353.0,0.0,3,0
17388,2011-05-12 13:41:00,2009-12-10 11:45:00,9,2179.01,2207,29,49,518,242.11222222222224,64.75,0.0,2207.0,0.0,2,0
17389,2011-06-29 09:09:00,2009-12-04 12:06:00,44,31220.45,11748,57,1,571,709.5556818181818,13.279069767441861,335.0,11748.0,0.028515491998638065,9,0
17390,2010-10-15 11:29:00,2010-10-15 11:29:00,1,149.3,49,12,258,1,149.3,1.0,0.0,49.0,0.0,0,1
17391,2011-06-29 09:58:00,2011-06-28 12:21:00,2,508.8,480,2,1,1,254.4,1.0,0.0,480.0,0.0,0,1
17392,2011-02-06 12:48:00,2010-09-15 16:17:00,3,585.92,450,66,144,143,195.30666666666664,71.5,0.0,450.0,0.0,0,1
17393,2010-10-25 11:10:00,2010-08-08 15:53:00,2,381.15,238,45,248,77,190.575,77.0,0.0,238.0,0.0,0,1
17394,2011-05-04 13:22:00,2011-05-04 13:22:00,1,203.86999999999998,241,4,57,1,203.86999999999998,1.0,0.0,241.0,0.0,0,1
17395,2010-07-19 15:34:00,2010-07-19 15:34:00,1,97.5,66,3,346,1,97.5,1.0,0.0,66.0,0.0,0,1
17396,2010-12-03 09:45:00,2010-09-24 13:04:00,7,1476.3,414,11,209,69,210.9,11.5,82.0,414.0,0.19806763285024154,5,0
17397,2010-10-19 13:20:00,2010-10-19 13:20:00,1,516.87,441,44,254,1,516.87,1.0,0.0,441.0,0.0,0,1
17398,2011-05-13 12:41:00,2011-03-29 13:04:00,2,528.45,259,26,48,44,264.225,44.0,0.0,259.0,0.0,1,0
17400,2011-05-13 17:34:00,2009-12-17 15:41:00,7,3832.06,1698,278,48,512,547.4371428571428,85.33333333333333,0.0,1698.0,0.0,1,0
17401,2010-06-16 16:54:00,2010-06-16 16:54:00,1,114.85,34,11,379,1,114.85,1.0,0.0,34.0,0.0,0,1
17402,2011-06-26 11:01:00,2009-12-16 17:40:00,16,3164.02,1023,101,4,556,197.75125,37.06666666666667,3.0,1023.0,0.002932551319648094,3,0
17403,2010-09-15 12:29:00,2010-09-15 12:29:00,1,118.95,77,13,288,1,118.95,1.0,0.0,77.0,0.0,0,1
17404,2011-05-12 12:36:00,2010-01-07 11:31:00,14,29727.92,32783,84,49,490,2123.422857142857,37.69230769230769,634.0,32783.0,0.019339291706067168,5,0
17406,2011-01-10 15:07:00,2009-12-06 13:45:00,13,4186.95,1847,155,171,400,322.0730769230769,33.333333333333336,20.0,1847.0,0.010828370330265295,0,1
17407,2010-10-24 11:57:00,2010-10-24 11:57:00,1,552.9,426,23,249,1,552.9,1.0,0.0,426.0,0.0,0,1
17408,2011-06-29 12:53:00,2010-07-13 14:02:00,3,316.09000000000003,163,7,1,350,105.36333333333334,175.0,72.0,163.0,0.44171779141104295,0,1
17409,2011-06-08 10:36:00,2009-12-11 12:17:00,10,7793.51,4089,50,22,543,779.351,60.333333333333336,0.0,4089.0,0.0,0,1
17410,2011-05-08 15:21:00,2011-05-08 15:21:00,1,302.4,100,15,53,1,302.4,1.0,0.0,100.0,0.0,1,0
17411,2011-03-23 13:44:00,2009-12-03 12:02:00,3,932.02,428,46,99,475,310.67333333333335,237.5,27.0,428.0,0.0630841121495327,1,0
17412,2011-05-27 14:55:00,2009-12-02 13:51:00,13,3671.98,2174,143,34,541,282.46,45.083333333333336,27.0,2174.0,0.012419503219871205,0,1
17413,2010-10-31 12:33:00,2010-05-19 11:11:00,2,560.14,302,10,242,165,280.07,165.0,0.0,302.0,0.0,0,1
17414,2011-06-08 11:43:00,2009-12-03 16:49:00,5,2069.52,5536,6,22,551,413.904,137.75,0.0,5536.0,0.0,0,1
17416,2011-06-16 17:08:00,2009-12-14 16:29:00,19,14790.78,7094,287,14,549,778.4621052631579,30.5,14.0,7094.0,0.0019734987313222443,2,0
17417,2010-06-09 10:00:00,2010-06-09 10:00:00,1,164.18,76,16,386,1,164.18,1.0,0.0,76.0,0.0,0,1
17418,2011-01-20 11:39:00,2010-11-17 13:42:00,2,373.99,371,24,161,63,186.995,63.0,0.0,371.0,0.0,0,1
17419,2011-04-04 12:31:00,2010-01-25 13:19:00,13,3945.48,1980,140,87,433,303.4984615384615,36.083333333333336,1.0,1980.0,0.000505050505050505,1,0
17420,2011-06-21 15:07:00,2010-11-03 13:09:00,5,746.26,350,34,9,230,149.252,57.5,2.0,350.0,0.005714285714285714,0,1
17421,2010-11-18 16:57:00,2009-12-04 15:43:00,3,1059.41,807,46,224,349,353.1366666666667,174.5,0.0,807.0,0.0,0,1
17422,2011-06-12 13:22:00,2010-06-23 10:19:00,8,2618.5,2320,123,18,354,327.3125,50.57142857142857,124.0,2320.0,0.05344827586206897,2,0
17423,2011-05-06 09:14:00,2010-11-11 12:26:00,2,869.96,645,28,55,175,434.98,175.0,24.0,645.0,0.037209302325581395,0,1
17426,2011-06-17 12:31:00,2010-02-17 13:39:00,10,6319.74,3934,213,13,484,631.9739999999999,53.77777777777778,85.0,3934.0,0.021606507371631927,1,0
17428,2011-06-20 13:28:00,2009-12-01 17:28:00,34,22820.55,13370,367,10,565,671.1926470588235,17.12121212121212,102.0,13370.0,0.00762902019446522,4,0
17429,2011-06-07 13:38:00,2010-10-06 12:30:00,4,1208.68,996,70,23,244,302.17,81.33333333333333,2.0,996.0,0.002008032128514056,1,0
17430,2010-12-09 13:05:00,2010-08-17 11:52:00,3,469.40999999999997,325,24,203,114,156.47,57.0,0.0,325.0,0.0,0,1
17431,2011-01-30 14:36:00,2011-01-30 14:36:00,1,403.3,292,41,151,1,403.3,1.0,0.0,292.0,0.0,0,1
17432,2010-11-19 17:01:00,2009-12-03 19:13:00,7,1363.23,801,174,223,350,194.74714285714285,58.333333333333336,0.0,801.0,0.0,0,1
17433,2010-11-19 13:37:00,2010-11-19 13:37:00,1,266.8,120,39,223,1,266.8,1.0,0.0,120.0,0.0,1,0
17435,2010-10-24 13:55:00,2010-10-24 13:55:00,1,331.35,195,15,249,1,331.35,1.0,0.0,195.0,0.0,0,1
17436,2011-04-27 11:33:00,2009-12-07 12:31:00,4,440.15999999999997,136,5,64,505,110.03999999999999,168.33333333333334,5.0,136.0,0.03676470588235294,0,1
17437,2010-06-28 11:11:00,2010-06-28 11:11:00,1,369.68,283,52,367,1,369.68,1.0,0.0,283.0,0.0,0,1
17438,2011-03-31 10:26:00,2010-03-08 16:53:00,5,1422.77,553,49,91,387,284.554,96.75,3.0,553.0,0.0054249547920434,0,1
17439,2010-02-22 12:48:00,2010-02-22 12:48:00,1,325.74,370,8,493,1,325.74,1.0,0.0,370.0,0.0,0,1
17440,2011-04-06 12:08:00,2010-06-08 14:40:00,3,261.78,198,4,85,301,87.25999999999999,150.5,3.0,198.0,0.015151515151515152,1,0
17441,2009-12-07 13:32:00,2009-12-07 13:32:00,1,293.35,245,21,570,1,293.35,1.0,0.0,245.0,0.0,0,1
17442,2011-06-28 13:16:00,2010-02-15 15:54:00,12,3440.75,2344,156,2,497,286.7291666666667,45.18181818181818,23.0,2344.0,0.009812286689419795,2,0
17443,2011-05-04 10:47:00,2011-05-04 10:47:00,1,534.24,504,1,57,1,534.24,1.0,0.0,504.0,0.0,0,1
17444,2011-06-20 09:04:00,2011-06-20 09:04:00,1,1171.46,1092,57,10,1,1171.46,1.0,0.0,1092.0,0.0,2,0
17446,2011-06-16 10:42:00,2011-02-02 14:40:00,2,120.9,198,6,14,133,60.45,133.0,0.0,198.0,0.0,0,1
17448,2010-07-30 14:07:00,2010-03-04 17:29:00,46,14523.67,11534,569,335,147,315.7319565217391,3.2666666666666666,29.0,11534.0,0.0025143055314721693,0,1
17449,2011-04-19 14:57:00,2009-12-09 14:16:00,9,3671.63,1968,236,72,496,407.9588888888889,62.0,0.0,1968.0,0.0,1,0
17450,2011-06-16 18:40:00,2010-09-27 16:59:00,20,111559.2,36973,106,14,262,5577.96,13.789473684210526,2766.0,37621.0,0.07352276653996438,18,0
17454,2011-05-31 13:58:00,2010-01-15 15:40:00,10,1547.94,727,98,30,500,154.794,55.55555555555556,6.0,727.0,0.008253094910591471,0,1
17455,2011-05-20 12:31:00,2011-05-20 12:31:00,1,131.7,66,8,41,1,131.7,1.0,0.0,66.0,0.0,0,1
17456,2010-12-09 15:23:00,2010-09-09 15:28:00,2,975.5600000000001,508,59,203,90,487.78000000000003,90.0,0.0,508.0,0.0,0,1
17457,2011-05-19 10:32:00,2009-12-07 14:52:00,13,5644.75,2541,23,42,527,434.21153846153845,43.916666666666664,60.0,2541.0,0.023612750885478158,1,0
17458,2010-11-23 11:43:00,2010-11-23 11:43:00,1,213.08,112,32,219,1,213.08,1.0,0.0,112.0,0.0,0,1
17460,2011-04-28 10:54:00,2010-01-22 13:25:00,15,1998.1200000000001,895,90,63,460,133.208,32.857142857142854,12.0,895.0,0.013407821229050279,1,0
17462,2011-02-28 17:01:00,2011-02-28 17:01:00,1,463.40999999999997,155,14,122,1,463.40999999999997,1.0,0.0,155.0,0.0,0,1
17463,2011-06-16 15:10:00,2010-04-29 17:57:00,5,1886.99,1112,177,14,412,377.398,103.0,6.0,1112.0,0.00539568345323741,0,1
17464,2010-07-05 13:24:00,2010-03-30 13:15:00,2,617.1800000000001,388,28,360,97,308.59000000000003,97.0,60.0,388.0,0.15463917525773196,1,0
17465,2010-10-10 11:56:00,2009-12-03 13:25:00,7,2542.79,1477,103,263,310,363.2557142857143,51.666666666666664,7.0,1477.0,0.004739336492890996,0,1
17467,2010-11-09 12:58:00,2010-11-09 12:58:00,1,102.6,20,4,233,1,102.6,1.0,0.0,20.0,0.0,0,1
17468,2010-11-29 17:25:00,2010-11-29 17:25:00,1,57.8,68,3,213,1,57.8,1.0,0.0,68.0,0.0,0,1
17469,2011-05-19 08:55:00,2009-12-16 15:06:00,13,3485.64,1647,137,42,518,268.12615384615384,43.166666666666664,18.0,1647.0,0.01092896174863388,3,0
17470,2011-05-06 10:37:00,2010-07-19 16:16:00,9,2124.5099999999998,1939,89,55,290,236.05666666666664,36.25,0.0,1939.0,0.0,1,0
17471,2010-08-22 11:53:00,2010-08-22 11:53:00,1,321.65000000000003,153,19,312,1,321.65000000000003,1.0,0.0,153.0,0.0,0,1
17472,2011-06-01 14:57:00,2010-03-21 13:27:00,4,922.35,551,183,29,437,230.5875,145.66666666666666,0.0,551.0,0.0,0,1
17473,2010-10-27 11:45:00,2010-09-09 19:03:00,2,607.0,270,33,246,47,303.5,47.0,3.0,270.0,0.011111111111111112,0,1
17474,2010-04-19 10:43:00,2010-04-19 10:43:00,1,1047.0,200,6,437,1,1047.0,1.0,0.0,200.0,0.0,0,1
17476,2010-11-09 10:21:00,2009-12-02 12:09:00,2,489.86,224,29,233,341,244.93,341.0,4.0,224.0,0.017857142857142856,0,1
17477,2010-04-06 10:06:00,2010-03-02 11:53:00,2,1144.3,225,44,450,34,572.15,34.0,14.0,225.0,0.06222222222222222,0,1
17478,2010-10-27 15:01:00,2010-03-16 14:19:00,2,1272.8,516,40,246,225,636.4,225.0,0.0,516.0,0.0,0,1
17479,2010-03-17 09:26:00,2010-03-17 09:26:00,1,389.26000000000005,266,18,470,1,389.26000000000005,1.0,0.0,266.0,0.0,0,1
17480,2010-09-21 12:31:00,2010-09-21 12:31:00,1,370.40999999999997,243,24,282,1,370.40999999999997,1.0,0.0,243.0,0.0,1,0
17482,2010-08-09 15:33:00,2010-05-10 14:10:00,2,775.64,240,50,325,91,387.82,91.0,0.0,240.0,0.0,0,1
17483,2011-06-09 19:40:00,2010-10-21 12:43:00,2,332.79,124,14,21,231,166.395,231.0,0.0,124.0,0.0,1,0
17484,2010-05-12 15:41:00,2010-03-25 16:17:00,2,209.57,339,14,414,47,104.785,47.0,0.0,339.0,0.0,0,1
17486,2011-03-23 14:00:00,2011-03-23 14:00:00,1,396.87,191,24,99,1,396.87,1.0,0.0,191.0,0.0,0,1
17487,2009-12-11 15:06:00,2009-12-11 15:06:00,1,160.55,37,8,566,1,160.55,1.0,0.0,37.0,0.0,0,1
17488,2010-03-08 14:07:00,2010-03-08 14:07:00,1,336.5,136,18,479,1,336.5,1.0,0.0,136.0,0.0,0,1
17489,2011-05-11 11:34:00,2011-05-11 11:34:00,1,208.56,232,16,50,1,208.56,1.0,0.0,232.0,0.0,0,1
17490,2011-06-16 09:15:00,2010-05-19 12:40:00,3,963.38,537,51,14,392,321.12666666666667,196.0,5.0,537.0,0.00931098696461825,2,0
17491,2011-06-08 15:23:00,2010-04-28 11:57:00,11,3419.66,2270,73,22,406,310.8781818181818,40.6,0.0,2270.0,0.0,3,0
17492,2011-04-05 15:21:00,2010-07-09 13:27:00,3,1122.42,450,32,86,270,374.14000000000004,135.0,0.0,450.0,0.0,0,1
17493,2010-11-19 16:57:00,2010-11-19 16:57:00,1,100.91000000000001,62,8,223,1,100.91000000000001,1.0,0.0,62.0,0.0,0,1
17494,2010-07-26 10:06:00,2010-07-26 10:06:00,1,54.699999999999996,26,3,339,1,54.699999999999996,1.0,0.0,26.0,0.0,0,1
17495,2010-11-14 11:50:00,2010-11-14 11:50:00,1,309.16,138,21,228,1,309.16,1.0,9.0,138.0,0.06521739130434782,0,1
17496,2010-12-16 08:39:00,2010-01-14 13:36:00,4,1412.89,675,54,196,335,353.2225,111.66666666666667,4.0,675.0,0.005925925925925926,0,1
17497,2010-11-14 14:17:00,2010-04-08 08:01:00,2,287.25,59,7,228,220,143.625,220.0,0.0,59.0,0.0,0,1
17499,2011-02-23 09:14:00,2010-05-27 09:59:00,2,1341.3899999999999,1086,66,127,271,670.6949999999999,271.0,9.0,1086.0,0.008287292817679558,0,1
17501,2011-05-03 09:47:00,2011-05-03 09:46:00,2,288.6,160,18,58,1,144.3,1.0,0.0,160.0,0.0,0,1
17504,2011-05-17 12:59:00,2010-02-08 09:22:00,18,9490.17,5420,244,44,463,527.2316666666667,27.235294117647058,208.0,5420.0,0.03837638376383764,0,1
17505,2011-05-18 09:01:00,2010-04-13 16:33:00,4,1776.63,955,65,43,399,444.1575,133.0,0.0,955.0,0.0,1,0
17507,2011-03-23 11:48:00,2011-02-03 18:08:00,2,605.58,359,79,99,47,302.79,47.0,0.0,359.0,0.0,0,1
17508,2011-03-04 08:10:00,2009-12-07 11:46:00,8,4579.23,2891,199,118,451,572.40375,64.42857142857143,11.0,2891.0,0.0038049117952265654,0,1
17510,2010-10-15 10:20:00,2010-10-15 10:20:00,1,206.07999999999998,208,15,258,1,206.07999999999998,1.0,0.0,208.0,0.0,0,1
17511,2011-06-15 11:30:00,2009-12-02 10:52:00,45,121236.33,80468,528,15,560,2694.1406666666667,12.727272727272727,273.0,80468.0,0.0033926529800666102,7,0
17512,2011-05-23 15:33:00,2009-12-10 19:35:00,14,3845.25,3923,80,38,528,274.6607142857143,40.61538461538461,13.0,3923.0,0.003313790466479735,2,0
17513,2010-10-27 11:13:00,2010-08-17 15:08:00,2,645.6,186,12,246,70,322.8,70.0,0.0,186.0,0.0,1,0
17514,2010-02-08 14:00:00,2010-02-08 14:00:00,1,313.35,149,41,507,1,313.35,1.0,0.0,149.0,0.0,1,0
17515,2011-05-17 14:03:00,2010-06-07 13:29:00,8,1534.86,504,90,44,344,191.8575,49.142857142857146,0.0,504.0,0.0,0,1
17516,2011-05-06 13:25:00,2010-11-26 12:50:00,4,634.63,415,115,55,161,158.6575,53.666666666666664,0.0,415.0,0.0,1,0
17517,2011-02-04 11:48:00,2011-02-04 11:48:00,1,153.94,102,11,146,1,153.94,1.0,0.0,102.0,0.0,0,1
17518,2010-10-10 12:40:00,2010-03-28 13:31:00,2,329.42,267,71,263,195,164.71,195.0,0.0,267.0,0.0,0,1
17519,2011-06-19 13:55:00,2009-12-01 09:57:00,13,4086.25,2706,127,11,565,314.3269230769231,47.083333333333336,4.0,2706.0,0.0014781966001478197,1,0
17521,2011-05-24 15:14:00,2010-10-01 11:49:00,3,714.41,403,37,37,235,238.13666666666666,117.5,0.0,403.0,0.0,0,1
17522,2011-06-09 14:23:00,2011-05-05 16:31:00,3,787.54,749,50,21,34,262.5133333333333,17.0,0.0,749.0,0.0,1,0
17524,2010-12-13 14:32:00,2010-09-27 16:20:00,3,539.14,362,37,199,76,179.71333333333334,38.0,72.0,362.0,0.19889502762430938,0,1
17525,2010-12-15 12:05:00,2010-10-07 09:12:00,3,1161.9,338,19,197,69,387.3,34.5,0.0,338.0,0.0,0,1
17526,2011-02-22 09:10:00,2009-12-17 16:18:00,11,3616.14,1272,61,128,431,328.74,43.1,51.0,1272.0,0.04009433962264151,0,1
17527,2011-05-05 13:43:00,2011-05-05 13:43:00,1,292.11,57,7,56,1,292.11,1.0,24.0,57.0,0.42105263157894735,2,0
17529,2010-04-08 17:51:00,2010-01-11 12:29:00,2,1240.25,790,78,448,87,620.125,87.0,0.0,790.0,0.0,0,1
17530,2011-05-17 16:49:00,2009-12-06 16:17:00,8,1789.83,1019,271,44,527,223.72875,75.28571428571429,1.0,1019.0,0.0009813542688910696,1,0
17531,2011-06-02 19:17:00,2010-03-31 12:57:00,3,1266.82,472,54,28,428,422.2733333333333,214.0,11.0,472.0,0.023305084745762712,0,1
17532,2010-11-19 08:13:00,2010-11-19 08:13:00,1,65.34,30,4,223,1,65.34,1.0,0.0,30.0,0.0,0,1
17533,2010-10-01 09:14:00,2010-10-01 09:14:00,1,34.8,24,1,272,1,34.8,1.0,0.0,24.0,0.0,0,1
17534,2010-09-14 13:32:00,2010-02-25 16:55:00,4,1445.47,757,69,289,200,361.3675,66.66666666666667,0.0,757.0,0.0,0,1
17535,2011-03-04 15:20:00,2011-03-04 15:20:00,1,164.4,136,13,118,1,164.4,1.0,0.0,136.0,0.0,0,1
17536,2011-06-15 13:23:00,2010-01-26 12:00:00,3,364.83,201,16,15,505,121.61,252.5,0.0,201.0,0.0,0,1
17537,2011-02-09 13:37:00,2011-02-09 13:37:00,1,620.75,369,60,141,1,620.75,1.0,0.0,369.0,0.0,0,1
17539,2010-04-01 12:07:00,2009-12-13 12:36:00,4,1176.84,708,132,455,108,294.21,36.0,12.0,708.0,0.01694915254237288,0,1
17540,2011-01-27 14:35:00,2010-04-19 09:47:00,5,1280.5,458,35,154,283,256.1,70.75,0.0,458.0,0.0,0,1
17541,2010-07-18 11:36:00,2010-07-18 11:36:00,1,119.86,44,31,347,1,119.86,1.0,0.0,44.0,0.0,0,1
17542,2011-03-15 11:45:00,2010-03-08 12:08:00,3,340.85,323,57,107,371,113.61666666666667,185.5,0.0,323.0,0.0,0,1
17543,2010-06-08 12:41:00,2010-06-08 12:41:00,1,120.05,62,13,387,1,120.05,1.0,0.0,62.0,0.0,0,1
17544,2010-11-14 15:08:00,2010-11-14 14:47:00,3,944.82,410,80,228,1,314.94,0.5,0.0,410.0,0.0,0,1
17545,2010-11-14 15:30:00,2010-05-11 10:04:00,3,767.54,345,112,228,187,255.84666666666666,93.5,0.0,345.0,0.0,0,1
17547,2010-11-29 09:41:00,2010-02-12 14:34:00,2,727.85,223,22,213,289,363.925,289.0,10.0,223.0,0.04484304932735426,0,1
17548,2011-04-20 12:01:00,2010-11-08 16:19:00,4,731.26,494,22,71,162,182.815,54.0,190.0,494.0,0.38461538461538464,0,1
17550,2011-05-26 14:09:00,2010-02-07 15:07:00,9,2506.64,968,250,35,472,278.5155555555555,59.0,60.0,968.0,0.06198347107438017,0,1
17551,2010-12-15 14:12:00,2010-12-15 14:12:00,1,290.34,142,39,197,1,290.34,1.0,0.0,142.0,0.0,0,1
17552,2010-12-02 18:46:00,2010-03-22 09:19:00,10,2154.88,1376,64,210,255,215.488,28.333333333333332,12.0,1376.0,0.00872093023255814,1,0
17553,2010-08-24 09:49:00,2010-04-08 09:44:00,3,2270.0,1240,2,310,138,756.6666666666666,69.0,0.0,1240.0,0.0,1,0
17555,2011-01-09 12:31:00,2010-05-02 16:02:00,4,760.88,547,174,172,251,190.22,83.66666666666667,0.0,547.0,0.0,0,1
17556,2011-05-18 10:48:00,2010-11-25 17:00:00,2,300.67,184,13,43,173,150.335,173.0,0.0,184.0,0.0,0,1
17557,2009-12-07 10:15:00,2009-12-07 10:15:00,1,34.0,4,1,570,1,34.0,1.0,0.0,4.0,0.0,1,0
17558,2010-11-11 14:36:00,2010-11-11 14:36:00,1,259.17,54,28,231,1,259.17,1.0,0.0,54.0,0.0,0,1
17559,2010-07-15 12:02:00,2010-07-15 12:02:00,1,167.62,270,12,350,1,167.62,1.0,0.0,270.0,0.0,0,1
17560,2011-05-19 17:13:00,2010-02-17 12:11:00,6,1526.9,1232,33,42,456,254.48333333333335,91.2,0.0,1248.0,0.0,2,0
17561,2010-11-14 12:36:00,2009-12-06 13:29:00,3,537.9,237,129,228,342,179.29999999999998,171.0,0.0,237.0,0.0,0,1
17562,2011-06-19 13:06:00,2011-06-19 13:06:00,1,300.09999999999997,366,21,11,1,300.09999999999997,1.0,4.0,366.0,0.01092896174863388,4,0
17563,2010-05-10 14:54:00,2010-04-07 10:02:00,2,392.38,256,27,416,33,196.19,33.0,29.0,256.0,0.11328125,0,1
17565,2010-05-02 11:54:00,2010-05-02 11:54:00,1,131.83,67,30,424,1,131.83,1.0,0.0,67.0,0.0,0,1
17567,2011-04-20 13:15:00,2010-09-24 10:48:00,5,2380.57,1285,99,71,208,476.11400000000003,52.0,2.0,1285.0,0.0015564202334630351,2,0
17568,2010-03-16 16:45:00,2010-03-16 16:45:00,1,374.45,275,61,471,1,374.45,1.0,0.0,275.0,0.0,0,1
17569,2011-01-11 14:15:00,2011-01-11 14:15:00,1,344.14,159,29,170,1,344.14,1.0,0.0,159.0,0.0,0,1
17570,2010-11-23 11:56:00,2010-11-23 11:56:00,1,100.0,1,1,219,1,100.0,1.0,1.0,1.0,1.0,0,1
17571,2011-03-07 11:44:00,2010-06-15 12:50:00,3,563.54,364,95,115,264,187.84666666666666,132.0,0.0,364.0,0.0,1,0
17572,2011-04-15 12:10:00,2009-12-15 10:00:00,8,577.6600000000001,288,14,76,486,72.20750000000001,69.42857142857143,0.0,288.0,0.0,2,0
17574,2011-04-11 09:47:00,2011-04-11 09:47:00,1,185.65,77,8,80,1,185.65,1.0,0.0,77.0,0.0,0,1
17575,2010-02-10 13:48:00,2010-02-10 13:48:00,1,171.7,72,5,505,1,171.7,1.0,0.0,72.0,0.0,0,1
17576,2011-06-09 17:47:00,2009-12-03 16:54:00,32,6844.5599999999995,3661,318,21,553,213.89249999999998,17.838709677419356,14.0,3661.0,0.0038240917782026767,6,0
17577,2010-03-04 13:01:00,2010-02-09 10:10:00,2,348.75,179,20,483,23,174.375,23.0,0.0,179.0,0.0,0,1
17578,2011-05-05 18:38:00,2010-06-28 11:55:00,7,1047.33,529,57,56,311,149.6185714285714,51.833333333333336,58.0,529.0,0.10964083175803403,0,1
17579,2011-06-13 14:12:00,2010-05-10 14:28:00,2,468.79,208,54,17,398,234.395,398.0,0.0,208.0,0.0,1,0
17580,2011-04-01 12:41:00,2010-10-13 14:28:00,5,541.02,223,78,90,169,108.204,42.25,0.0,223.0,0.0,0,1
17581,2011-06-15 12:50:00,2009-12-03 12:34:00,31,11669.42,5832,309,15,559,376.43290322580646,18.633333333333333,40.0,5832.0,0.006858710562414266,6,0
17582,2011-04-17 13:18:00,2010-03-26 12:23:00,5,1446.95,603,92,74,387,289.39,96.75,2.0,603.0,0.003316749585406302,0,1
17583,2010-05-28 14:24:00,2010-05-28 14:24:00,1,135.95,55,7,398,1,135.95,1.0,0.0,55.0,0.0,0,1
17584,2010-08-29 12:43:00,2010-01-25 08:17:00,4,4067.12,2006,73,305,216,1016.78,72.0,0.0,2006.0,0.0,1,0
17585,2011-06-22 13:28:00,2010-08-18 16:39:00,6,1750.3,1893,248,8,307,291.71666666666664,61.4,0.0,1893.0,0.0,1,0
17586,2010-03-30 13:12:00,2010-03-30 13:12:00,1,167.4,68,8,457,1,167.4,1.0,0.0,68.0,0.0,0,1
17587,2010-03-21 14:16:00,2010-03-21 14:16:00,1,176.71,67,42,466,1,176.71,1.0,0.0,67.0,0.0,0,1
17588,2011-06-20 16:19:00,2010-03-12 12:34:00,6,2401.59,963,31,10,465,400.26500000000004,93.0,12.0,963.0,0.012461059190031152,1,0
17589,2011-06-05 15:25:00,2010-03-07 13:48:00,16,12645.19,7891,553,25,455,790.324375,30.333333333333332,52.0,7891.0,0.006589785831960461,1,0
17591,2011-05-20 13:16:00,2010-01-17 16:09:00,6,1762.92,844,93,41,487,293.82,97.4,1.0,844.0,0.001184834123222749,2,0
17592,2009-12-01 10:49:00,2009-12-01 10:49:00,1,148.3,38,13,576,1,148.3,1.0,38.0,38.0,1.0,0,1
17593,2011-06-26 13:45:00,2009-12-04 14:35:00,8,5680.72,3297,225,4,568,710.09,81.14285714285714,14.0,3297.0,0.004246284501061571,2,0
17594,2011-03-30 10:32:00,2010-04-14 08:53:00,3,1819.7,1038,52,92,350,606.5666666666667,175.0,0.0,1038.0,0.0,1,0
17596,2011-06-01 15:28:00,2009-12-15 13:21:00,9,2971.98,4710,206,29,533,330.22,66.625,7.0,4710.0,0.00148619957537155,1,0
17597,2011-05-10 11:54:00,2010-05-05 15:33:00,5,3484.09,2215,109,51,369,696.818,92.25,10.0,2215.0,0.004514672686230248,0,1
17598,2010-11-23 17:43:00,2010-11-23 17:43:00,1,409.98,126,10,219,1,409.98,1.0,0.0,126.0,0.0,0,1
17599,2010-08-19 12:50:00,2010-08-19 12:50:00,1,52.05,11,3,315,1,52.05,1.0,2.0,11.0,0.18181818181818182,0,1
17601,2011-04-14 18:02:00,2010-11-24 14:29:00,2,413.08,295,69,77,141,206.54,141.0,0.0,295.0,0.0,0,1
17602,2011-01-19 16:19:00,2010-03-30 17:25:00,9,3067.06,2563,270,162,294,340.78444444444443,36.75,6.0,2563.0,0.0023410066328521262,2,0
17603,2010-04-01 11:51:00,2009-12-10 09:44:00,3,1393.66,564,93,455,112,464.55333333333334,56.0,127.0,564.0,0.225177304964539,1,0
17604,2011-05-06 13:43:00,2010-01-27 12:19:00,6,942.38,614,142,55,464,157.06333333333333,92.8,0.0,614.0,0.0,0,1
17605,2010-04-28 14:45:00,2010-04-28 14:45:00,1,160.75,71,13,428,1,160.75,1.0,0.0,71.0,0.0,0,1
17606,2009-12-02 13:32:00,2009-12-02 13:32:00,1,87.30000000000001,42,6,575,1,87.30000000000001,1.0,0.0,42.0,0.0,0,1
17607,2010-11-28 13:11:00,2010-11-28 13:11:00,1,333.81,269,22,214,1,333.81,1.0,0.0,269.0,0.0,0,1
17608,2010-09-16 16:15:00,2010-04-11 13:37:00,2,296.07,299,90,287,158,148.035,158.0,0.0,299.0,0.0,0,1
17609,2011-02-10 17:54:00,2010-04-09 16:54:00,8,1313.37,869,231,140,307,164.17125,43.857142857142854,77.0,869.0,0.08860759493670886,1,0
17610,2010-06-17 16:34:00,2009-12-06 16:07:00,5,1511.94,893,114,378,193,302.38800000000003,48.25,20.0,893.0,0.022396416573348264,0,1
17611,2011-06-23 14:22:00,2009-12-01 13:29:00,20,6490.13,4245,643,7,569,324.5065,29.94736842105263,67.0,4245.0,0.015783274440518257,3,0
17612,2011-05-09 12:14:00,2009-12-17 11:59:00,14,4012.16,2200,157,52,508,286.5828571428571,39.07692307692308,54.0,2200.0,0.024545454545454544,3,0
17613,2011-06-23 10:52:00,2011-02-07 11:20:00,8,2820.76,1605,165,7,135,352.595,19.285714285714285,1.0,1605.0,0.0006230529595015577,2,0
17615,2011-05-20 08:30:00,2010-08-11 12:54:00,5,664.5,348,44,41,281,132.9,70.25,6.0,348.0,0.017241379310344827,1,0
17616,2011-06-19 10:11:00,2010-09-14 10:43:00,4,734.4,288,1,11,277,183.6,92.33333333333333,0.0,288.0,0.0,0,1
17617,2010-05-30 12:48:00,2010-05-30 12:48:00,1,385.19,249,18,396,1,385.19,1.0,29.0,249.0,0.11646586345381527,0,1
17618,2011-04-05 13:07:00,2010-01-24 11:03:00,10,3696.84,1714,196,86,436,369.684,48.44444444444444,5.0,1714.0,0.0029171528588098016,0,1
17619,2011-01-31 14:18:00,2011-01-31 14:18:00,1,214.37,124,71,150,1,214.37,1.0,0.0,124.0,0.0,0,1
17621,2011-01-31 13:07:00,2010-10-04 09:37:00,5,2697.0,906,52,150,119,539.4,29.75,16.0,906.0,0.017660044150110375,0,1
17622,2010-04-21 12:36:00,2010-04-20 13:38:00,2,1130.21,379,19,435,1,565.105,1.0,12.0,379.0,0.0316622691292876,0,1
17623,2010-10-26 14:12:00,2009-12-14 14:36:00,6,1838.72,534,108,247,315,306.4533333333333,63.0,0.0,534.0,0.0,0,1
17624,2011-05-05 17:59:00,2009-12-20 12:35:00,3,1125.45,716,71,56,501,375.15000000000003,250.5,0.0,716.0,0.0,0,1
17625,2011-03-27 12:21:00,2009-12-15 11:49:00,5,4500.53,2698,343,95,467,900.106,116.75,0.0,2698.0,0.0,1,0
17626,2010-04-16 12:15:00,2010-04-16 12:15:00,1,254.0,202,18,440,1,254.0,1.0,0.0,202.0,0.0,0,1
17627,2010-08-18 11:27:00,2010-08-18 11:27:00,1,296.36,676,10,316,1,296.36,1.0,3.0,676.0,0.004437869822485207,0,1
17629,2011-06-21 10:40:00,2010-10-14 13:35:00,6,1356.53,908,86,9,249,226.08833333333334,49.8,8.0,908.0,0.00881057268722467,1,0
17630,2011-06-23 11:58:00,2011-04-21 14:03:00,2,503.59999999999997,158,24,7,62,251.79999999999998,62.0,0.0,158.0,0.0,0,1
17631,2011-04-21 13:22:00,2009-12-09 14:15:00,5,772.71,349,49,70,497,154.542,124.25,0.0,349.0,0.0,1,0
17633,2010-11-25 11:28:00,2010-11-15 14:55:00,3,732.55,255,29,217,9,244.1833333333333,4.5,10.0,255.0,0.0392156862745098,3,0
17634,2011-05-11 08:34:00,2011-01-06 12:45:00,5,1811.29,455,131,50,124,362.258,31.0,0.0,455.0,0.0,2,0
17635,2010-10-11 15:12:00,2010-04-28 10:51:00,3,1265.58,770,60,262,166,421.85999999999996,83.0,7.0,770.0,0.00909090909090909,0,1
17638,2010-03-02 14:32:00,2009-12-18 09:58:00,2,842.4,432,2,485,74,421.2,74.0,0.0,432.0,0.0,0,1
17639,2011-03-08 15:22:00,2010-08-13 11:59:00,6,615.17,576,59,114,207,102.52833333333332,41.4,0.0,576.0,0.0,0,1
17640,2010-11-25 14:27:00,2010-03-23 09:15:00,5,2547.28,1442,47,217,247,509.456,61.75,21.0,1442.0,0.014563106796116505,1,0
17642,2011-06-16 12:55:00,2009-12-05 16:01:00,4,1507.5,1285,81,14,557,376.875,185.66666666666666,0.0,1285.0,0.0,1,0
17643,2010-12-01 14:38:00,2010-07-22 13:07:00,2,439.7,226,30,211,132,219.85,132.0,0.0,226.0,0.0,0,1
17644,2011-06-14 12:08:00,2010-02-16 08:44:00,13,4087.28,2203,117,16,483,314.40615384615387,40.25,44.0,2203.0,0.01997276441216523,4,0
17646,2011-05-04 13:17:00,2009-12-16 09:37:00,12,3898.79,1308,124,57,504,324.89916666666664,45.81818181818182,9.0,1308.0,0.006880733944954129,0,1
17647,2010-02-08 14:40:00,2010-02-08 14:39:00,2,198.6,52,5,507,1,99.3,1.0,0.0,52.0,0.0,0,1
17648,2011-05-31 11:22:00,2010-11-19 16:41:00,4,1526.26,756,96,30,192,381.565,64.0,1.0,756.0,0.0013227513227513227,0,1
17649,2010-08-27 10:23:00,2010-08-24 13:01:00,2,710.4,324,45,307,2,355.2,2.0,6.0,324.0,0.018518518518518517,1,0
17651,2011-06-23 10:27:00,2010-07-01 12:17:00,8,2463.52,1449,107,7,356,307.94,50.857142857142854,15.0,1449.0,0.010351966873706004,3,0
17652,2011-06-23 14:05:00,2011-03-03 14:05:00,5,2349.43,1265,94,7,112,469.88599999999997,28.0,14.0,1265.0,0.011067193675889328,2,0
17654,2011-03-07 13:17:00,2011-03-07 13:17:00,1,117.55,41,22,115,1,117.55,1.0,0.0,41.0,0.0,0,1
17655,2011-05-13 16:14:00,2010-10-19 10:20:00,6,1940.14,880,57,48,206,323.3566666666667,41.2,160.0,880.0,0.18181818181818182,1,0
17657,2010-10-05 14:52:00,2010-10-05 14:52:00,1,126.0,60,7,268,1,126.0,1.0,0.0,60.0,0.0,0,1
17658,2011-05-12 15:23:00,2011-05-12 15:23:00,1,317.59999999999997,216,9,49,1,317.59999999999997,1.0,0.0,216.0,0.0,0,1
17659,2011-06-23 12:51:00,2010-11-18 14:20:00,8,1730.4,824,74,7,216,216.3,30.857142857142858,37.0,824.0,0.044902912621359224,3,0
17660,2009-12-02 16:02:00,2009-12-02 16:02:00,1,163.47,138,42,575,1,163.47,1.0,0.0,138.0,0.0,1,0
17662,2010-02-16 09:38:00,2009-12-17 09:54:00,2,412.92,184,14,499,60,206.46,60.0,0.0,184.0,0.0,0,1
17663,2011-05-25 13:36:00,2010-03-04 11:42:00,13,4163.7300000000005,1845,125,36,447,320.28692307692313,37.25,26.0,1845.0,0.014092140921409214,2,0
17664,2011-05-11 14:17:00,2010-03-29 17:17:00,3,887.78,863,51,50,407,295.9266666666667,203.5,0.0,863.0,0.0,0,1
17665,2010-08-03 13:12:00,2010-08-03 13:12:00,1,563.1,690,19,331,1,563.1,1.0,0.0,690.0,0.0,0,1
17666,2010-08-19 12:23:00,2010-06-30 12:03:00,3,1319.6399999999999,956,17,315,50,439.87999999999994,25.0,0.0,956.0,0.0,0,1
17667,2011-05-12 15:21:00,2010-02-23 09:57:00,7,3251.86,1880,135,49,443,464.5514285714286,73.83333333333333,10.0,1886.0,0.005302226935312832,1,0
17669,2011-06-22 14:10:00,2010-04-01 18:48:00,7,4800.35,2781,79,8,446,685.7642857142857,74.33333333333333,0.0,2781.0,0.0,2,0
17670,2011-04-26 09:12:00,2011-04-26 09:12:00,1,205.7,110,11,65,1,205.7,1.0,0.0,110.0,0.0,0,1
17671,2011-05-12 18:13:00,2010-11-29 11:53:00,3,1223.18,526,40,49,164,407.7266666666667,82.0,9.0,526.0,0.017110266159695818,1,0
17672,2011-02-03 13:29:00,2010-01-26 17:20:00,6,3778.3,1711,128,147,372,629.7166666666667,74.4,3.0,1711.0,0.0017533606078316774,0,1
17673,2011-06-30 14:38:00,2010-03-19 14:02:00,11,3754.5299999999997,2884,189,0,468,341.3209090909091,46.8,3.0,2884.0,0.0010402219140083217,0,1
17674,2010-12-06 10:20:00,2010-12-06 10:20:00,1,300.66,349,11,206,1,300.66,1.0,0.0,349.0,0.0,1,0
17675,2011-06-30 09:02:00,2009-12-10 16:10:00,54,26052.62,11155,223,0,566,482.4559259259259,10.679245283018869,120.0,11155.0,0.010757507844016136,10,0
17676,2010-12-08 13:49:00,2010-03-30 10:49:00,5,1378.16,1000,57,204,253,275.632,63.25,65.0,1000.0,0.065,3,0
17677,2011-06-17 12:23:00,2009-12-16 11:23:00,38,26033.57,15531,289,13,548,685.093947368421,14.81081081081081,162.0,15531.0,0.010430751400424957,8,0
17678,2011-03-21 11:52:00,2010-04-15 13:54:00,2,599.76,368,27,101,339,299.88,339.0,1.0,368.0,0.002717391304347826,0,1
17679,2010-07-06 09:39:00,2009-12-03 17:32:00,5,1585.5,1026,41,359,214,317.1,53.5,341.0,1026.0,0.33235867446393763,1,0
17680,2010-11-21 13:31:00,2010-07-16 16:07:00,2,313.05,59,9,221,127,156.525,127.0,1.0,59.0,0.01694915254237288,0,1
17681,2010-04-21 17:22:00,2010-01-15 11:53:00,5,731.2,450,12,435,96,146.24,24.0,96.0,450.0,0.21333333333333335,0,1
17682,2011-05-31 08:50:00,2010-03-08 09:49:00,8,2698.36,1489,73,30,448,337.295,64.0,2.0,1489.0,0.001343183344526528,2,0
17683,2010-11-19 10:11:00,2010-06-03 17:15:00,3,819.01,781,41,223,168,273.00333333333333,84.0,0.0,781.0,0.0,0,1
17685,2011-03-18 10:16:00,2010-02-11 13:44:00,10,3811.84,2455,81,104,399,381.184,44.333333333333336,12.0,2455.0,0.004887983706720978,1,0
17686,2011-05-23 14:16:00,2010-06-24 09:49:00,6,5594.1,2328,209,38,333,932.35,66.6,0.0,2328.0,0.0,2,0
17687,2010-10-15 12:30:00,2010-10-15 12:30:00,1,432.68,210,26,258,1,432.68,1.0,0.0,210.0,0.0,0,1
17688,2010-11-11 10:41:00,2010-11-11 10:41:00,1,304.2,114,19,231,1,304.2,1.0,6.0,114.0,0.05263157894736842,0,1
17689,2010-11-16 13:22:00,2010-08-22 13:54:00,2,317.08,300,17,226,85,158.54,85.0,0.0,300.0,0.0,0,1
17690,2011-06-06 09:39:00,2010-02-03 14:26:00,15,5269.78,2205,192,24,487,351.3186666666667,34.785714285714285,0.0,2205.0,0.0,1,0
17691,2010-12-16 17:20:00,2010-06-11 11:50:00,4,637.5500000000001,315,37,196,188,159.38750000000002,62.666666666666664,12.0,315.0,0.0380952380952381,0,1
17692,2011-04-27 08:59:00,2010-06-17 11:14:00,11,2858.32,2230,88,64,313,259.84727272727275,31.3,8.0,2230.0,0.003587443946188341,1,0
17694,2010-07-16 10:22:00,2010-05-26 08:27:00,2,1412.85,1309,45,349,51,706.425,51.0,0.0,1309.0,0.0,1,0
17695,2011-06-21 12:35:00,2010-01-28 09:27:00,4,1334.3,1388,35,9,509,333.575,169.66666666666666,6.0,1388.0,0.004322766570605188,1,0
17696,2011-06-07 08:21:00,2009-12-10 17:09:00,23,6231.47,4681,163,23,543,270.93347826086955,24.681818181818183,120.0,4681.0,0.02563554795983764,3,0
17697,2011-04-17 15:40:00,2011-04-17 15:40:00,1,338.95,93,19,74,1,338.95,1.0,0.0,93.0,0.0,0,1
17698,2011-03-24 11:34:00,2011-03-24 11:34:00,1,154.95,93,8,98,1,154.95,1.0,0.0,93.0,0.0,0,1
17699,2010-08-20 09:39:00,2010-05-27 11:53:00,2,442.0,208,17,314,84,221.0,84.0,0.0,208.0,0.0,0,1
17700,2011-05-10 13:00:00,2009-12-01 11:37:00,12,5270.9,2702,211,51,525,439.2416666666666,47.72727272727273,7.0,2702.0,0.0025906735751295338,1,0
17701,2011-04-01 12:25:00,2011-04-01 12:25:00,1,417.95,109,24,90,1,417.95,1.0,0.0,109.0,0.0,0,1
17702,2011-06-29 11:41:00,2010-11-04 12:09:00,4,2094.8,1461,105,1,236,523.7,78.66666666666667,28.0,1461.0,0.019164955509924708,1,0
17703,2010-10-17 16:16:00,2010-10-17 16:16:00,1,296.1,307,23,256,1,296.1,1.0,0.0,307.0,0.0,2,0
17704,2011-06-24 09:40:00,2011-04-14 09:28:00,2,885.19,343,27,6,71,442.595,71.0,0.0,343.0,0.0,0,1
17705,2011-05-08 13:19:00,2010-05-12 09:47:00,5,617.68,567,37,53,361,123.53599999999999,90.25,0.0,567.0,0.0,4,0
17706,2011-06-30 12:15:00,2010-01-19 12:13:00,20,13621.1,5417,334,0,527,681.0550000000001,27.736842105263158,131.0,5417.0,0.02418312719217279,6,0
17707,2011-06-07 15:03:00,2009-12-07 12:19:00,8,609.3000000000001,546,9,23,547,76.16250000000001,78.14285714285714,1.0,546.0,0.0018315018315018315,0,1
17708,2011-06-05 10:12:00,2010-10-12 12:13:00,4,884.1800000000001,387,57,25,235,221.04500000000002,78.33333333333333,0.0,387.0,0.0,0,1
17709,2011-06-23 11:55:00,2010-04-15 14:48:00,5,671.01,295,37,7,433,134.202,108.25,0.0,295.0,0.0,0,1
17710,2010-10-12 07:49:00,2010-10-12 07:49:00,1,293.5,158,20,261,1,293.5,1.0,0.0,158.0,0.0,0,1
17711,2011-02-23 11:32:00,2011-02-23 11:32:00,1,220.53000000000003,107,13,127,1,220.53000000000003,1.0,0.0,107.0,0.0,0,1
17713,2010-11-22 16:50:00,2010-06-09 09:33:00,4,1198.09,989,55,220,166,299.5225,55.333333333333336,0.0,989.0,0.0,0,1
17714,2011-01-23 10:32:00,2010-07-14 10:41:00,5,1410.18,608,69,158,192,282.036,48.0,18.0,608.0,0.029605263157894735,0,1
17715,2011-05-23 12:32:00,2010-04-26 12:17:00,2,489.59999999999997,576,1,38,392,244.79999999999998,392.0,0.0,576.0,0.0,0,1
17716,2011-06-15 16:05:00,2009-12-02 17:18:00,16,12927.92,7194,281,15,559,807.995,37.266666666666666,47.0,7194.0,0.006533222129552404,6,0
17717,2010-10-14 12:54:00,2010-10-14 12:54:00,1,376.92,344,26,259,1,376.92,1.0,0.0,344.0,0.0,0,1
17718,2011-04-21 13:39:00,2010-03-05 08:01:00,2,439.18,274,22,70,412,219.59,412.0,36.0,274.0,0.13138686131386862,0,1
17719,2011-06-13 14:20:00,2011-03-29 11:29:00,6,2282.86,1414,75,17,76,380.4766666666667,15.2,4.0,1414.0,0.002828854314002829,8,0
17720,2011-04-28 12:49:00,2010-05-10 09:58:00,8,2003.35,1215,69,63,353,250.41875,50.42857142857143,5.0,1215.0,0.00411522633744856,1,0
17721,2010-02-18 15:18:00,2010-02-18 15:18:00,1,307.21000000000004,107,11,497,1,307.21000000000004,1.0,0.0,107.0,0.0,0,1
17722,2011-06-03 12:39:00,2010-11-29 09:44:00,4,3197.06,2240,145,27,186,799.265,62.0,23.0,2240.0,0.010267857142857143,1,0
17723,2011-06-20 10:25:00,2010-11-29 10:35:00,5,1925.9,562,6,10,202,385.18,50.5,0.0,562.0,0.0,2,0
17725,2011-06-13 12:38:00,2011-03-17 19:47:00,5,1580.11,959,64,17,87,316.022,21.75,21.0,959.0,0.021897810218978103,4,0
17726,2010-11-09 13:37:00,2010-01-26 14:58:00,7,1092.06,444,52,233,286,156.00857142857143,47.666666666666664,2.0,444.0,0.0045045045045045045,0,1
17728,2010-10-31 15:50:00,2010-09-12 14:58:00,2,1362.75,677,79,242,49,681.375,49.0,4.0,677.0,0.005908419497784343,1,0
17729,2010-04-22 15:03:00,2010-04-22 15:03:00,1,438.65000000000003,247,23,434,1,438.65000000000003,1.0,0.0,247.0,0.0,0,1
17730,2011-06-29 12:16:00,2010-04-29 11:48:00,13,4848.93,3383,130,1,426,372.99461538461543,35.5,13.0,3383.0,0.0038427431274017146,3,0
17731,2011-06-09 14:19:00,2010-02-09 12:37:00,4,1131.45,395,50,21,485,282.8625,161.66666666666666,101.0,395.0,0.25569620253164554,2,0
17732,2010-12-02 09:29:00,2010-08-09 08:41:00,8,2166.42,1058,90,210,115,270.8025,16.428571428571427,6.0,1058.0,0.005671077504725898,0,1
17733,2011-03-23 09:54:00,2011-03-23 09:54:00,1,216.95000000000002,87,12,99,1,216.95000000000002,1.0,0.0,87.0,0.0,0,1
17734,2011-04-20 10:04:00,2010-03-07 13:55:00,4,854.67,385,49,71,408,213.6675,136.0,0.0,385.0,0.0,1,0
17735,2011-06-27 12:32:00,2010-07-30 13:25:00,18,10503.35,6704,317,3,331,583.5194444444445,19.470588235294116,29.0,6704.0,0.004325775656324582,5,0
17738,2011-03-02 16:26:00,2010-03-19 10:07:00,10,3084.43,2039,139,120,348,308.443,38.666666666666664,6.0,2039.0,0.0029426189308484553,2,0
17739,2011-05-27 09:15:00,2009-12-07 10:48:00,14,6010.01,1885,47,34,535,429.2864285714286,41.15384615384615,8.0,1885.0,0.004244031830238726,1,0
17740,2010-11-15 16:33:00,2010-01-11 13:11:00,6,426.9,222,5,227,308,71.14999999999999,61.6,0.0,222.0,0.0,0,1
17741,2010-10-29 11:59:00,2010-05-28 12:11:00,2,101.1,114,6,244,153,50.55,153.0,0.0,114.0,0.0,0,1
17742,2011-01-11 10:04:00,2009-12-01 13:16:00,10,2045.94,635,52,170,405,204.594,45.0,0.0,635.0,0.0,1,0
17743,2010-09-17 14:54:00,2010-09-17 14:54:00,1,229.2,96,3,286,1,229.2,1.0,13.0,96.0,0.13541666666666666,0,1
17744,2011-04-03 12:46:00,2010-11-24 09:34:00,5,1615.7,2100,63,88,130,323.14,32.5,36.0,2100.0,0.017142857142857144,0,1
17745,2010-08-19 12:30:00,2010-06-02 09:03:00,2,600.34,164,27,315,78,300.17,78.0,0.0,164.0,0.0,0,1
17746,2011-04-13 14:31:00,2010-04-08 12:54:00,4,904.1800000000001,688,32,78,370,226.04500000000002,123.33333333333333,29.0,688.0,0.04215116279069767,0,1
17748,2010-06-30 13:49:00,2010-06-30 13:49:00,1,358.15,111,17,365,1,358.15,1.0,0.0,111.0,0.0,0,1
17749,2011-06-14 15:45:00,2010-06-11 14:56:00,3,1026.18,446,52,16,368,342.06,184.0,0.0,446.0,0.0,0,1
17750,2011-06-28 15:44:00,2011-06-28 15:44:00,1,288.08,407,38,2,1,288.08,1.0,0.0,407.0,0.0,5,0
17751,2010-10-14 13:57:00,2010-10-14 13:57:00,1,157.85999999999999,147,31,259,1,157.85999999999999,1.0,0.0,147.0,0.0,0,1
17752,2010-12-15 16:19:00,2010-12-15 16:19:00,1,80.64,192,1,197,1,80.64,1.0,0.0,192.0,0.0,0,1
17753,2010-09-01 15:49:00,2010-01-06 14:20:00,4,382.06,124,63,302,238,95.515,79.33333333333333,2.0,124.0,0.016129032258064516,0,1
17754,2011-03-24 13:54:00,2009-12-11 15:52:00,9,3050.81,2898,137,98,467,338.9788888888889,58.375,67.0,2898.0,0.023119392684610076,1,0
17756,2010-11-29 12:20:00,2010-11-10 12:54:00,3,728.75,399,54,213,18,242.91666666666666,9.0,0.0,399.0,0.0,0,1
17757,2011-06-29 15:22:00,2010-01-13 15:56:00,43,6276.72,3201,295,1,531,145.97023255813954,12.642857142857142,59.0,3201.0,0.018431740081224616,5,0
17758,2011-05-15 15:31:00,2010-05-20 13:18:00,7,2607.71,1809,230,46,360,372.53000000000003,60.0,0.0,1809.0,0.0,2,0
17759,2011-06-23 13:41:00,2010-05-05 11:40:00,4,609.07,345,56,7,414,152.2675,138.0,0.0,345.0,0.0,0,1
17760,2010-12-01 15:08:00,2010-02-28 12:15:00,5,631.34,457,44,211,276,126.268,69.0,1.0,457.0,0.002188183807439825,0,1
17762,2010-09-09 17:40:00,2010-09-09 17:40:00,1,129.75,129,16,294,1,129.75,1.0,0.0,129.0,0.0,0,1
17763,2011-03-21 14:25:00,2010-02-18 14:32:00,4,86.15,41,11,101,395,21.5375,131.66666666666666,14.0,41.0,0.34146341463414637,0,1
17764,2011-05-12 16:11:00,2009-12-03 14:28:00,4,971.69,436,76,49,525,242.9225,175.0,0.0,436.0,0.0,0,1
17765,2011-05-13 12:34:00,2010-09-17 12:45:00,3,414.67,155,60,48,237,138.22333333333333,118.5,0.0,155.0,0.0,1,0
17766,2010-11-23 14:29:00,2010-11-23 14:17:00,2,299.61,155,21,219,1,149.805,1.0,0.0,155.0,0.0,0,1
17767,2010-10-25 16:22:00,2010-10-25 16:22:00,1,141.85,70,18,248,1,141.85,1.0,0.0,70.0,0.0,0,1
17768,2011-06-26 13:46:00,2009-12-02 12:26:00,5,1596.66,1340,88,4,571,319.332,142.75,1.0,1340.0,0.0007462686567164179,0,1
17769,2011-06-19 11:41:00,2010-01-19 11:33:00,10,4593.98,2148,259,11,516,459.39799999999997,57.333333333333336,44.0,2148.0,0.020484171322160148,1,0
17770,2011-05-25 12:34:00,2011-03-02 13:35:00,5,1143.27,365,33,36,83,228.654,20.75,0.0,365.0,0.0,0,1
17771,2011-01-20 14:13:00,2010-04-29 13:21:00,3,257.4,196,36,161,266,85.8,133.0,0.0,196.0,0.0,0,1
17772,2010-11-12 11:31:00,2010-11-12 11:31:00,1,187.3,58,45,230,1,187.3,1.0,0.0,58.0,0.0,0,1
17773,2010-07-13 14:07:00,2010-01-18 14:32:00,2,575.37,254,48,352,175,287.685,175.0,0.0,254.0,0.0,0,1
17774,2011-04-04 12:55:00,2010-02-08 16:06:00,7,2655.09,1289,241,87,419,379.29857142857145,69.83333333333333,3.0,1289.0,0.0023273855702094647,2,0
17775,2011-03-30 10:50:00,2011-03-30 10:50:00,1,56.4,72,3,92,1,56.4,1.0,0.0,72.0,0.0,0,1
17776,2010-11-18 12:14:00,2009-12-16 14:59:00,2,330.56,273,74,224,336,165.28,336.0,1.0,273.0,0.003663003663003663,0,1
17778,2010-02-16 12:44:00,2010-02-16 12:44:00,1,197.70000000000002,214,10,499,1,197.70000000000002,1.0,0.0,214.0,0.0,0,1
17780,2010-02-10 13:43:00,2010-01-24 11:21:00,3,346.56,156,76,505,17,115.52,8.5,0.0,156.0,0.0,0,1
17781,2011-03-31 19:54:00,2011-03-31 19:54:00,1,102.0,8,2,91,1,102.0,1.0,0.0,8.0,0.0,1,0
17782,2010-11-22 11:15:00,2010-11-22 10:03:00,2,679.02,538,29,220,1,339.51,1.0,0.0,538.0,0.0,0,1
17783,2011-04-06 10:07:00,2010-07-15 12:50:00,2,205.9,137,54,85,264,102.95,264.0,0.0,137.0,0.0,1,0
17784,2010-06-07 16:08:00,2010-06-07 16:08:00,1,112.86,72,19,388,1,112.86,1.0,0.0,72.0,0.0,0,1
17785,2010-09-20 14:14:00,2010-05-23 13:01:00,2,271.44,160,38,283,120,135.72,120.0,0.0,160.0,0.0,0,1
17786,2011-01-26 14:35:00,2011-01-26 14:35:00,1,103.35,52,24,155,1,103.35,1.0,0.0,52.0,0.0,1,0
17787,2011-02-08 11:36:00,2010-12-03 13:43:00,3,1668.52,829,87,142,66,556.1733333333333,33.0,0.0,829.0,0.0,1,0
17789,2011-03-03 13:14:00,2010-02-16 13:16:00,2,397.15,199,27,119,379,198.575,379.0,0.0,199.0,0.0,0,1
17790,2011-05-25 12:39:00,2010-06-13 13:30:00,15,1712.1200000000001,929,120,36,345,114.14133333333334,24.642857142857142,0.0,929.0,0.0,3,0
17792,2010-08-29 14:30:00,2010-08-18 13:08:00,2,368.35,149,45,305,11,184.175,11.0,0.0,149.0,0.0,0,1
17794,2010-01-22 10:18:00,2010-01-20 12:17:00,2,147.3,46,7,524,1,73.65,1.0,0.0,46.0,0.0,0,1
17795,2011-06-13 12:36:00,2011-03-20 12:02:00,2,342.83,305,43,17,85,171.415,85.0,0.0,305.0,0.0,0,1
17796,2011-01-30 12:42:00,2010-10-14 13:37:00,6,1160.49,329,147,151,107,193.415,21.4,0.0,329.0,0.0,0,1
17797,2011-06-10 11:29:00,2009-12-15 14:30:00,6,1463.85,837,172,20,541,243.975,108.2,0.0,837.0,0.0,0,1
17798,2010-05-07 11:42:00,2010-05-07 11:42:00,1,178.07,138,43,419,1,178.07,1.0,0.0,138.0,0.0,0,1
17799,2011-06-29 12:46:00,2009-12-13 16:03:00,18,5336.09,3015,431,1,562,296.44944444444445,33.05882352941177,15.0,3015.0,0.004975124378109453,1,0
17800,2011-05-06 12:44:00,2011-01-09 13:50:00,3,354.85,222,18,55,116,118.28333333333335,58.0,0.0,222.0,0.0,4,0
17801,2010-09-14 14:32:00,2010-01-17 11:31:00,3,770.03,820,66,289,240,256.6766666666667,120.0,3.0,820.0,0.003658536585365854,0,1
17802,2011-06-12 14:57:00,2009-12-13 13:39:00,9,4293.6,2360,268,18,546,477.0666666666667,68.25,31.0,2360.0,0.013135593220338982,1,0
17803,2010-11-12 13:53:00,2010-11-12 13:53:00,1,184.66,98,27,230,1,184.66,1.0,0.0,98.0,0.0,0,1
17804,2010-11-28 14:01:00,2009-12-01 12:22:00,3,383.78000000000003,194,82,214,362,127.92666666666668,181.0,1.0,194.0,0.005154639175257732,0,1
17805,2010-04-08 14:36:00,2010-04-08 14:36:00,1,414.72,648,1,448,1,414.72,1.0,0.0,648.0,0.0,1,0
17807,2010-11-09 16:21:00,2010-01-04 14:00:00,3,437.87,262,88,233,309,145.95666666666668,154.5,0.0,262.0,0.0,0,1
17808,2010-06-09 10:44:00,2010-05-07 16:26:00,4,262.64,143,29,386,32,65.66,10.666666666666666,0.0,143.0,0.0,0,1
17809,2011-06-20 11:49:00,2009-12-02 14:52:00,15,7414.68,1592,33,10,564,494.312,40.285714285714285,3.0,1592.0,0.0018844221105527637,1,0
17810,2010-02-09 10:47:00,2010-01-25 10:26:00,2,373.16,118,51,506,15,186.58,15.0,1.0,118.0,0.00847457627118644,0,1
17811,2011-06-26 15:09:00,2010-09-20 11:24:00,27,5918.42,3044,437,4,279,219.20074074074074,10.73076923076923,5.0,3044.0,0.0016425755584756898,8,0
17812,2010-12-06 15:27:00,2010-06-27 13:34:00,4,405.48,242,79,206,162,101.37,54.0,0.0,242.0,0.0,0,1
17814,2010-11-29 14:21:00,2010-10-13 14:03:00,2,1609.37,1435,112,213,47,804.685,47.0,0.0,1435.0,0.0,0,1
17815,2010-11-11 14:39:00,2010-11-11 14:39:00,1,591.96,612,13,231,1,591.96,1.0,0.0,612.0,0.0,0,1
17816,2011-03-15 14:20:00,2009-12-15 15:27:00,4,80.86,72,36,107,454,20.215,151.33333333333334,0.0,72.0,0.0,0,1
17817,2011-03-07 17:42:00,2010-10-13 15:07:00,5,670.17,312,97,115,145,134.034,36.25,2.0,312.0,0.00641025641025641,0,1
17818,2009-12-02 11:34:00,2009-12-02 11:34:00,1,124.78,86,42,575,1,124.78,1.0,0.0,86.0,0.0,0,1
17819,2011-06-10 10:59:00,2009-12-13 15:24:00,11,5784.65,1570,66,20,543,525.8772727272727,54.3,4.0,1570.0,0.0025477707006369425,1,0
17820,2010-11-30 17:43:00,2010-11-30 17:43:00,1,180.60999999999999,111,39,212,1,180.60999999999999,1.0,5.0,111.0,0.04504504504504504,0,1
17821,2010-10-29 13:20:00,2010-10-29 13:20:00,1,334.62,162,6,244,1,334.62,1.0,0.0,162.0,0.0,0,1
17822,2010-10-15 13:47:00,2010-05-28 12:15:00,5,2162.93,1375,152,258,140,432.58599999999996,35.0,0.0,1375.0,0.0,0,1
17823,2010-10-14 16:24:00,2010-10-14 16:14:00,2,449.25,252,88,259,1,224.625,1.0,0.0,252.0,0.0,0,1
17825,2010-04-20 12:01:00,2009-12-14 12:09:00,4,701.96,516,24,436,126,175.49,42.0,0.0,516.0,0.0,0,1
17826,2010-11-30 13:23:00,2010-11-30 13:23:00,1,133.34,84,33,212,1,133.34,1.0,0.0,84.0,0.0,0,1
17827,2011-04-11 16:56:00,2010-03-28 12:20:00,5,1969.31,1299,191,80,379,393.86199999999997,94.75,1.0,1299.0,0.0007698229407236335,0,1
17828,2011-06-22 09:02:00,2011-06-08 08:31:00,2,863.16,402,45,8,14,431.58,14.0,3.0,402.0,0.007462686567164179,1,0
17829,2011-02-14 12:46:00,2010-02-22 15:39:00,5,4756.74,3009,121,136,356,951.348,89.0,72.0,3009.0,0.023928215353938187,0,1
17830,2011-03-23 11:44:00,2011-02-24 10:15:00,2,287.65000000000003,65,15,99,27,143.82500000000002,27.0,0.0,65.0,0.0,0,1
17833,2009-12-16 13:40:00,2009-12-16 13:40:00,1,338.46,143,28,561,1,338.46,1.0,0.0,143.0,0.0,0,1
17834,2010-10-21 12:09:00,2010-09-20 15:32:00,2,689.6700000000001,639,54,252,30,344.83500000000004,30.0,0.0,639.0,0.0,0,1
17837,2011-06-29 16:44:00,2011-06-29 16:44:00,1,119.8,28,12,1,1,119.8,1.0,0.0,28.0,0.0,3,0
17838,2011-02-20 13:52:00,2010-03-19 09:53:00,11,4538.84,2682,111,130,338,412.6218181818182,33.8,5.0,2682.0,0.0018642803877703207,1,0
17840,2010-09-22 12:24:00,2010-09-22 12:24:00,1,175.9,128,44,281,1,175.9,1.0,0.0,128.0,0.0,0,1
17841,2011-06-30 13:23:00,2009-12-02 15:41:00,143,42630.11,21105,1835,0,574,298.11265734265737,4.042253521126761,293.0,21105.0,0.013882966121772092,32,0
17842,2010-04-16 14:23:00,2010-04-16 14:23:00,1,430.69,89,18,440,1,430.69,1.0,0.0,89.0,0.0,0,1
17843,2011-02-09 15:33:00,2010-10-24 10:56:00,2,320.4,251,58,141,108,160.2,108.0,0.0,251.0,0.0,0,1
17845,2010-06-02 15:20:00,2010-05-12 13:04:00,4,596.09,195,42,393,21,149.0225,7.0,0.0,195.0,0.0,0,1
17847,2010-07-12 10:00:00,2010-03-04 12:57:00,2,129.69,29,9,353,129,64.845,129.0,0.0,29.0,0.0,0,1
17848,2011-06-23 17:35:00,2009-12-06 13:19:00,26,3190.84,1291,103,7,564,122.72461538461539,22.56,1.0,1291.0,0.000774593338497289,4,0
17849,2011-05-05 13:46:00,2010-03-14 15:17:00,8,1063.76,224,24,56,416,132.97,59.42857142857143,0.0,224.0,0.0,0,1
17850,2010-12-02 15:27:00,2009-12-05 12:28:00,155,51208.87,21052,100,210,362,330.3798064516129,2.3506493506493507,176.0,21052.0,0.008360250807524226,0,1
17851,2010-10-13 15:13:00,2009-12-03 17:46:00,6,1552.35,933,185,260,313,258.72499999999997,62.6,0.0,933.0,0.0,0,1
17852,2010-11-16 12:19:00,2009-12-08 12:51:00,3,543.47,319,62,226,342,181.15666666666667,171.0,0.0,319.0,0.0,0,1
17853,2010-10-28 15:29:00,2009-12-03 15:09:00,3,1596.29,625,84,245,329,532.0966666666667,164.5,0.0,625.0,0.0,0,1
17854,2011-06-07 16:21:00,2009-12-08 11:13:00,6,1068.5,607,113,23,546,178.08333333333334,109.2,0.0,607.0,0.0,0,1
17855,2010-12-02 09:44:00,2010-12-02 09:44:00,1,208.97,197,17,210,1,208.97,1.0,0.0,197.0,0.0,0,1
17856,2011-04-20 13:13:00,2011-03-03 11:40:00,3,1142.63,577,6,71,48,380.8766666666667,24.0,16.0,577.0,0.02772963604852686,0,1
17857,2011-06-20 12:26:00,2010-03-08 12:09:00,12,10183.28,6470,13,10,469,848.6066666666667,42.63636363636363,50.0,6470.0,0.0077279752704791345,4,0
17858,2011-06-24 17:07:00,2009-12-06 15:41:00,25,10467.19,4945,122,6,565,418.68760000000003,23.541666666666668,3.0,4945.0,0.0006066734074823053,3,0
17859,2011-02-08 10:32:00,2011-02-08 10:32:00,1,141.92000000000002,102,23,142,1,141.92000000000002,1.0,0.0,102.0,0.0,0,1
17860,2010-12-06 12:41:00,2009-12-11 16:48:00,4,717.39,696,127,206,359,179.3475,119.66666666666667,0.0,696.0,0.0,0,1
17861,2011-03-31 15:02:00,2009-12-10 11:27:00,12,3448.39,2913,224,91,476,287.36583333333334,43.27272727272727,4.0,2913.0,0.0013731548232063166,3,0
17862,2011-01-20 12:23:00,2010-05-25 17:22:00,4,1254.89,440,90,161,239,313.7225,79.66666666666667,0.0,440.0,0.0,0,1
17863,2011-03-30 11:39:00,2010-02-25 12:01:00,9,3572.38,3156,100,92,397,396.93111111111114,49.625,0.0,3156.0,0.0,2,0
17864,2011-03-09 11:44:00,2010-10-08 11:49:00,3,522.57,656,57,113,151,174.19000000000003,75.5,0.0,656.0,0.0,1,0
17865,2011-06-16 16:26:00,2009-12-01 10:49:00,34,20049.53,9585,326,14,562,589.6920588235294,17.03030303030303,129.0,9585.0,0.013458528951486698,9,0
17866,2010-08-12 12:43:00,2009-12-14 16:01:00,2,805.3000000000001,361,15,322,240,402.65000000000003,240.0,0.0,361.0,0.0,1,0
17867,2011-05-20 15:52:00,2009-12-02 13:39:00,11,1028.23,423,63,41,534,93.47545454545455,53.4,32.0,423.0,0.07565011820330969,2,0
17868,2010-11-18 18:55:00,2010-11-18 18:55:00,1,227.15,85,18,224,1,227.15,1.0,0.0,85.0,0.0,0,1
17869,2011-05-08 13:24:00,2010-06-10 13:47:00,5,696.42,469,65,53,331,139.284,82.75,0.0,469.0,0.0,2,0
17870,2010-12-08 08:12:00,2010-11-23 11:39:00,2,1213.8,476,2,204,14,606.9,14.0,0.0,476.0,0.0,7,0
17871,2011-05-19 11:32:00,2010-01-15 14:48:00,5,1068.95,665,64,42,488,213.79000000000002,122.0,0.0,665.0,0.0,0,1
17872,2010-11-23 12:02:00,2010-11-23 12:02:00,1,235.87,176,15,219,1,235.87,1.0,0.0,176.0,0.0,0,1
17873,2011-06-08 14:51:00,2009-12-16 15:11:00,17,5993.29,4039,64,22,538,352.5464705882353,33.625,552.0,4039.0,0.13666749195345382,1,0
17874,2011-06-07 12:54:00,2011-03-29 11:25:00,6,683.46,221,37,23,70,113.91000000000001,14.0,12.0,221.0,0.05429864253393665,0,1
17875,2010-01-20 15:30:00,2010-01-20 15:30:00,1,167.1,98,25,526,1,167.1,1.0,0.0,98.0,0.0,0,1
17876,2010-11-05 10:52:00,2010-02-02 13:00:00,3,3424.02,1958,3,237,275,1141.34,137.5,0.0,1958.0,0.0,0,1
17877,2011-06-22 13:00:00,2011-06-22 13:00:00,1,237.61,98,12,8,1,237.61,1.0,0.0,98.0,0.0,0,1
17878,2010-11-09 13:52:00,2010-11-09 13:50:00,2,999.48,613,56,233,1,499.74,1.0,0.0,613.0,0.0,0,1
17879,2011-06-19 12:36:00,2011-06-19 12:36:00,1,178.51999999999998,45,6,11,1,178.51999999999998,1.0,0.0,45.0,0.0,0,1
17880,2010-12-10 10:21:00,2009-12-09 16:13:00,3,824.9200000000001,466,43,202,365,274.97333333333336,182.5,0.0,466.0,0.0,0,1
17881,2011-02-08 17:16:00,2011-02-08 17:16:00,1,133.35000000000002,32,8,142,1,133.35000000000002,1.0,0.0,32.0,0.0,0,1
17882,2010-11-25 14:40:00,2010-11-25 14:35:00,2,291.56,130,47,217,1,145.78,1.0,0.0,130.0,0.0,0,1
17883,2011-04-07 19:16:00,2010-02-25 20:07:00,4,443.43,150,46,84,405,110.8575,135.0,2.0,150.0,0.013333333333333334,1,0
17884,2011-02-01 11:08:00,2009-12-04 16:23:00,19,2593.94,2474,287,149,423,136.52315789473684,23.5,13.0,2474.0,0.005254648342764754,0,1
17886,2011-05-13 10:22:00,2010-04-29 11:10:00,5,1080.98,460,91,48,378,216.196,94.5,1.0,460.0,0.002173913043478261,0,1
17888,2011-05-11 14:29:00,2009-12-21 16:34:00,20,1260.17,752,107,50,505,63.008500000000005,26.57894736842105,143.0,752.0,0.1901595744680851,2,0
17889,2011-05-11 16:26:00,2010-03-31 10:54:00,7,746.42,403,97,50,406,106.63142857142857,67.66666666666667,0.0,403.0,0.0,0,1
17890,2011-01-21 11:19:00,2010-12-13 15:12:00,2,586.89,402,88,160,38,293.445,38.0,0.0,402.0,0.0,0,1
17891,2011-06-30 20:08:00,2011-06-30 20:08:00,1,203.85999999999999,393,34,0,1,203.85999999999999,1.0,0.0,393.0,0.0,0,1
17893,2011-04-28 13:50:00,2011-04-28 13:50:00,1,107.21,149,15,63,1,107.21,1.0,0.0,149.0,0.0,0,1
17894,2011-02-27 14:49:00,2010-08-27 14:13:00,16,2052.62,854,187,123,184,128.28875,12.266666666666667,44.0,854.0,0.05152224824355972,2,0
17897,2011-06-20 11:23:00,2010-05-12 16:03:00,9,2099.89,864,211,10,403,233.3211111111111,50.375,6.0,864.0,0.006944444444444444,0,1
17898,2011-05-16 17:13:00,2010-05-21 17:22:00,3,246.96,185,41,45,359,82.32000000000001,179.5,0.0,185.0,0.0,1,0
17900,2011-06-02 14:38:00,2011-06-02 14:28:00,2,112.19999999999999,73,4,28,1,56.099999999999994,1.0,72.0,73.0,0.9863013698630136,0,1
17901,2010-07-06 11:05:00,2010-07-06 10:54:00,2,149.7,14,3,359,1,74.85,1.0,0.0,14.0,0.0,0,1
17902,2010-06-11 12:25:00,2010-06-11 12:25:00,1,216.39999999999998,526,24,384,1,216.39999999999998,1.0,0.0,526.0,0.0,0,1
17903,2010-11-10 15:39:00,2010-11-10 15:39:00,1,381.09000000000003,142,44,232,1,381.09000000000003,1.0,0.0,142.0,0.0,0,1
17905,2010-12-22 16:23:00,2010-01-28 17:54:00,11,1772.78,1064,123,190,327,161.16181818181818,32.7,2.0,1064.0,0.0018796992481203006,2,0
17906,2011-04-06 17:25:00,2011-04-06 17:25:00,1,72.9,26,12,85,1,72.9,1.0,0.0,26.0,0.0,0,1
17907,2010-03-09 12:33:00,2010-03-09 12:33:00,1,291.76,1046,13,478,1,291.76,1.0,0.0,1046.0,0.0,0,1
17908,2010-12-01 11:45:00,2009-12-14 12:24:00,5,1142.47,670,178,211,351,228.494,87.75,27.0,670.0,0.04029850746268657,0,1
17909,2009-12-02 13:10:00,2009-12-02 13:10:00,1,110.05,35,8,575,1,110.05,1.0,0.0,35.0,0.0,0,1
17910,2009-12-13 16:04:00,2009-12-13 16:04:00,1,261.7,121,25,564,1,261.7,1.0,0.0,121.0,0.0,0,1
17912,2011-02-02 14:25:00,2010-11-29 13:53:00,6,374.55,215,48,148,65,62.425000000000004,13.0,2.0,215.0,0.009302325581395349,0,1
17913,2010-12-19 11:35:00,2009-12-03 13:02:00,13,3238.69,1537,213,193,380,249.13,31.666666666666668,0.0,1537.0,0.0,0,1
17915,2010-06-06 13:22:00,2010-06-06 13:22:00,1,225.78,184,27,389,1,225.78,1.0,0.0,184.0,0.0,0,1
17916,2010-03-21 12:26:00,2009-12-06 14:10:00,2,43.87,90,15,466,104,21.935,104.0,0.0,90.0,0.0,0,1
17917,2011-03-28 16:37:00,2010-12-12 12:08:00,2,226.71,130,57,94,106,113.355,106.0,0.0,130.0,0.0,0,1
17918,2010-07-27 11:51:00,2010-07-22 14:20:00,3,396.39,352,34,338,4,132.13,2.0,0.0,352.0,0.0,0,1
17919,2010-09-27 10:40:00,2010-09-27 10:40:00,1,536.28,696,17,276,1,536.28,1.0,0.0,696.0,0.0,1,0
17920,2011-05-23 17:25:00,2009-12-06 10:37:00,42,20974.920000000002,10808,478,38,533,499.4028571428572,13.0,3.0,10808.0,0.0002775721687638786,5,0
17921,2011-06-30 18:17:00,2010-07-15 20:05:00,8,2014.09,770,187,0,349,251.76125,49.857142857142854,13.0,770.0,0.016883116883116882,1,0
17922,2010-06-14 16:32:00,2010-06-14 16:32:00,1,170.4,49,8,381,1,170.4,1.0,0.0,49.0,0.0,0,1
17923,2011-03-02 15:15:00,2010-06-13 13:58:00,3,497.0,140,2,120,262,165.66666666666666,131.0,0.0,140.0,0.0,0,1
17924,2011-02-11 11:38:00,2010-10-21 12:17:00,3,797.4000000000001,156,3,139,112,265.8,56.0,9.0,156.0,0.057692307692307696,0,1
17925,2010-12-02 10:10:00,2010-12-02 10:10:00,1,244.08,72,1,210,1,244.08,1.0,0.0,72.0,0.0,0,1
17926,2011-05-20 09:24:00,2010-05-09 14:07:00,4,849.9300000000001,400,21,41,375,212.48250000000002,125.0,0.0,400.0,0.0,1,0
17927,2009-12-18 11:03:00,2009-12-18 11:03:00,1,294.0,108,10,559,1,294.0,1.0,0.0,108.0,0.0,0,1
17928,2011-04-07 18:03:00,2010-05-17 15:30:00,2,206.96,128,21,84,325,103.48,325.0,0.0,128.0,0.0,0,1
17929,2011-03-30 12:35:00,2009-12-09 11:40:00,10,2674.1,386,5,92,476,267.40999999999997,52.888888888888886,0.0,386.0,0.0,1,0
17930,2011-06-30 18:44:00,2010-03-04 10:41:00,10,3228.88,2722,35,0,483,322.88800000000003,53.666666666666664,25.0,2722.0,0.009184423218221896,1,0
17931,2011-03-29 12:31:00,2010-02-16 15:47:00,13,3291.08,1834,265,93,405,253.16,33.75,117.0,1834.0,0.06379498364231188,1,0
17932,2011-06-19 10:39:00,2011-05-12 13:58:00,2,934.51,593,63,11,37,467.255,37.0,0.0,593.0,0.0,0,1
17933,2010-03-17 15:11:00,2010-03-17 15:11:00,1,114.69,63,12,470,1,114.69,1.0,0.0,63.0,0.0,0,1
17934,2010-10-29 12:23:00,2010-10-29 12:23:00,1,344.90000000000003,150,20,244,1,344.90000000000003,1.0,0.0,150.0,0.0,0,1
17935,2010-11-04 12:06:00,2009-12-04 14:33:00,5,540.35,162,33,238,334,108.07000000000001,83.5,12.0,162.0,0.07407407407407407,2,0
17937,2011-03-27 10:16:00,2010-12-12 14:43:00,4,3327.48,1248,19,95,104,831.87,34.666666666666664,0.0,1248.0,0.0,1,0
17938,2010-10-15 14:27:00,2010-10-15 14:27:00,1,144.29,53,29,258,1,144.29,1.0,0.0,53.0,0.0,0,1
17940,2011-06-28 14:55:00,2009-12-03 12:31:00,13,29877.79,83600,11,2,572,2298.2915384615385,47.666666666666664,6.0,83600.0,7.177033492822967e-05,2,0
17941,2010-04-28 09:23:00,2010-01-06 15:37:00,3,1128.72,856,3,428,111,376.24,55.5,0.0,856.0,0.0,1,0
17944,2010-10-12 16:25:00,2010-10-12 16:25:00,1,74.99,84,24,261,1,74.99,1.0,0.0,84.0,0.0,0,1
17945,2010-01-12 11:40:00,2010-01-12 11:33:00,3,360.35,244,66,534,1,120.11666666666667,0.5,0.0,244.0,0.0,0,1
17946,2011-04-20 17:00:00,2011-03-25 14:34:00,2,149.57999999999998,75,18,71,26,74.78999999999999,26.0,0.0,75.0,0.0,0,1
17949,2011-06-30 15:40:00,2009-12-02 11:07:00,94,89125.58,41745,50,0,575,948.1444680851064,6.182795698924731,4027.0,41745.0,0.096466642711702,15,0
17950,2010-12-09 15:20:00,2010-01-04 17:39:00,6,947.26,479,110,203,338,157.87666666666667,67.6,24.0,479.0,0.05010438413361169,1,0
17951,2010-12-16 12:55:00,2010-10-31 15:15:00,3,741.5400000000001,384,15,196,45,247.18000000000004,22.5,6.0,384.0,0.015625,0,1
17952,2010-11-26 13:54:00,2010-06-16 11:54:00,4,788.46,477,85,216,163,197.115,54.333333333333336,0.0,477.0,0.0,0,1
17953,2010-06-17 15:08:00,2010-06-17 15:08:00,1,159.17000000000002,98,20,378,1,159.17000000000002,1.0,0.0,98.0,0.0,0,1
17954,2011-06-30 13:14:00,2009-12-09 13:22:00,16,3137.75,2612,398,0,567,196.109375,37.8,52.0,2612.0,0.019908116385911178,1,0
17955,2011-05-25 12:00:00,2010-02-12 16:27:00,6,949.9,681,16,36,466,158.31666666666666,93.2,0.0,681.0,0.0,0,1
17956,2011-04-04 13:47:00,2011-04-04 13:47:00,1,12.75,1,1,87,1,12.75,1.0,0.0,1.0,0.0,0,1
17958,2009-12-11 15:37:00,2009-12-11 15:37:00,1,465.42,200,29,566,1,465.42,1.0,0.0,200.0,0.0,1,0
17959,2010-04-26 14:12:00,2010-04-26 14:12:00,1,140.75,49,2,430,1,140.75,1.0,0.0,49.0,0.0,0,1
17960,2011-06-21 14:15:00,2010-03-08 12:22:00,3,135.08,60,37,9,470,45.02666666666667,235.0,0.0,60.0,0.0,0,1
17961,2011-06-23 12:21:00,2009-12-01 14:48:00,86,2538.75,1273,443,7,568,29.5203488372093,6.682352941176471,3.0,1273.0,0.002356637863315004,11,0
17962,2010-06-08 16:24:00,2010-01-13 15:24:00,3,564.55,506,126,387,146,188.1833333333333,73.0,2.0,506.0,0.003952569169960474,1,0
17963,2010-08-25 15:58:00,2010-01-19 17:25:00,4,643.16,341,98,309,217,160.79,72.33333333333333,0.0,341.0,0.0,0,1
17964,2010-12-02 13:32:00,2010-12-02 13:32:00,1,261.76,195,35,210,1,261.76,1.0,0.0,195.0,0.0,0,1
17965,2011-06-28 15:05:00,2009-12-14 13:19:00,22,5871.3,3631,494,2,561,266.8772727272727,26.714285714285715,26.0,3631.0,0.007160561828697329,5,0
17966,2011-06-08 10:51:00,2010-01-18 13:24:00,7,1148.99,2022,39,22,505,164.14142857142858,84.16666666666667,0.0,2022.0,0.0,2,0
17967,2010-12-03 11:19:00,2010-10-19 13:19:00,2,223.42,111,59,209,44,111.71,44.0,0.0,111.0,0.0,0,1
17968,2010-12-01 12:23:00,2010-07-15 15:01:00,4,590.4399999999999,352,106,211,138,147.60999999999999,46.0,0.0,352.0,0.0,0,1
17969,2011-06-26 13:00:00,2009-12-06 13:53:00,20,2354.29,1014,113,4,566,117.7145,29.789473684210527,31.0,1014.0,0.03057199211045365,0,1
17970,2011-05-12 20:03:00,2011-05-12 20:03:00,1,562.79,513,27,49,1,562.79,1.0,0.0,513.0,0.0,0,1
17971,2010-06-09 14:04:00,2010-06-09 14:04:00,1,161.94,62,21,386,1,161.94,1.0,0.0,62.0,0.0,0,1
17972,2011-04-12 12:16:00,2011-04-12 12:16:00,1,135.19,36,30,79,1,135.19,1.0,0.0,36.0,0.0,0,1
17974,2011-05-04 11:50:00,2010-10-28 20:03:00,4,1199.17,774,177,57,187,299.7925,62.333333333333336,0.0,774.0,0.0,0,1
17975,2011-05-31 12:42:00,2010-08-06 11:24:00,18,4993.24,1508,154,30,298,277.40222222222224,17.529411764705884,17.0,1508.0,0.011273209549071617,4,0
17976,2010-12-02 13:49:00,2010-12-02 13:49:00,1,321.79,93,56,210,1,321.79,1.0,0.0,93.0,0.0,0,1
17977,2010-11-04 14:26:00,2010-11-04 14:26:00,1,1223.31,1606,83,238,1,1223.31,1.0,30.0,1606.0,0.0186799501867995,0,1
17978,2010-12-09 14:05:00,2009-12-08 13:27:00,4,1159.99,1297,62,203,366,289.9975,122.0,0.0,1297.0,0.0,0,1
17979,2011-06-24 10:44:00,2011-03-25 11:34:00,3,494.54,272,84,6,90,164.84666666666666,45.0,2.0,272.0,0.007352941176470588,0,1
17980,2011-06-27 12:01:00,2010-11-11 14:42:00,4,1012.72,771,41,3,227,253.18,75.66666666666667,0.0,771.0,0.0,0,1
17981,2010-10-25 10:40:00,2010-10-25 10:40:00,1,239.12,260,17,248,1,239.12,1.0,0.0,260.0,0.0,0,1
17982,2010-01-28 09:38:00,2010-01-28 09:38:00,1,138.18,117,13,518,1,138.18,1.0,0.0,117.0,0.0,0,1
17983,2010-11-09 13:24:00,2010-11-09 13:23:00,1,171.71,108,23,233,1,171.71,1.0,0.0,108.0,0.0,0,1
17984,2010-11-12 14:13:00,2009-12-01 11:51:00,4,999.51,841,165,230,346,249.8775,115.33333333333333,0.0,841.0,0.0,1,0
17987,2011-06-07 14:22:00,2010-06-07 11:23:00,5,965.4399999999999,981,139,23,365,193.088,91.25,136.0,981.0,0.13863404689092762,0,1
17988,2011-01-17 11:59:00,2009-12-07 13:35:00,8,353.41,157,92,164,405,44.17625,57.857142857142854,0.0,157.0,0.0,4,0
17989,2010-11-25 13:49:00,2010-11-25 13:49:00,1,207.32999999999998,300,26,217,1,207.32999999999998,1.0,0.0,300.0,0.0,0,1
17990,2011-04-17 11:44:00,2009-12-07 15:19:00,6,1527.6100000000001,777,40,74,495,254.6016666666667,99.0,12.0,777.0,0.015444015444015444,0,1
17991,2011-04-28 15:58:00,2010-04-27 12:46:00,3,300.3,93,37,63,366,100.10000000000001,183.0,0.0,93.0,0.0,0,1
17992,2010-11-15 13:04:00,2010-11-15 13:04:00,1,252.88,130,49,227,1,252.88,1.0,0.0,130.0,0.0,0,1
17993,2010-04-01 14:23:00,2010-04-01 14:23:00,1,225.99,108,60,455,1,225.99,1.0,0.0,108.0,0.0,0,1
17994,2011-06-03 09:50:00,2010-03-29 10:37:00,10,2149.32,2054,226,27,430,214.93200000000002,47.77777777777778,5.0,2054.0,0.0024342745861733205,1,0
17995,2011-03-03 12:30:00,2010-11-17 17:01:00,3,495.48,263,28,119,105,165.16,52.5,0.0,263.0,0.0,0,1
17996,2010-11-25 11:00:00,2010-06-11 11:48:00,3,482.33,587,63,217,166,160.77666666666667,83.0,0.0,587.0,0.0,0,1
17997,2011-06-28 17:28:00,2011-06-28 17:28:00,1,322.53,261,17,2,1,322.53,1.0,0.0,261.0,0.0,7,0
17998,2010-11-24 15:31:00,2009-12-01 13:07:00,3,639.24,561,57,218,358,213.08,179.0,30.0,561.0,0.053475935828877004,0,1
17999,2010-12-08 15:17:00,2010-11-26 13:16:00,2,338.41,161,77,204,12,169.205,12.0,0.0,161.0,0.0,0,1
18000,2010-05-24 17:34:00,2010-05-24 17:34:00,1,124.25,109,6,402,1,124.25,1.0,0.0,109.0,0.0,0,1
18001,2010-09-16 11:37:00,2009-12-02 15:38:00,4,509.01,512,69,287,287,127.2525,95.66666666666667,0.0,512.0,0.0,1,0
18002,2010-11-29 10:57:00,2009-12-08 11:07:00,4,244.37,71,52,213,355,61.0925,118.33333333333333,0.0,71.0,0.0,0,1
18003,2010-11-28 15:09:00,2010-11-28 15:09:00,1,353.51,297,23,214,1,353.51,1.0,0.0,297.0,0.0,0,1
18004,2010-12-12 13:47:00,2010-12-12 13:47:00,1,157.92,75,32,200,1,157.92,1.0,0.0,75.0,0.0,0,1
18006,2010-11-23 10:22:00,2009-12-17 12:27:00,3,524.83,175,36,219,340,174.94333333333336,170.0,0.0,175.0,0.0,0,1
18007,2010-11-12 11:08:00,2010-11-12 11:08:00,1,215.22,246,46,230,1,215.22,1.0,0.0,246.0,0.0,0,1
18008,2011-05-20 16:56:00,2010-01-06 12:35:00,21,19708.3,7761,75,41,499,938.4904761904761,24.95,0.0,7761.0,0.0,2,0
18009,2011-04-18 13:36:00,2010-02-25 11:49:00,8,2144.23,651,145,73,417,268.02875,59.57142857142857,16.0,651.0,0.02457757296466974,0,1
18010,2011-03-28 12:27:00,2011-03-28 12:27:00,1,174.8,60,14,94,1,174.8,1.0,0.0,60.0,0.0,0,1
18011,2010-12-01 17:35:00,2010-05-21 13:28:00,2,410.79,125,63,211,194,205.395,194.0,0.0,125.0,0.0,0,1
18012,2009-12-16 13:16:00,2009-12-16 13:16:00,1,115.3,63,13,561,1,115.3,1.0,0.0,63.0,0.0,0,1
18016,2011-06-06 13:31:00,2010-01-27 16:00:00,5,959.76,385,79,24,494,191.952,123.5,0.0,385.0,0.0,1,0
18017,2011-06-23 15:48:00,2010-10-04 15:11:00,3,509.0,300,1,7,262,169.66666666666666,131.0,0.0,300.0,0.0,1,0
18018,2011-05-24 13:22:00,2010-10-15 11:05:00,3,213.3,134,16,37,221,71.10000000000001,110.5,120.0,134.0,0.8955223880597015,1,0
18020,2010-06-14 12:31:00,2010-06-14 12:31:00,1,190.48000000000002,67,12,381,1,190.48000000000002,1.0,24.0,67.0,0.3582089552238806,0,1
18021,2010-07-18 10:52:00,2010-07-15 18:47:00,2,216.41,168,32,347,2,108.205,2.0,0.0,168.0,0.0,0,1
18022,2010-11-19 13:16:00,2010-06-11 13:59:00,4,894.53,608,203,223,160,223.6325,53.333333333333336,0.0,608.0,0.0,0,1
18025,2010-11-25 12:37:00,2010-03-30 17:33:00,6,1177.72,1053,83,217,239,196.28666666666666,47.8,0.0,1053.0,0.0,0,1
18026,2010-07-27 10:37:00,2010-07-22 16:21:00,2,2074.07,530,12,338,4,1037.035,4.0,0.0,530.0,0.0,0,1
18028,2010-05-05 13:28:00,2010-05-05 13:28:00,1,192.05,133,4,421,1,192.05,1.0,0.0,133.0,0.0,0,1
18029,2010-03-07 15:30:00,2010-03-07 15:30:00,1,433.77,253,18,480,1,433.77,1.0,0.0,253.0,0.0,0,1
18031,2010-11-26 11:00:00,2010-11-26 11:00:00,1,451.3,298,49,216,1,451.3,1.0,0.0,298.0,0.0,0,1
18032,2011-01-09 15:32:00,2011-01-09 15:32:00,1,73.5,42,5,172,1,73.5,1.0,0.0,42.0,0.0,0,1
18034,2010-11-29 12:36:00,2010-11-29 12:36:00,1,335.52,392,97,213,1,335.52,1.0,0.0,392.0,0.0,0,1
18035,2010-11-19 13:46:00,2010-11-19 13:42:00,2,546.34,550,8,223,1,273.17,1.0,0.0,550.0,0.0,0,1
18036,2011-04-08 11:26:00,2009-12-18 12:04:00,9,1252.32,591,199,83,475,139.14666666666665,59.375,0.0,591.0,0.0,1,0
18037,2011-04-28 16:23:00,2009-12-01 13:48:00,14,158.22,35,30,63,513,11.301428571428572,39.46153846153846,0.0,35.0,0.0,1,0
18038,2010-06-01 15:59:00,2010-06-01 15:59:00,1,141.48,80,25,394,1,141.48,1.0,0.0,80.0,0.0,0,1
18039,2010-11-30 13:07:00,2010-03-09 11:19:00,4,548.22,555,137,212,266,137.055,88.66666666666667,0.0,555.0,0.0,0,1
18040,2011-04-08 08:27:00,2011-04-08 08:27:00,1,239.0,96,12,83,1,239.0,1.0,0.0,96.0,0.0,0,1
18041,2011-06-09 15:55:00,2010-01-14 10:04:00,31,6578.01,6102,346,21,511,212.19387096774193,17.033333333333335,297.0,6102.0,0.048672566371681415,4,0
18042,2010-06-16 10:53:00,2010-06-16 10:53:00,1,116.1,36,9,379,1,116.1,1.0,0.0,36.0,0.0,0,1
18043,2011-05-17 12:40:00,2010-12-08 12:35:00,2,421.59,229,87,44,160,210.795,160.0,0.0,229.0,0.0,0,1
18044,2011-06-26 13:31:00,2010-05-28 15:31:00,15,2522.54,1216,111,4,393,168.16933333333333,28.071428571428573,0.0,1216.0,0.0,1,0
18046,2010-02-28 11:36:00,2010-02-28 11:36:00,1,189.63,44,26,487,1,189.63,1.0,0.0,44.0,0.0,0,1
18047,2010-11-23 13:11:00,2010-11-23 12:57:00,2,326.09,130,74,219,1,163.045,1.0,0.0,130.0,0.0,0,1
18048,2011-05-20 14:58:00,2010-08-03 13:03:00,3,394.93,256,56,41,290,131.64333333333335,145.0,0.0,256.0,0.0,0,1
18049,2010-09-28 14:26:00,2010-04-28 13:24:00,2,500.92,402,82,275,153,250.46,153.0,0.0,402.0,0.0,0,1
18050,2010-12-15 14:25:00,2010-11-11 15:51:00,2,412.06,250,22,197,33,206.03,33.0,0.0,250.0,0.0,0,1
18051,2010-03-15 13:58:00,2009-12-09 12:17:00,7,2282.28,1661,41,472,96,326.04,16.0,4.0,1661.0,0.002408187838651415,0,1
18052,2010-05-24 11:11:00,2010-05-24 11:11:00,1,10877.18,17766,16,402,1,10877.18,1.0,0.0,17766.0,0.0,0,1
18053,2010-07-02 11:42:00,2010-06-30 12:36:00,2,271.05,107,12,363,1,135.525,1.0,6.0,107.0,0.056074766355140186,1,0
18054,2010-11-12 08:18:00,2010-11-12 08:18:00,1,176.5,96,11,230,1,176.5,1.0,0.0,96.0,0.0,0,1
18055,2011-05-20 10:37:00,2010-10-22 13:27:00,10,6743.83,2195,227,41,209,674.383,23.22222222222222,5.0,2195.0,0.002277904328018223,2,0
18056,2011-02-24 14:27:00,2010-03-31 12:29:00,2,554.6,334,28,126,330,277.3,330.0,3.0,334.0,0.008982035928143712,0,1
18057,2010-11-11 16:55:00,2010-01-18 12:42:00,3,1188.46,970,121,231,297,396.15333333333336,148.5,0.0,970.0,0.0,0,1
18058,2010-06-16 13:45:00,2010-02-10 09:38:00,2,603.9,306,11,379,126,301.95,126.0,0.0,306.0,0.0,0,1
18060,2010-10-27 16:41:00,2010-05-24 08:34:00,2,1185.46,902,74,246,156,592.73,156.0,0.0,902.0,0.0,0,1
18061,2011-06-10 14:46:00,2009-12-04 11:36:00,24,5302.77,3135,26,20,553,220.94875000000002,24.043478260869566,1.0,3135.0,0.0003189792663476874,2,0
18062,2011-06-19 14:47:00,2010-04-21 08:55:00,6,1632.67,831,46,11,424,272.1116666666667,84.8,14.0,831.0,0.01684717208182912,0,1
18063,2010-11-14 10:46:00,2010-03-16 13:05:00,2,186.60000000000002,48,2,228,242,93.30000000000001,242.0,0.0,48.0,0.0,0,1
18064,2011-04-18 15:08:00,2010-02-01 15:01:00,10,4075.83,2461,48,73,441,407.58299999999997,49.0,50.0,2461.0,0.02031694433157253,1,0
18065,2011-06-09 12:27:00,2009-12-09 16:00:00,23,4885.95,1829,163,21,546,212.43260869565216,24.818181818181817,7.0,1829.0,0.0038272279934390375,3,0
18066,2010-11-18 10:08:00,2010-10-20 11:42:00,2,1122.4,427,35,224,28,561.2,28.0,0.0,427.0,0.0,1,0
18068,2011-02-23 14:50:00,2011-02-23 14:50:00,1,101.69999999999999,6,1,127,1,101.69999999999999,1.0,0.0,6.0,0.0,0,1
18069,2011-06-12 15:14:00,2010-02-28 16:14:00,9,3434.0,2498,499,18,468,381.55555555555554,58.5,1.0,2498.0,0.00040032025620496394,1,0
18070,2010-02-08 13:28:00,2010-02-08 13:28:00,1,314.1,86,9,507,1,314.1,1.0,1.0,86.0,0.011627906976744186,0,1
18071,2011-03-27 11:59:00,2009-12-05 10:31:00,6,1169.68,678,52,95,477,194.9466666666667,95.4,0.0,690.0,0.0,0,1
18072,2011-06-07 10:44:00,2011-06-07 10:44:00,1,247.44,288,18,23,1,247.44,1.0,0.0,288.0,0.0,0,1
18073,2011-06-27 14:37:00,2011-05-26 19:38:00,7,1381.28,1078,22,3,31,197.32571428571427,5.166666666666667,10.0,1078.0,0.00927643784786642,5,0
18074,2010-12-01 09:53:00,2010-07-22 10:31:00,2,1019.44,361,37,211,131,509.72,131.0,0.0,361.0,0.0,0,1
18075,2011-06-29 08:58:00,2010-07-29 11:47:00,17,4724.49,2616,150,1,334,277.9111764705882,20.875,58.0,2616.0,0.02217125382262997,1,0
18076,2010-11-24 14:02:00,2010-11-24 14:02:00,1,151.49,164,8,218,1,151.49,1.0,0.0,164.0,0.0,0,1
18077,2011-06-19 12:10:00,2009-12-07 11:40:00,12,2600.15,2023,102,11,559,216.67916666666667,50.81818181818182,0.0,2023.0,0.0,2,0
18078,2011-05-06 14:32:00,2010-03-21 15:50:00,4,725.53,370,65,55,410,181.3825,136.66666666666666,0.0,370.0,0.0,0,1
18079,2011-04-15 12:14:00,2010-08-05 12:19:00,2,2203.61,5226,38,76,252,1101.805,252.0,0.0,5226.0,0.0,1,0
18080,2011-04-11 10:10:00,2011-04-11 10:10:00,1,841.4999999999999,330,1,80,1,841.4999999999999,1.0,0.0,330.0,0.0,0,1
18083,2010-11-07 11:44:00,2010-11-07 11:44:00,1,463.53,268,36,235,1,463.53,1.0,0.0,268.0,0.0,0,1
18084,2010-11-21 15:47:00,2010-11-16 08:09:00,2,704.75,443,6,221,5,352.375,5.0,426.0,443.0,0.9616252821670429,0,1
18085,2011-01-13 15:17:00,2010-03-21 11:57:00,4,1341.8500000000001,507,42,168,298,335.46250000000003,99.33333333333333,0.0,507.0,0.0,0,1
18086,2011-03-10 13:34:00,2011-03-10 13:34:00,1,101.33999999999999,106,7,112,1,101.33999999999999,1.0,0.0,106.0,0.0,0,1
18087,2011-02-22 10:43:00,2009-12-01 09:43:00,16,13908.72,7774,43,128,448,869.295,29.866666666666667,59.0,7774.0,0.007589400565989194,1,0
18089,2010-09-19 11:57:00,2010-09-19 11:57:00,1,428.45,95,9,284,1,428.45,1.0,0.0,95.0,0.0,0,1
18090,2010-10-14 12:32:00,2010-10-14 12:32:00,1,321.9,307,47,259,1,321.9,1.0,0.0,307.0,0.0,0,1
18091,2010-04-25 13:18:00,2010-04-25 13:18:00,1,360.85,539,25,431,1,360.85,1.0,0.0,539.0,0.0,0,1
18092,2011-06-08 12:02:00,2009-12-04 12:37:00,14,10295.5,6454,33,22,550,735.3928571428571,42.30769230769231,1.0,6454.0,0.0001549426712116517,2,0
18093,2011-02-15 10:52:00,2010-03-31 10:27:00,6,3463.71,2761,36,135,321,577.285,64.2,11.0,2761.0,0.00398406374501992,2,0
18094,2011-05-05 11:46:00,2010-01-07 11:16:00,9,5151.42,3550,46,56,483,572.38,60.375,36.0,3550.0,0.010140845070422535,4,0
18095,2011-01-31 12:50:00,2010-04-19 14:09:00,5,2303.09,1623,37,150,286,460.61800000000005,71.5,0.0,1623.0,0.0,0,1
18096,2010-09-23 13:54:00,2010-07-14 14:30:00,3,808.81,621,154,280,70,269.6033333333333,35.0,0.0,621.0,0.0,0,1
18097,2011-05-18 13:56:00,2009-12-17 11:06:00,8,3422.08,2140,77,43,517,427.76,73.85714285714286,4.0,2140.0,0.001869158878504673,2,0
18098,2010-11-08 16:31:00,2010-11-08 16:31:00,1,527.9399999999999,215,85,234,1,527.9399999999999,1.0,0.0,215.0,0.0,0,1
18100,2010-06-07 14:19:00,2010-06-07 14:19:00,1,451.56,440,30,388,1,451.56,1.0,0.0,440.0,0.0,0,1
18101,2010-11-30 14:21:00,2010-02-03 13:52:00,3,399.61,160,62,212,300,133.20333333333335,150.0,0.0,160.0,0.0,1,0
18102,2011-06-14 11:31:00,2009-12-01 09:24:00,105,427931.29,141542,311,16,560,4075.536095238095,5.384615384615385,1229.0,141542.0,0.00868293510053553,20,0
18103,2010-06-08 13:36:00,2010-06-08 13:36:00,1,105.8,23,10,387,1,105.8,1.0,0.0,23.0,0.0,0,1
18106,2011-01-14 12:23:00,2010-01-15 11:36:00,6,1441.06,506,126,167,364,240.17666666666665,72.8,0.0,506.0,0.0,0,1
18107,2010-09-23 13:03:00,2010-09-23 13:03:00,1,165.88,65,38,280,1,165.88,1.0,0.0,65.0,0.0,0,1
18108,2011-03-30 13:56:00,2009-12-02 12:47:00,3,848.8100000000001,261,43,92,483,282.93666666666667,241.5,2.0,261.0,0.007662835249042145,0,1
18109,2011-06-19 12:47:00,2010-07-01 12:13:00,25,4780.38,2433,186,11,353,191.2152,14.708333333333334,22.0,2433.0,0.009042334566378957,6,0
18110,2010-10-24 14:21:00,2010-10-24 14:21:00,1,193.48000000000002,97,29,249,1,193.48000000000002,1.0,0.0,97.0,0.0,0,1
18111,2010-04-29 12:58:00,2010-04-29 12:58:00,1,405.85,232,27,427,1,405.85,1.0,4.0,232.0,0.017241379310344827,0,1
18112,2011-06-26 13:56:00,2010-06-06 12:40:00,3,617.31,298,46,4,385,205.76999999999998,192.5,0.0,298.0,0.0,0,1
18113,2010-12-06 12:31:00,2010-12-06 12:31:00,1,76.32000000000001,72,1,206,1,76.32000000000001,1.0,0.0,72.0,0.0,0,1
18114,2011-02-22 13:20:00,2011-02-22 13:20:00,1,220.1,55,28,128,1,220.1,1.0,0.0,55.0,0.0,0,1
18115,2010-01-11 11:57:00,2010-01-11 11:57:00,1,9.700000000000001,3,3,535,1,9.700000000000001,1.0,0.0,3.0,0.0,0,1
18116,2011-04-19 16:14:00,2010-10-24 15:29:00,12,1970.93,1097,304,72,177,164.24416666666667,16.09090909090909,0.0,1097.0,0.0,0,1
18118,2011-06-24 10:33:00,2010-11-23 13:36:00,20,4523.32,2315,354,6,212,226.166,11.157894736842104,7.0,2315.0,0.003023758099352052,3,0
18119,2010-12-07 11:59:00,2010-12-07 11:59:00,1,180.7,124,29,205,1,180.7,1.0,0.0,124.0,0.0,0,1
18120,2011-05-09 13:45:00,2011-05-09 13:45:00,1,111.15,31,17,52,1,111.15,1.0,0.0,31.0,0.0,0,1
18123,2010-07-14 12:47:00,2010-07-14 12:47:00,1,92.2,34,22,351,1,92.2,1.0,0.0,34.0,0.0,0,1
18124,2010-08-24 17:21:00,2010-08-24 17:21:00,1,102.65,47,20,310,1,102.65,1.0,0.0,47.0,0.0,0,1
18125,2011-05-22 11:51:00,2011-01-27 15:02:00,3,933.9,691,146,39,114,311.3,57.0,1.0,691.0,0.001447178002894356,0,1
18127,2010-11-01 13:56:00,2010-11-01 13:56:00,1,209.05,63,21,241,1,209.05,1.0,0.0,63.0,0.0,1,0
18128,2010-06-20 13:19:00,2010-06-20 13:19:00,1,399.29,216,42,375,1,399.29,1.0,0.0,216.0,0.0,0,1
18129,2011-04-10 14:16:00,2011-04-10 14:16:00,1,112.55000000000001,48,13,81,1,112.55000000000001,1.0,0.0,48.0,0.0,0,1
18131,2010-03-18 08:48:00,2010-03-18 08:48:00,1,222.95999999999998,552,4,469,1,222.95999999999998,1.0,0.0,552.0,0.0,0,1
18132,2010-07-23 16:54:00,2010-07-23 16:54:00,1,220.13,212,60,342,1,220.13,1.0,0.0,212.0,0.0,0,1
18133,2011-05-11 14:14:00,2011-05-11 14:14:00,1,931.4999999999999,1350,1,50,1,931.4999999999999,1.0,1350.0,1350.0,1.0,0,1
18134,2010-04-20 14:02:00,2010-01-14 11:59:00,2,445.0,128,27,436,96,222.5,96.0,0.0,128.0,0.0,0,1
18135,2011-06-02 14:04:00,2010-03-15 13:55:00,6,677.53,492,21,28,444,112.92166666666667,88.8,4.0,492.0,0.008130081300813009,1,0
18136,2011-05-12 11:59:00,2010-09-14 15:50:00,4,1447.88,776,73,49,239,361.97,79.66666666666667,23.0,776.0,0.029639175257731958,0,1
18137,2010-06-06 14:18:00,2010-06-06 13:45:00,2,145.99,59,26,389,1,72.995,1.0,0.0,59.0,0.0,0,1
18138,2011-02-17 14:51:00,2011-02-17 14:51:00,1,152.65,38,8,133,1,152.65,1.0,0.0,38.0,0.0,0,1
18140,2010-08-23 11:58:00,2010-08-23 11:58:00,1,536.41,395,49,311,1,536.41,1.0,0.0,395.0,0.0,0,1
18141,2010-11-03 11:44:00,2010-04-29 15:32:00,2,882.47,433,38,239,187,441.235,187.0,13.0,433.0,0.03002309468822171,0,1
18142,2011-05-08 12:31:00,2011-05-08 12:31:00,1,282.48,292,9,53,1,282.48,1.0,1.0,292.0,0.003424657534246575,1,0
18144,2011-05-11 13:20:00,2009-12-16 15:57:00,14,3609.85,1584,49,50,510,257.8464285714286,39.23076923076923,0.0,1584.0,0.0,3,0
18145,2011-05-19 10:38:00,2009-12-08 12:30:00,9,3771.97,3342,158,42,526,419.10777777777776,65.75,6.0,3342.0,0.0017953321364452424,1,0
18146,2011-05-03 16:35:00,2011-05-03 16:35:00,1,76.65,27,4,58,1,76.65,1.0,0.0,27.0,0.0,1,0
18148,2010-03-03 11:40:00,2010-03-03 11:40:00,1,112.85000000000001,63,9,484,1,112.85000000000001,1.0,0.0,63.0,0.0,0,1
18149,2011-05-08 12:48:00,2010-03-14 12:41:00,6,1491.56,839,54,53,420,248.59333333333333,84.0,0.0,839.0,0.0,0,1
18150,2011-05-22 10:47:00,2011-05-22 10:47:00,1,227.57999999999998,140,14,39,1,227.57999999999998,1.0,0.0,140.0,0.0,1,0
18151,2011-02-23 08:29:00,2010-03-04 10:47:00,5,1538.64,742,78,127,355,307.728,88.75,6.0,742.0,0.008086253369272238,1,0
18152,2010-03-03 15:26:00,2010-03-03 15:26:00,1,426.69,75,10,484,1,426.69,1.0,0.0,75.0,0.0,0,1
18153,2010-02-18 15:50:00,2010-02-18 15:50:00,1,246.22,200,17,497,1,246.22,1.0,0.0,200.0,0.0,0,1
18154,2010-11-16 12:40:00,2010-08-06 09:18:00,3,533.41,371,22,226,102,177.8033333333333,51.0,0.0,371.0,0.0,0,1
18155,2011-06-22 11:59:00,2011-02-21 10:36:00,2,266.56,196,14,8,121,133.28,121.0,8.0,196.0,0.04081632653061224,1,0
18156,2010-12-05 12:29:00,2010-12-05 12:29:00,1,186.88,68,50,207,1,186.88,1.0,0.0,68.0,0.0,0,1
18157,2010-05-17 14:09:00,2010-05-17 14:09:00,1,213.9,145,25,409,1,213.9,1.0,0.0,145.0,0.0,0,1
18159,2011-02-11 14:26:00,2011-02-11 14:26:00,1,530.15,139,23,139,1,530.15,1.0,0.0,139.0,0.0,0,1
18160,2011-05-23 13:41:00,2010-11-18 16:33:00,2,684.37,372,41,38,185,342.185,185.0,0.0,372.0,0.0,0,1
18161,2011-04-01 08:22:00,2010-11-25 15:55:00,3,730.73,470,31,90,126,243.57666666666668,63.0,0.0,470.0,0.0,1,0
18162,2009-12-07 13:24:00,2009-12-07 13:24:00,1,371.51,332,45,570,1,371.51,1.0,0.0,332.0,0.0,0,1
18163,2010-05-04 14:51:00,2010-05-04 14:51:00,1,728.84,452,33,422,1,728.84,1.0,22.0,452.0,0.048672566371681415,0,1
18165,2011-06-15 13:23:00,2011-06-15 13:23:00,1,302.46000000000004,254,10,15,1,302.46000000000004,1.0,0.0,254.0,0.0,0,1
18166,2010-03-26 12:26:00,2010-03-26 12:26:00,1,175.5,90,10,461,1,175.5,1.0,0.0,90.0,0.0,0,1
18168,2011-06-16 19:21:00,2009-12-03 17:29:00,16,3435.5,1995,209,14,560,214.71875,37.333333333333336,27.0,1995.0,0.013533834586466165,0,1
18170,2011-05-06 15:13:00,2010-01-08 14:10:00,7,2201.9,894,50,55,483,314.5571428571429,80.5,0.0,894.0,0.0,1,0
18171,2011-06-30 09:59:00,2010-01-05 10:46:00,7,1890.42,730,66,0,540,270.06,90.0,3.0,730.0,0.00410958904109589,1,0
18172,2011-05-12 19:23:00,2009-12-11 09:58:00,39,13625.72,5635,151,49,517,349.3774358974359,13.605263157894736,25.0,5635.0,0.0044365572315882874,7,0
18173,2011-05-24 14:25:00,2010-04-06 10:43:00,4,2318.36,1538,31,37,413,579.59,137.66666666666666,0.0,1538.0,0.0,1,0
18174,2010-04-15 12:17:00,2010-04-15 12:17:00,1,58.5,30,1,441,1,58.5,1.0,0.0,30.0,0.0,0,1
18175,2010-02-02 10:25:00,2010-02-02 10:25:00,1,176.1,70,7,513,1,176.1,1.0,0.0,70.0,0.0,0,1
18176,2010-12-16 15:45:00,2010-12-16 15:45:00,1,476.35,283,30,196,1,476.35,1.0,4.0,283.0,0.014134275618374558,0,1
18177,2011-05-19 18:28:00,2009-12-15 18:57:00,7,1588.55,891,57,42,519,226.93571428571428,86.5,5.0,891.0,0.005611672278338945,1,0
18178,2011-05-04 10:15:00,2010-02-18 14:25:00,10,5612.87,3563,190,57,439,561.287,48.77777777777778,7.0,3563.0,0.0019646365422396855,1,0
18179,2011-04-01 13:21:00,2010-02-14 15:51:00,6,1857.54,1180,70,90,410,309.59,82.0,0.0,1180.0,0.0,0,1
18181,2010-11-04 16:51:00,2009-12-04 15:30:00,4,821.49,377,119,238,335,205.3725,111.66666666666667,3.0,377.0,0.007957559681697613,0,1
18182,2010-09-02 14:25:00,2010-09-02 14:25:00,1,291.13,167,10,301,1,291.13,1.0,0.0,167.0,0.0,0,1
18183,2011-04-26 15:26:00,2011-03-10 10:08:00,2,632.07,371,36,65,47,316.035,47.0,9.0,371.0,0.02425876010781671,0,1
18185,2011-04-04 13:42:00,2011-04-04 13:42:00,1,304.25,183,17,87,1,304.25,1.0,0.0,183.0,0.0,0,1
18186,2009-12-17 10:22:00,2009-12-17 10:22:00,1,329.58,338,11,560,1,329.58,1.0,0.0,338.0,0.0,0,1
18187,2010-03-18 09:49:00,2010-03-18 09:49:00,1,724.89,310,48,469,1,724.89,1.0,6.0,310.0,0.01935483870967742,0,1
18188,2011-02-22 14:43:00,2010-03-26 11:37:00,4,1706.15,884,65,128,333,426.5375,111.0,3.0,884.0,0.003393665158371041,1,0
18189,2011-03-17 09:49:00,2010-03-24 09:57:00,2,946.59,622,54,105,357,473.295,357.0,3.0,622.0,0.00482315112540193,1,0
18190,2011-05-31 14:48:00,2009-12-22 12:05:00,5,745.62,490,34,30,525,149.124,131.25,1.0,490.0,0.0020408163265306124,0,1
18191,2011-03-23 12:08:00,2010-08-19 17:42:00,2,529.4,332,15,99,215,264.7,215.0,0.0,332.0,0.0,0,1
18193,2011-06-27 13:58:00,2010-09-23 13:33:00,3,1207.35,926,66,3,277,402.45,138.5,3.0,926.0,0.0032397408207343412,0,1
18194,2010-09-27 13:08:00,2010-01-28 15:30:00,5,3188.2000000000003,1142,16,276,241,637.6400000000001,60.25,0.0,1142.0,0.0,1,0
18195,2010-11-17 15:03:00,2010-11-17 15:03:00,1,101.16,60,5,225,1,101.16,1.0,0.0,60.0,0.0,0,1
18196,2011-02-22 16:13:00,2010-03-17 14:55:00,3,1221.34,848,160,128,342,407.1133333333333,171.0,0.0,848.0,0.0,1,0
18197,2010-05-13 10:46:00,2010-05-13 10:46:00,1,230.1,166,9,413,1,230.1,1.0,4.0,166.0,0.024096385542168676,0,1
18198,2011-06-23 10:24:00,2011-01-07 13:39:00,12,3812.3100000000004,3129,54,7,166,317.69250000000005,15.090909090909092,16.0,3129.0,0.005113454777884308,3,0
18199,2010-01-25 11:32:00,2010-01-25 11:32:00,1,344.75,99,20,521,1,344.75,1.0,1.0,99.0,0.010101010101010102,0,1
18201,2009-12-17 08:55:00,2009-12-17 08:55:00,1,447.53000000000003,191,27,560,1,447.53000000000003,1.0,0.0,191.0,0.0,0,1
18202,2011-05-24 12:12:00,2011-02-01 13:36:00,3,1396.99,581,55,37,111,465.66333333333336,55.5,0.0,581.0,0.0,0,1
18203,2010-11-23 12:25:00,2009-12-08 13:19:00,3,332.1,68,30,219,349,110.7,174.5,0.0,68.0,0.0,1,0
18204,2011-05-31 15:26:00,2011-05-31 15:26:00,1,540.98,387,84,30,1,540.98,1.0,0.0,387.0,0.0,2,0
18206,2010-06-04 13:47:00,2010-06-04 13:47:00,1,314.65999999999997,246,19,391,1,314.65999999999997,1.0,0.0,246.0,0.0,0,1
18207,2010-07-28 14:26:00,2010-07-28 14:26:00,1,544.47,325,31,337,1,544.47,1.0,25.0,325.0,0.07692307692307693,0,1
18208,2010-05-23 11:54:00,2010-05-23 11:54:00,1,360.08,82,17,403,1,360.08,1.0,0.0,82.0,0.0,0,1
18210,2011-03-17 16:58:00,2010-11-22 09:39:00,2,289.85,163,14,105,115,144.925,115.0,0.0,163.0,0.0,0,1
18211,2011-03-06 12:09:00,2011-03-06 12:09:00,1,137.9,56,8,116,1,137.9,1.0,0.0,56.0,0.0,2,0
18212,2011-01-17 16:14:00,2010-01-31 14:42:00,2,514.37,158,40,164,351,257.185,351.0,0.0,158.0,0.0,0,1
18213,2011-04-17 10:21:00,2011-04-17 10:21:00,1,232.48000000000002,232,15,74,1,232.48000000000002,1.0,0.0,232.0,0.0,0,1
18214,2010-06-27 11:21:00,2010-06-03 19:47:00,4,1780.34,989,38,368,23,445.085,7.666666666666667,199.0,989.0,0.2012133468149646,0,1
18215,2010-09-28 16:18:00,2010-03-26 13:03:00,4,1933.15,1013,49,275,186,483.2875,62.0,1.0,1013.0,0.0009871668311944718,1,0
18217,2010-07-14 12:27:00,2010-07-01 15:39:00,2,323.29,249,7,351,12,161.645,12.0,30.0,249.0,0.12048192771084337,1,0
18218,2011-05-12 12:53:00,2010-02-17 15:11:00,4,1121.84,1028,25,49,448,280.46,149.33333333333334,38.0,1028.0,0.03696498054474708,0,1
18219,2011-06-24 12:44:00,2009-12-07 13:17:00,14,2464.21,1222,77,6,563,176.01500000000001,43.30769230769231,2.0,1222.0,0.0016366612111292963,1,0
18220,2011-04-27 09:03:00,2009-12-15 11:42:00,6,1921.76,1352,17,64,497,320.29333333333335,99.4,94.0,1352.0,0.0695266272189349,0,1
18221,2011-06-08 11:37:00,2010-11-14 15:46:00,3,920.34,510,43,22,205,306.78000000000003,102.5,16.0,510.0,0.03137254901960784,1,0
18223,2011-06-20 13:44:00,2009-12-04 12:20:00,21,10649.65,5064,162,10,563,507.12619047619046,28.15,160.0,5064.0,0.0315955766192733,2,0
18224,2011-03-21 10:30:00,2011-03-21 10:30:00,1,158.95000000000002,69,10,101,1,158.95000000000002,1.0,0.0,69.0,0.0,0,1
18225,2011-05-19 19:51:00,2009-12-04 16:52:00,19,9177.91,4982,217,42,531,483.0478947368421,29.5,51.0,4982.0,0.010236852669610599,3,0
18226,2011-06-07 09:51:00,2010-03-05 10:05:00,21,9251.17,6260,254,23,458,440.53190476190474,22.9,47.0,6260.0,0.007507987220447284,4,0
18227,2011-05-06 12:23:00,2010-08-12 16:45:00,2,388.75,22,6,55,266,194.375,266.0,1.0,22.0,0.045454545454545456,0,1
18229,2011-06-21 15:01:00,2009-12-03 14:42:00,18,6493.85,1563,58,9,565,360.76944444444445,33.23529411764706,0.0,1563.0,0.0,6,0
18230,2011-06-19 13:01:00,2010-07-02 10:01:00,6,3124.1400000000003,1486,42,11,352,520.69,70.4,12.0,1486.0,0.008075370121130552,1,0
18231,2011-05-31 14:18:00,2010-01-10 12:13:00,28,6854.17,2915,218,30,506,244.7917857142857,18.74074074074074,15.0,2915.0,0.005145797598627788,0,1
18232,2011-05-31 08:03:00,2011-05-26 16:30:00,2,370.98,170,24,30,4,185.49,4.0,3.0,170.0,0.01764705882352941,2,0
18233,2011-01-18 08:44:00,2011-01-18 08:44:00,1,440.0,4,1,163,1,440.0,1.0,0.0,4.0,0.0,0,1
18234,2010-06-06 11:22:00,2010-06-06 11:22:00,1,179.6,80,30,389,1,179.6,1.0,0.0,80.0,0.0,0,1
18235,2011-05-06 13:35:00,2011-05-06 13:35:00,1,430.46000000000004,332,29,55,1,430.46000000000004,1.0,0.0,332.0,0.0,2,0
18236,2011-06-06 14:13:00,2010-04-15 13:39:00,8,1217.6100000000001,411,59,24,417,152.20125000000002,59.57142857142857,0.0,411.0,0.0,3,0
18238,2010-07-12 12:51:00,2010-07-12 12:51:00,1,270.92,114,14,353,1,270.92,1.0,0.0,114.0,0.0,0,1
18239,2011-05-05 12:38:00,2010-10-13 10:11:00,6,1712.26,844,85,56,204,285.37666666666667,40.8,0.0,844.0,0.0,0,1
18241,2011-06-28 13:09:00,2010-04-01 11:55:00,7,1401.73,693,71,2,453,200.24714285714285,75.5,2.0,693.0,0.002886002886002886,10,0
18242,2011-05-27 14:22:00,2010-01-11 08:49:00,6,2066.8,1412,68,34,501,344.4666666666667,100.2,0.0,1412.0,0.0,2,0
18243,2010-10-21 14:29:00,2010-10-21 14:29:00,1,515.78,221,26,252,1,515.78,1.0,0.0,221.0,0.0,0,1
18244,2010-10-05 11:15:00,2010-07-25 10:30:00,2,568.64,856,19,268,72,284.32,72.0,0.0,856.0,0.0,0,1
18245,2011-05-12 10:03:00,2010-03-08 15:26:00,17,5064.21,4333,275,49,429,297.8947058823529,26.8125,20.0,4333.0,0.004615739672282483,2,0
18246,2011-04-20 13:55:00,2010-04-09 10:19:00,2,395.62,118,2,71,376,197.81,376.0,0.0,118.0,0.0,0,1
18247,2010-10-21 09:49:00,2010-03-18 15:52:00,3,839.73,335,28,252,216,279.91,108.0,30.0,335.0,0.08955223880597014,0,1
18248,2011-06-06 13:18:00,2011-06-06 13:18:00,1,496.46000000000004,242,28,24,1,496.46000000000004,1.0,0.0,242.0,0.0,1,0
18250,2011-02-02 13:16:00,2011-02-02 13:16:00,1,349.27,199,21,148,1,349.27,1.0,1.0,199.0,0.005025125628140704,0,1
18251,2010-09-20 13:26:00,2009-12-22 12:01:00,8,21964.14,31815,77,283,272,2745.5175,38.857142857142854,0.0,31815.0,0.0,1,0
18252,2011-06-21 11:47:00,2009-12-18 16:13:00,6,1085.32,716,38,9,549,180.88666666666666,109.8,6.0,716.0,0.008379888268156424,0,1
18253,2010-03-07 12:38:00,2010-03-07 12:38:00,1,317.88,128,7,480,1,317.88,1.0,0.0,128.0,0.0,0,1
18254,2010-05-07 14:37:00,2010-05-07 14:37:00,1,267.9,188,16,419,1,267.9,1.0,0.0,188.0,0.0,0,1
18255,2010-09-09 16:31:00,2010-09-09 16:31:00,1,199.85,127,13,294,1,199.85,1.0,0.0,127.0,0.0,1,0
18256,2010-11-17 08:53:00,2010-11-17 08:53:00,1,110.7,180,10,225,1,110.7,1.0,70.0,180.0,0.3888888888888889,0,1
18257,2011-06-24 08:40:00,2010-02-18 16:20:00,8,3198.12,1736,167,6,490,399.765,70.0,40.0,1736.0,0.02304147465437788,1,0
18258,2010-09-01 14:20:00,2010-05-16 11:35:00,6,2059.67,1981,30,302,108,343.27833333333336,21.6,8.0,1981.0,0.004038364462392731,0,1
18259,2010-12-08 13:38:00,2009-12-08 08:38:00,5,1979.6000000000001,676,36,204,365,395.92,91.25,0.0,676.0,0.0,1,0
18260,2011-06-20 12:37:00,2009-12-15 13:50:00,23,9947.26,5244,212,10,551,432.4895652173913,25.045454545454547,36.0,5244.0,0.006864988558352402,0,1
18262,2010-11-11 13:30:00,2010-04-16 09:05:00,2,428.06,370,27,231,209,214.03,209.0,0.0,370.0,0.0,1,0
18263,2011-04-01 11:48:00,2011-04-01 11:48:00,1,307.59999999999997,328,15,90,1,307.59999999999997,1.0,0.0,328.0,0.0,1,0
18264,2010-07-29 10:02:00,2010-07-29 10:02:00,1,603.25,241,36,336,1,603.25,1.0,0.0,241.0,0.0,0,1
18266,2010-10-01 15:33:00,2010-10-01 15:33:00,1,251.1,138,14,272,1,251.1,1.0,0.0,138.0,0.0,0,1
18267,2010-02-05 08:43:00,2010-02-05 08:43:00,1,269.37,135,17,510,1,269.37,1.0,4.0,135.0,0.02962962962962963,0,1
18268,2010-04-27 15:47:00,2009-12-11 10:27:00,5,1464.73,709,36,429,137,292.946,34.25,7.0,709.0,0.009873060648801129,1,0
18269,2010-12-08 13:53:00,2010-12-08 13:53:00,1,168.6,76,7,204,1,168.6,1.0,6.0,76.0,0.07894736842105263,0,1
18270,2011-03-18 12:41:00,2010-10-03 10:49:00,2,273.35,149,11,104,166,136.675,166.0,4.0,149.0,0.026845637583892617,0,1
18271,2010-04-09 09:26:00,2009-12-08 11:27:00,2,680.85,319,19,447,121,340.425,121.0,0.0,319.0,0.0,0,1
18272,2011-04-28 18:11:00,2010-03-04 12:53:00,5,2287.94,1618,94,63,420,457.588,105.0,9.0,1618.0,0.005562422744128554,2,0
18273,2011-03-27 11:22:00,2010-04-28 12:24:00,2,204.0,80,1,95,332,102.0,332.0,0.0,80.0,0.0,1,0
18275,2010-05-10 15:46:00,2009-12-08 16:23:00,2,741.85,417,19,416,152,370.925,152.0,0.0,417.0,0.0,0,1
18276,2010-11-12 10:11:00,2009-12-10 17:14:00,5,1320.66,1060,69,230,336,264.132,84.0,5.0,1060.0,0.0047169811320754715,0,1
18277,2010-11-07 15:52:00,2010-08-02 10:26:00,4,1069.67,381,48,235,97,267.4175,32.333333333333336,5.0,381.0,0.013123359580052493,0,1
18278,2010-10-31 12:13:00,2010-10-31 12:13:00,1,240.3,74,15,242,1,240.3,1.0,0.0,74.0,0.0,1,0
18279,2010-07-08 14:48:00,2010-07-08 14:48:00,1,231.33999999999997,630,13,357,1,231.33999999999997,1.0,0.0,630.0,0.0,0,1
18280,2011-03-07 09:52:00,2010-11-10 15:51:00,2,488.15000000000003,194,28,115,116,244.07500000000002,116.0,2.0,194.0,0.010309278350515464,0,1
18281,2011-06-12 10:53:00,2010-05-11 10:49:00,2,201.14,146,17,18,397,100.57,397.0,0.0,146.0,0.0,0,1
18283,2011-06-23 19:20:00,2010-02-19 17:16:00,13,1431.41,846,270,7,489,110.10846153846154,40.75,0.0,846.0,0.0,3,0
18284,2010-10-04 11:33:00,2010-10-04 11:33:00,1,461.68,494,28,269,1,461.68,1.0,1.0,494.0,0.0020242914979757085,0,1
18285,2010-02-17 10:24:00,2010-02-17 10:24:00,1,427.0,145,12,498,1,427.0,1.0,0.0,145.0,0.0,0,1
18286,2010-08-20 11:57:00,2009-12-16 10:45:00,2,1296.43,608,67,314,247,648.215,247.0,16.0,608.0,0.02631578947368421,0,1
18287,2011-05-22 10:39:00,2010-05-17 11:55:00,5,3110.99,1915,93,39,369,622.198,92.25,2.0,1915.0,0.0010443864229765013,0,1
