Customer ID,last_purchase,first_purchase,frequency,monetary,total_quantity,unique_products,recency,lifetime_days,aov,avg_days_between,return_qty,positive_qty,return_ratio,future_orders,churn,churn_probability,predicted_churn,risk_category
17276,2010-11-02 16:20:00,2010-11-02 16:20:00,1,502.49,187,50,240,1,502.49,1.0,5.0,187.0,0.0267379679144385,0,1,0.881662704305723,1,High Risk
12997,2011-04-17 13:02:00,2010-04-06 11:06:00,6,1492.49,822,52,74,376,248.7483333333333,75.2,20.0,822.0,0.024330900243309,1,0,0.35661235918149264,0,Medium Risk
13589,2011-06-13 12:44:00,2009-12-06 10:26:00,5,888.09,207,36,17,554,177.618,138.5,0.0,207.0,0.0,0,1,0.5004320318926052,1,Medium Risk
14486,2010-07-16 09:42:00,2010-06-04 10:30:00,2,175.5,90,4,349,41,87.75,41.0,0.0,90.0,0.0,0,1,0.9183902765224647,1,High Risk
13872,2010-06-30 15:35:00,2009-12-14 09:56:00,3,919.57,339,51,365,198,306.52333333333337,99.0,7.0,339.0,0.0206489675516224,0,1,0.7860038549193079,1,High Risk
14920,2011-05-11 10:32:00,2010-05-23 15:25:00,3,1607.17,886,90,50,352,535.7233333333334,176.0,0.0,886.0,0.0,0,1,0.42091269544064136,0,Medium Risk
13150,2010-08-12 12:59:00,2010-03-19 09:03:00,3,449.97,171,7,322,146,149.98999999999998,73.0,1.0,171.0,0.0058479532163742,0,1,0.7817123556227283,1,High Risk
13874,2010-12-16 18:20:00,2010-02-04 18:39:00,7,2049.15,864,46,196,314,292.7357142857143,52.333333333333336,13.0,864.0,0.0150462962962962,0,1,0.3992725021226456,0,Medium Risk
14670,2011-03-04 14:13:00,2009-12-07 13:59:00,3,583.33,423,159,118,452,194.44333333333336,226.0,0.0,423.0,0.0,0,1,0.6325937729323493,1,Medium Risk
17494,2010-07-26 10:06:00,2010-07-26 10:06:00,1,54.7,26,3,339,1,54.7,1.0,0.0,26.0,0.0,0,1,0.944923125229609,1,High Risk
17790,2011-05-25 12:39:00,2010-06-13 13:30:00,15,1712.12,929,120,36,345,114.14133333333334,24.642857142857142,0.0,929.0,0.0,3,0,0.2586311043634337,0,Low Risk
15979,2010-04-16 11:35:00,2010-04-16 11:35:00,1,329.22,450,22,440,1,329.22,1.0,0.0,450.0,0.0,0,1,0.7945873214189563,1,High Risk
17366,2010-10-03 16:04:00,2010-09-09 19:46:00,2,1077.24,504,120,270,23,538.62,23.0,1.0,504.0,0.0019841269841269,0,1,0.680524291678038,1,High Risk
16937,2010-07-28 17:56:00,2010-07-28 17:56:00,1,196.25,123,49,337,1,196.25,1.0,0.0,123.0,0.0,0,1,0.8949405697304099,1,High Risk
13630,2011-06-21 17:51:00,2011-02-27 12:49:00,4,1059.54,715,46,9,114,264.885,38.0,11.0,715.0,0.0153846153846153,2,0,0.33445986318093657,0,Medium Risk
17161,2010-09-21 16:44:00,2010-09-21 16:44:00,1,856.01,537,52,282,1,856.01,1.0,0.0,537.0,0.0,0,1,0.787129271082207,1,High Risk
13717,2011-06-20 15:08:00,2010-08-11 09:40:00,5,1072.51,1413,71,10,313,214.502,78.25,3.0,1413.0,0.0021231422505307,1,0,0.2840754247248934,0,Low Risk
14619,2011-04-08 07:37:00,2010-06-16 14:41:00,2,1291.24,594,58,83,295,645.62,295.0,7.0,594.0,0.0117845117845117,0,1,0.5186895688869713,1,Medium Risk
16132,2010-06-13 13:49:00,2010-03-22 10:25:00,2,664.1999999999999,280,14,382,83,332.1,83.0,0.0,280.0,0.0,0,1,0.7676163592119506,1,High Risk
16830,2010-09-23 12:37:00,2009-12-13 12:11:00,3,881.59,435,47,280,284,293.86333333333334,142.0,6.0,435.0,0.0137931034482758,0,1,0.7528528432723525,1,High Risk
15454,2010-12-12 14:21:00,2010-03-31 13:15:00,2,305.99,146,35,200,256,152.995,256.0,0.0,146.0,0.0,0,1,0.8265906848570853,1,High Risk
14899,2010-11-09 15:20:00,2010-11-09 15:20:00,1,1331.38,570,126,233,1,1331.38,1.0,0.0,570.0,0.0,0,1,0.787901537508224,1,High Risk
15579,2011-01-30 12:09:00,2010-10-03 14:37:00,4,1118.38,651,125,151,118,279.595,39.333333333333336,76.0,651.0,0.1167434715821812,0,1,0.5794656801386747,1,Medium Risk
15564,2010-09-02 15:52:00,2010-02-01 15:58:00,2,70.74000000000001,42,4,301,212,35.370000000000005,212.0,0.0,42.0,0.0,0,1,0.8244427461060607,1,High Risk
18204,2011-05-31 15:26:00,2011-05-31 15:26:00,1,540.98,387,84,30,1,540.98,1.0,0.0,387.0,0.0,2,0,0.4135111347174462,0,Medium Risk
12664,2011-04-21 14:33:00,2009-12-13 10:28:00,4,2491.74,609,5,70,494,622.9350000000001,164.66666666666666,0.0,609.0,0.0,2,0,0.4086484247609284,0,Medium Risk
16386,2011-03-31 12:19:00,2010-11-17 11:19:00,2,826.69,521,55,91,134,413.345,134.0,0.0,521.0,0.0,0,1,0.5666572155108563,1,Medium Risk
14191,2011-06-30 14:37:00,2009-12-11 10:48:00,6,1238.5,665,39,0,566,206.41666666666663,113.2,15.0,665.0,0.0225563909774436,4,0,0.5918284206911503,1,Medium Risk
17869,2011-05-08 13:24:00,2010-06-10 13:47:00,5,696.42,469,65,53,331,139.284,82.75,0.0,469.0,0.0,2,0,0.39246747288853184,0,Medium Risk
13106,2010-10-22 13:10:00,2010-10-22 13:10:00,1,526.96,213,15,251,1,526.96,1.0,0.0,213.0,0.0,1,0,0.840310993004357,1,High Risk
16231,2010-11-25 15:00:00,2010-04-21 12:06:00,4,1074.47,563,69,217,218,268.6175,72.66666666666667,0.0,563.0,0.0,0,1,0.6520658987730913,1,Medium Risk
16410,2009-12-05 14:51:00,2009-12-05 14:51:00,1,130.32,348,5,572,1,130.32,1.0,0.0,348.0,0.0,0,1,0.7605619533509924,1,High Risk
14275,2010-11-09 09:06:00,2010-04-11 12:32:00,6,1189.38,538,14,233,211,198.23,42.2,0.0,538.0,0.0,0,1,0.7663844112687765,1,High Risk
12561,2011-02-10 11:39:00,2011-02-10 11:39:00,1,238.85,177,16,140,1,238.85,1.0,0.0,177.0,0.0,0,1,0.8463188058902648,1,High Risk
17397,2010-10-19 13:20:00,2010-10-19 13:20:00,1,516.87,441,44,254,1,516.87,1.0,0.0,441.0,0.0,0,1,0.8362933885022971,1,High Risk
15319,2011-03-01 12:48:00,2011-03-01 12:48:00,1,204.5,175,16,121,1,204.5,1.0,0.0,175.0,0.0,0,1,0.8269075266791504,1,High Risk
17559,2010-07-15 12:02:00,2010-07-15 12:02:00,1,167.62,270,12,350,1,167.62,1.0,0.0,270.0,0.0,0,1,0.8861507363141438,1,High Risk
18137,2010-06-06 14:18:00,2010-06-06 13:45:00,2,145.99,59,26,389,1,72.995,1.0,0.0,59.0,0.0,0,1,0.9440855172262822,1,High Risk
16638,2011-03-27 15:41:00,2010-08-18 13:33:00,11,1910.85,1035,99,95,221,173.71363636363637,22.1,1.0,1035.0,0.0009661835748792,3,0,0.36542853839636497,0,Medium Risk
15631,2010-03-07 14:52:00,2010-03-07 14:52:00,1,596.67,525,39,480,1,596.67,1.0,0.0,525.0,0.0,0,1,0.8224505914063877,1,High Risk
17888,2011-05-11 14:29:00,2009-12-21 16:34:00,20,1260.17,752,107,50,505,63.008500000000005,26.57894736842105,143.0,752.0,0.1901595744680851,2,0,0.27194365582220076,0,Low Risk
17404,2011-05-12 12:36:00,2010-01-07 11:31:00,14,29727.92,32783,84,49,490,2123.422857142857,37.69230769230769,634.0,32783.0,0.0193392917060671,5,0,0.0811668169489543,0,Low Risk
13257,2010-09-29 14:58:00,2010-09-29 14:58:00,1,149.75,33,7,274,1,149.75,1.0,4.0,33.0,0.1212121212121212,0,1,0.9402050581877658,1,High Risk
16532,2011-01-05 12:37:00,2010-03-29 10:26:00,3,3918.24,1008,1,176,282,1306.08,141.0,0.0,1008.0,0.0,1,0,0.38378549979495,0,Medium Risk
17962,2010-06-08 16:24:00,2010-01-13 15:24:00,3,564.55,506,126,387,146,188.1833333333333,73.0,2.0,506.0,0.0039525691699604,1,0,0.7567604011032325,1,High Risk
17599,2010-08-19 12:50:00,2010-08-19 12:50:00,1,52.05,11,3,315,1,52.05,1.0,2.0,11.0,0.1818181818181818,0,1,0.8612624886488305,1,High Risk
13380,2010-10-03 10:18:00,2010-10-03 10:18:00,1,62.4,48,3,270,1,62.4,1.0,0.0,48.0,0.0,0,1,0.9328801310746166,1,High Risk
15369,2010-08-04 13:54:00,2009-12-08 07:43:00,11,6251.26,3288,44,330,239,568.2963636363637,23.9,1532.0,3288.0,0.4659367396593674,0,1,0.6935863390723064,1,High Risk
18022,2010-11-19 13:16:00,2010-06-11 13:59:00,4,894.53,608,203,223,160,223.6325,53.333333333333336,0.0,608.0,0.0,0,1,0.7344728589148788,1,High Risk
17541,2010-07-18 11:36:00,2010-07-18 11:36:00,1,119.86,44,31,347,1,119.86,1.0,0.0,44.0,0.0,0,1,0.9568887507125334,1,High Risk
15835,2011-03-24 13:59:00,2011-01-13 10:35:00,2,488.31,243,25,98,70,244.155,70.0,0.0,243.0,0.0,1,0,0.580127023184963,1,Medium Risk
16251,2010-07-15 14:55:00,2010-07-15 14:55:00,1,128.31,44,20,350,1,128.31,1.0,0.0,44.0,0.0,0,1,0.9599912690376049,1,High Risk
14639,2011-02-21 13:21:00,2010-02-16 12:35:00,5,3229.6,1490,133,129,370,645.92,92.5,3.0,1490.0,0.0020134228187919,2,0,0.4727728386314742,0,Medium Risk
17493,2010-11-19 16:57:00,2010-11-19 16:57:00,1,100.91,62,8,223,1,100.91,1.0,0.0,62.0,0.0,0,1,0.9282758070171893,1,High Risk
14901,2010-12-14 11:29:00,2010-07-29 11:11:00,6,994.76,425,61,198,138,165.79333333333332,27.6,2.0,425.0,0.0047058823529411,4,0,0.7275310187040491,1,High Risk
16698,2011-04-27 10:52:00,2011-03-31 13:33:00,2,1998.0,840,4,64,26,999.0,26.0,0.0,840.0,0.0,0,1,0.37911465436197983,0,Medium Risk
14376,2010-01-25 15:36:00,2010-01-25 15:36:00,1,215.46,50,17,521,1,215.46,1.0,0.0,50.0,0.0,0,1,0.9420791559883267,1,High Risk
15582,2011-05-03 13:36:00,2011-05-03 13:36:00,1,303.61,255,22,58,1,303.61,1.0,0.0,255.0,0.0,1,0,0.4199011362878624,0,Medium Risk
14202,2010-11-23 17:13:00,2010-03-25 10:36:00,3,847.76,166,27,219,243,282.58666666666664,121.5,0.0,166.0,0.0,0,1,0.7092697854510362,1,High Risk
15893,2010-08-15 11:12:00,2010-08-15 11:12:00,1,305.28000000000003,288,1,319,1,305.28000000000003,1.0,0.0,288.0,0.0,0,1,0.7719400755557061,1,High Risk
16531,2011-02-18 14:21:00,2010-09-24 09:49:00,7,1538.57,1301,80,132,147,219.79571428571427,24.5,5.0,1301.0,0.0038431975403535,2,0,0.39728575055600734,0,Medium Risk
13734,2010-07-19 12:04:00,2010-04-16 08:42:00,4,6695.6900000000005,302,24,346,94,1673.9225,31.33333333333333,93.0,302.0,0.3079470198675497,0,1,0.7702499250114387,1,High Risk
15502,2011-03-09 11:59:00,2010-06-03 11:12:00,6,5259.4,3179,154,113,279,876.5666666666666,55.8,96.0,3179.0,0.0301981755268952,4,0,0.399880321688151,0,Medium Risk
14021,2011-05-12 13:37:00,2010-04-26 11:22:00,6,1586.38,838,80,49,381,264.3966666666667,76.2,0.0,838.0,0.0,1,0,0.3566259058378324,0,Medium Risk
17781,2011-03-31 19:54:00,2011-03-31 19:54:00,1,102.0,8,2,91,1,102.0,1.0,0.0,8.0,0.0,1,0,0.7288059872436153,1,High Risk
15081,2011-05-15 13:31:00,2010-06-22 10:25:00,9,1597.82,672,65,46,327,177.53555555555556,40.875,2.0,672.0,0.0029761904761904,1,0,0.2762741868193771,0,Low Risk
17654,2011-03-07 13:17:00,2011-03-07 13:17:00,1,117.55,41,22,115,1,117.55,1.0,0.0,41.0,0.0,0,1,0.8267663619156747,1,High Risk
16805,2011-06-19 11:23:00,2009-12-08 14:29:00,5,1091.34,1120,213,11,557,218.268,139.25,0.0,1120.0,0.0,0,1,0.5674610080017483,1,Medium Risk
18061,2011-06-10 14:46:00,2009-12-04 11:36:00,24,5302.77,3135,26,20,553,220.94875,24.043478260869566,1.0,3135.0,0.0003189792663476,2,0,0.041219556771208754,0,Low Risk
15282,2010-05-18 16:27:00,2010-05-18 16:27:00,1,348.59,395,27,408,1,348.59,1.0,0.0,395.0,0.0,0,1,0.8033936152848737,1,High Risk
13843,2010-11-23 17:48:00,2010-11-23 17:48:00,1,319.75,145,18,219,1,319.75,1.0,0.0,145.0,0.0,0,1,0.8282351459431545,1,High Risk
13797,2010-09-29 10:34:00,2010-03-02 12:17:00,3,1179.45,573,71,274,210,393.15,105.0,3.0,573.0,0.0052356020942408,0,1,0.699544680712206,1,High Risk
18203,2010-11-23 12:25:00,2009-12-08 13:19:00,3,332.1,68,30,219,349,110.7,174.5,0.0,68.0,0.0,1,0,0.7921568696359889,1,High Risk
17302,2011-05-15 11:29:00,2011-02-07 10:14:00,2,303.12,190,35,46,97,151.56,97.0,0.0,190.0,0.0,1,0,0.5046383384549358,1,Medium Risk
17407,2010-10-24 11:57:00,2010-10-24 11:57:00,1,552.9,426,23,249,1,552.9,1.0,0.0,426.0,0.0,0,1,0.7891988423446986,1,High Risk
13410,2011-06-05 15:52:00,2009-12-08 13:43:00,7,1743.94,1026,21,25,544,249.1342857142857,90.66666666666669,9.0,1026.0,0.0087719298245614,1,0,0.27505348285877346,0,Low Risk
15381,2011-05-10 11:55:00,2010-05-05 14:35:00,5,1890.57,802,20,51,369,378.114,92.25,1.0,802.0,0.0012468827930174,0,1,0.4018463627652462,0,Medium Risk
16607,2011-05-16 09:58:00,2010-04-29 14:01:00,18,4076.22,2597,148,45,381,226.45666666666665,22.41176470588235,10.0,2597.0,0.0038505968425105,4,0,0.056824520631997534,0,Low Risk
16139,2011-05-17 10:23:00,2009-12-03 13:51:00,3,615.54,356,29,44,529,205.18,264.5,0.0,356.0,0.0,1,0,0.6601376148136784,1,High Risk
12881,2011-03-09 11:44:00,2011-03-09 11:44:00,1,298.0,21,7,113,1,298.0,1.0,0.0,21.0,0.0,0,1,0.7295305606058037,1,High Risk
13190,2010-06-13 15:47:00,2009-12-07 12:13:00,3,570.66,308,16,382,188,190.22,94.0,2.0,308.0,0.0064935064935064,0,1,0.8442875314930879,1,High Risk
18187,2010-03-18 09:49:00,2010-03-18 09:49:00,1,724.89,310,48,469,1,724.89,1.0,6.0,310.0,0.0193548387096774,0,1,0.8303300218489911,1,High Risk
16477,2011-05-09 14:40:00,2010-08-12 09:43:00,9,3152.42,1962,152,52,270,350.2688888888889,33.75,0.0,1962.0,0.0,1,0,0.10589587406243055,0,Low Risk
16040,2011-03-16 09:58:00,2010-04-09 10:12:00,5,1525.78,786,69,106,340,305.156,85.0,24.0,786.0,0.0305343511450381,1,0,0.4546304517881577,0,Medium Risk
14560,2011-06-30 17:16:00,2009-12-02 10:15:00,32,5125.26,3557,51,0,575,160.164375,18.548387096774192,1.0,3557.0,0.0002811357885858,5,0,0.07309055396829449,0,Low Risk
13859,2011-01-17 16:14:00,2010-06-28 15:36:00,2,515.86,167,34,164,203,257.93,203.0,0.0,167.0,0.0,0,1,0.7544924151986984,1,High Risk
15634,2010-11-21 15:30:00,2010-11-21 15:30:00,1,311.1,128,19,221,1,311.1,1.0,0.0,128.0,0.0,0,1,0.8372188077356619,1,High Risk
16405,2011-02-10 15:24:00,2011-02-02 17:08:00,2,167.25,187,3,140,7,83.625,7.0,0.0,187.0,0.0,0,1,0.7220451461942591,1,High Risk
17651,2011-06-23 10:27:00,2010-07-01 12:17:00,8,2463.52,1449,107,7,356,307.94,50.85714285714285,15.0,1449.0,0.010351966873706,3,0,0.1388515227140771,0,Low Risk
16051,2010-01-27 09:38:00,2010-01-27 09:38:00,1,188.44,80,12,519,1,188.44,1.0,0.0,80.0,0.0,0,1,0.9569894646795264,1,High Risk
13802,2011-03-30 10:54:00,2010-02-16 10:11:00,18,24790.75,13351,210,92,407,1377.263888888889,23.94117647058824,49.0,13351.0,0.0036701370683843,1,0,0.17621223618211077,0,Low Risk
14689,2011-05-15 11:22:00,2011-05-15 11:22:00,1,112.8,76,13,46,1,112.8,1.0,0.0,76.0,0.0,0,1,0.6311907777876901,1,Medium Risk
12648,2010-09-28 10:35:00,2010-01-07 18:38:00,3,793.95,358,32,275,263,264.65000000000003,131.5,4.0,358.0,0.0111731843575419,1,0,0.6851354179144904,1,High Risk
12404,2010-01-26 16:25:00,2010-01-26 16:25:00,1,63.24,1,1,520,1,63.24,1.0,0.0,1.0,0.0,0,1,0.8931701929146186,1,High Risk
12443,2009-12-07 15:42:00,2009-12-07 15:42:00,1,485.31,182,21,570,1,485.31,1.0,0.0,182.0,0.0,0,1,0.8312548541793489,1,High Risk
14057,2011-06-30 13:45:00,2009-12-03 13:17:00,14,5287.83,4412,209,0,574,377.70214285714286,44.15384615384615,168.0,4412.0,0.0380779691749773,5,0,0.07120957968451887,0,Low Risk
12960,2010-10-22 09:31:00,2010-02-16 13:32:00,4,1322.07,1379,49,251,247,330.5175,82.33333333333333,0.0,1379.0,0.0,0,1,0.6405360734513498,1,Medium Risk
18197,2010-05-13 10:46:00,2010-05-13 10:46:00,1,230.1,166,9,413,1,230.1,1.0,4.0,166.0,0.0240963855421686,0,1,0.910186494382599,1,High Risk
17921,2011-06-30 18:17:00,2010-07-15 20:05:00,8,2014.09,770,187,0,349,251.76125,49.85714285714285,13.0,770.0,0.0168831168831168,1,0,0.36059181278828495,0,Medium Risk
16485,2010-10-03 15:30:00,2009-12-06 12:28:00,4,1923.54,918,93,270,301,480.885,100.33333333333331,27.0,918.0,0.0294117647058823,1,0,0.6891428989301029,1,High Risk
16044,2010-09-30 18:12:00,2010-09-30 18:12:00,1,340.84000000000003,170,19,273,1,340.84000000000003,1.0,0.0,170.0,0.0,0,1,0.8514046197608544,1,High Risk
16834,2011-04-26 09:37:00,2010-02-03 14:24:00,2,898.96,760,43,65,446,449.48,446.0,0.0,760.0,0.0,0,1,0.6517003812762892,1,Medium Risk
13258,2011-05-18 13:11:00,2010-11-04 12:45:00,3,535.4699999999999,241,14,43,195,178.48999999999998,97.5,0.0,241.0,0.0,0,1,0.44438201452284004,0,Medium Risk
17692,2011-04-27 08:59:00,2010-06-17 11:14:00,11,2858.32,2230,88,64,313,259.84727272727275,31.3,8.0,2230.0,0.0035874439461883,1,0,0.10045908869070891,0,Low Risk
13601,2011-05-12 16:52:00,2010-06-11 15:03:00,3,839.87,684,114,49,335,279.95666666666665,167.5,0.0,684.0,0.0,0,1,0.5652007873116953,1,Medium Risk
17883,2011-04-07 19:16:00,2010-02-25 20:07:00,4,443.43,150,46,84,405,110.8575,135.0,2.0,150.0,0.0133333333333333,1,0,0.5953831409648729,1,Medium Risk
15223,2011-04-28 11:31:00,2009-12-05 11:19:00,5,1417.95,385,26,63,509,283.59000000000003,127.25,115.0,385.0,0.2987012987012987,0,1,0.4652494997337418,0,Medium Risk
15138,2010-11-11 09:16:00,2010-11-11 09:16:00,1,502.52,300,31,231,1,502.52,1.0,22.0,300.0,0.0733333333333333,0,1,0.8450464115956917,1,High Risk
14123,2009-12-06 15:35:00,2009-12-06 15:35:00,1,436.18,234,24,571,1,436.18,1.0,0.0,234.0,0.0,0,1,0.833308540429381,1,High Risk
15226,2011-02-02 11:41:00,2011-02-02 11:41:00,1,154.41,71,8,148,1,154.41,1.0,0.0,71.0,0.0,0,1,0.9286525031354596,1,High Risk
13472,2010-09-02 09:41:00,2010-06-02 09:48:00,2,592.24,310,24,301,91,296.12,91.0,0.0,310.0,0.0,0,1,0.8003809864715411,1,High Risk
16462,2011-06-07 11:07:00,2011-03-01 08:58:00,2,68.0,8,1,23,98,34.0,98.0,0.0,8.0,0.0,1,0,0.6885097741402522,1,High Risk
12413,2011-04-17 15:33:00,2010-11-02 13:26:00,3,805.25,238,37,74,166,268.4166666666667,83.0,4.0,238.0,0.0168067226890756,0,1,0.4980012051234327,0,Medium Risk
17238,2011-06-08 10:43:00,2009-12-01 10:59:00,24,5144.41,2419,402,22,553,214.35041666666663,24.043478260869566,0.0,2419.0,0.0,3,0,0.06574540310516575,0,Low Risk
15061,2011-06-21 10:56:00,2009-12-01 12:18:00,111,104074.92,62170,116,9,566,937.611891891892,5.1454545454545455,690.0,62170.0,0.0110986006112272,9,0,0.012189210593927463,0,Low Risk
17034,2011-02-25 10:10:00,2010-07-14 12:55:00,3,672.7,382,31,125,225,224.23333333333332,112.5,17.0,382.0,0.0445026178010471,1,0,0.619618205544704,1,Medium Risk
17753,2010-09-01 15:49:00,2010-01-06 14:20:00,4,382.06,124,63,302,238,95.515,79.33333333333333,2.0,124.0,0.0161290322580645,0,1,0.6822530317386751,1,High Risk
17946,2011-04-20 17:00:00,2011-03-25 14:34:00,2,149.57999999999998,75,18,71,26,74.78999999999999,26.0,0.0,75.0,0.0,0,1,0.5907939638672407,1,Medium Risk
18271,2010-04-09 09:26:00,2009-12-08 11:27:00,2,680.85,319,19,447,121,340.425,121.0,0.0,319.0,0.0,0,1,0.7598733535422018,1,High Risk
15702,2010-08-20 14:50:00,2010-01-26 17:23:00,2,140.39,103,30,314,205,70.19500000000001,205.0,0.0,103.0,0.0,0,1,0.8615167145391511,1,High Risk
12737,2010-07-29 12:29:00,2010-07-29 12:27:00,2,3710.5,2,2,336,1,1855.25,1.0,0.0,2.0,0.0,0,1,0.8685234658004817,1,High Risk
14468,2009-12-06 12:21:00,2009-12-06 12:21:00,1,204.24,164,12,571,1,204.24,1.0,0.0,164.0,0.0,0,1,0.9069901284363335,1,High Risk
14441,2011-03-29 12:01:00,2010-01-18 10:40:00,8,3255.64,922,76,93,435,406.955,62.142857142857146,11.0,922.0,0.0119305856832971,1,0,0.24404303850239137,0,Low Risk
14526,2010-11-15 13:32:00,2010-11-15 13:32:00,1,258.65,178,41,227,1,258.65,1.0,0.0,178.0,0.0,0,1,0.8614842312263499,1,High Risk
18017,2011-06-23 15:48:00,2010-10-04 15:11:00,3,509.0,300,1,7,262,169.66666666666666,131.0,0.0,300.0,0.0,1,0,0.6017962801998555,1,Medium Risk
14408,2011-06-21 13:58:00,2009-12-07 12:18:00,8,2718.56,1549,38,9,561,339.82,80.14285714285714,0.0,1549.0,0.0,2,0,0.1575680349248688,0,Low Risk
14795,2011-06-26 13:04:00,2011-06-26 13:04:00,1,131.45000000000002,17,6,4,1,131.45000000000002,1.0,0.0,17.0,0.0,0,1,0.5361960664254389,1,Medium Risk
13117,2011-05-06 10:45:00,2010-03-26 13:50:00,16,2022.12,1518,113,55,405,126.3825,27.0,2.0,1518.0,0.0013175230566534,1,0,0.21525491674870875,0,Low Risk
13166,2011-03-01 15:16:00,2010-10-21 14:29:00,2,875.93,522,55,121,131,437.965,131.0,2.0,522.0,0.003831417624521,0,1,0.6445637243097043,1,Medium Risk
17175,2011-06-12 12:08:00,2011-02-16 14:56:00,2,821.7,514,30,18,115,410.85,115.0,0.0,514.0,0.0,1,0,0.4028083514496992,0,Medium Risk
16666,2010-03-28 15:13:00,2010-03-28 15:13:00,1,98.73,121,15,459,1,98.73,1.0,0.0,121.0,0.0,0,1,0.9130058312164324,1,High Risk
12457,2011-04-20 10:10:00,2010-09-30 17:59:00,4,1699.93,648,37,71,201,424.9825,67.0,114.0,649.0,0.1756548536209553,3,0,0.45580801170483787,0,Medium Risk
14042,2009-12-14 15:07:00,2009-12-14 15:07:00,1,431.98,180,21,563,1,431.98,1.0,0.0,180.0,0.0,0,1,0.8618251364052931,1,High Risk
16534,2010-03-07 15:47:00,2010-03-07 15:47:00,1,635.9,168,36,480,1,635.9,1.0,0.0,168.0,0.0,0,1,0.7936358937290093,1,High Risk
17325,2011-03-04 13:09:00,2010-03-08 11:31:00,3,609.5699999999999,465,39,118,361,203.19,180.5,0.0,465.0,0.0,0,1,0.6468461643188346,1,Medium Risk
12661,2010-09-29 16:46:00,2010-09-29 16:46:00,1,162.0,216,11,274,1,162.0,1.0,0.0,216.0,0.0,0,1,0.8798251519583687,1,High Risk
16118,2010-02-25 09:40:00,2010-02-25 09:40:00,1,4376.25,2851,41,490,1,4376.25,1.0,29.0,2851.0,0.0101718695194668,0,1,0.809991627598053,1,High Risk
15494,2010-08-18 16:54:00,2009-12-10 20:16:00,3,2422.02,1913,219,316,250,807.34,125.0,1.0,1913.0,0.0005227391531625,1,0,0.4775351823923948,0,Medium Risk
12408,2011-06-17 10:51:00,2010-07-29 13:27:00,6,2943.99,1554,86,13,322,490.665,64.4,42.0,1554.0,0.027027027027027,1,0,0.1696209566695612,0,Low Risk
15037,2010-11-28 13:05:00,2010-11-28 12:14:00,2,397.76,298,40,214,1,198.88,1.0,0.0,298.0,0.0,0,1,0.8642039496198808,1,High Risk
17458,2010-11-23 11:43:00,2010-11-23 11:43:00,1,213.08,112,32,219,1,213.08,1.0,0.0,112.0,0.0,0,1,0.8874899785639138,1,High Risk
17592,2009-12-01 10:49:00,2009-12-01 10:49:00,1,148.3,38,13,576,1,148.3,1.0,38.0,38.0,1.0,0,1,0.9044781417029905,1,High Risk
16810,2011-05-31 15:32:00,2010-10-15 15:32:00,2,842.0400000000001,372,34,30,228,421.02,228.0,5.0,372.0,0.0134408602150537,0,1,0.5706163839803557,1,Medium Risk
13081,2011-05-06 08:10:00,2009-12-08 13:58:00,24,42964.5,30585,628,55,513,1790.1875,22.30434782608696,308.0,30633.0,0.0100545163712336,1,0,0.11488968487172758,0,Low Risk
12613,2011-05-26 09:18:00,2009-12-14 13:10:00,9,4935.51,3272,173,35,527,548.39,65.875,72.0,3272.0,0.0220048899755501,0,1,0.13465861720701522,0,Low Risk
14744,2011-02-15 11:33:00,2010-05-18 14:06:00,12,3488.13,2291,53,135,272,290.6775,24.727272727272727,3.0,2291.0,0.0013094718463553,0,1,0.30974863917037804,0,Low Risk
16687,2010-11-14 11:46:00,2010-11-14 11:46:00,1,157.63,141,8,228,1,157.63,1.0,0.0,141.0,0.0,0,1,0.9027301864216544,1,High Risk
17337,2011-05-12 20:13:00,2011-02-02 17:06:00,3,1948.11,1222,421,49,99,649.37,49.5,28.0,1222.0,0.0229132569558101,1,0,0.30742747528397385,0,Low Risk
14871,2011-06-14 13:04:00,2009-12-01 11:57:00,8,1062.19,376,101,16,560,132.77375,80.0,0.0,376.0,0.0,0,1,0.47427070942676164,0,Medium Risk
15220,2011-06-23 10:52:00,2011-03-04 10:24:00,4,946.81,861,57,7,111,236.7025,37.0,16.0,861.0,0.0185830429732868,1,0,0.31929303905246664,0,Low Risk
14104,2011-06-27 12:49:00,2010-05-28 16:11:00,4,638.5799999999999,494,115,3,394,159.64499999999998,131.33333333333334,0.0,494.0,0.0,1,0,0.593989828424238,1,Medium Risk
13444,2010-11-30 13:02:00,2010-07-21 14:34:00,2,619.08,331,51,212,131,309.54,131.0,0.0,331.0,0.0,0,1,0.7779515985076949,1,High Risk
14956,2010-10-14 16:40:00,2010-10-14 16:40:00,1,1325.0,2500,4,259,1,1325.0,1.0,0.0,2500.0,0.0,0,1,0.6784971193346551,1,High Risk
15550,2011-06-22 16:01:00,2009-12-03 15:15:00,10,1914.46,1002,153,8,566,191.446,62.888888888888886,8.0,1002.0,0.0079840319361277,1,0,0.34185898479588955,0,Medium Risk
13262,2011-03-21 15:06:00,2010-04-18 12:14:00,3,573.45,247,48,101,337,191.15,168.5,0.0,247.0,0.0,0,1,0.6100164532130306,1,Medium Risk
16779,2011-06-29 14:53:00,2009-12-03 13:03:00,44,27235.15,17026,275,1,573,618.9806818181819,13.325581395348838,94.0,17026.0,0.005520967931399,3,0,0.024008381797288144,0,Low Risk
17470,2011-05-06 10:37:00,2010-07-19 16:16:00,9,2124.51,1939,89,55,290,236.05666666666664,36.25,0.0,1939.0,0.0,1,0,0.19286680756314717,0,Low Risk
13266,2011-06-07 13:33:00,2009-12-17 10:52:00,13,4127.21,4781,120,23,537,317.47769230769234,44.75,129.0,4781.0,0.0269818029700899,3,0,0.10514179376058544,0,Low Risk
13392,2010-01-31 13:34:00,2010-01-31 13:34:00,1,91.14,82,8,515,1,91.14,1.0,0.0,82.0,0.0,0,1,0.9507630864303781,1,High Risk
16837,2011-05-26 11:38:00,2011-04-08 08:48:00,8,1814.74,707,76,35,48,226.8425,6.857142857142857,1.0,707.0,0.0014144271570014,1,0,0.17727764991700007,0,Low Risk
13819,2011-02-11 10:38:00,2009-12-01 16:18:00,6,2642.35,2309,47,139,436,440.39166666666665,87.2,7.0,2309.0,0.0030316154179298,0,1,0.3897822572796297,0,Medium Risk
14589,2010-12-03 11:42:00,2010-12-03 11:42:00,1,39.75,5,3,209,1,39.75,1.0,0.0,5.0,0.0,0,1,0.8864950000529037,1,High Risk
17440,2011-04-06 12:08:00,2010-06-08 14:40:00,3,261.78,198,4,85,301,87.25999999999999,150.5,3.0,198.0,0.0151515151515151,1,0,0.6473664926039658,1,Medium Risk
15512,2010-12-15 12:01:00,2010-02-01 13:23:00,3,311.78,223,28,197,316,103.92666666666666,158.0,0.0,223.0,0.0,1,0,0.7417186511623745,1,High Risk
13658,2011-05-19 17:15:00,2010-02-05 13:17:00,5,4319.63,1452,119,42,468,863.926,117.0,25.0,1452.0,0.0172176308539944,2,0,0.364026708894069,0,Medium Risk
17480,2010-09-21 12:31:00,2010-09-21 12:31:00,1,370.41,243,24,282,1,370.41,1.0,0.0,243.0,0.0,1,0,0.8133074816172642,1,High Risk
12964,2010-09-28 17:47:00,2010-09-28 17:47:00,1,132.24,56,26,275,1,132.24,1.0,0.0,56.0,0.0,0,1,0.9277477185573363,1,High Risk
15051,2010-11-25 16:46:00,2009-12-01 13:29:00,6,2543.55,2042,113,217,359,423.925,71.8,12.0,2042.0,0.0058765915768854,1,0,0.44301627746229805,0,Medium Risk
17679,2010-07-06 09:39:00,2009-12-03 17:32:00,5,1585.5,1026,41,359,214,317.1,53.5,341.0,1026.0,0.3323586744639376,1,0,0.6751983652553986,1,High Risk
17158,2011-04-21 10:12:00,2010-03-07 15:50:00,4,1411.58,830,61,70,409,352.895,136.33333333333334,4.0,830.0,0.0048192771084337,0,1,0.4238643168553085,0,Medium Risk
16941,2010-04-07 11:13:00,2010-04-07 11:13:00,1,33.0,12,2,449,1,33.0,1.0,0.0,12.0,0.0,0,1,0.8737111313331533,1,High Risk
13847,2009-12-20 10:41:00,2009-12-20 10:41:00,1,310.72,96,19,557,1,310.72,1.0,0.0,96.0,0.0,0,1,0.893679201144632,1,High Risk
14420,2010-11-08 10:49:00,2010-01-17 12:41:00,3,1251.65,786,58,234,294,417.2166666666667,147.0,4.0,786.0,0.005089058524173,1,0,0.5848713449301439,1,Medium Risk
16039,2010-10-12 10:44:00,2010-03-21 15:17:00,2,456.4,409,27,261,204,228.2,204.0,1.0,409.0,0.0024449877750611,0,1,0.711554278863825,1,High Risk
14646,2011-06-28 11:22:00,2009-12-02 16:52:00,110,384398.61,267699,766,2,572,3494.532818181818,5.247706422018348,1844.0,267763.0,0.0068866871076287,14,0,0.011099654181780385,0,Low Risk
12424,2011-06-30 12:06:00,2010-06-09 15:15:00,4,3340.03,2025,78,0,385,835.0075,128.33333333333334,10.0,2025.0,0.0049382716049382,0,1,0.2938077210003762,0,Low Risk
17145,2010-07-15 09:02:00,2010-02-19 12:07:00,4,3120.91,2591,168,350,145,780.2275,48.333333333333336,28.0,2591.0,0.0108066383635661,0,1,0.5658870255022166,1,Medium Risk
12608,2010-10-31 10:49:00,2010-10-31 10:49:00,1,415.79,323,16,242,1,415.79,1.0,0.0,323.0,0.0,0,1,0.7111825171582093,1,High Risk
16663,2009-12-10 13:12:00,2009-12-10 13:12:00,1,165.0,100,1,567,1,165.0,1.0,0.0,100.0,0.0,0,1,0.9038314273419652,1,High Risk
12911,2010-06-06 12:13:00,2010-06-06 12:13:00,1,1651.72,807,220,389,1,1651.72,1.0,0.0,807.0,0.0,0,1,0.790280250683569,1,High Risk
15134,2011-06-15 10:29:00,2010-10-13 12:44:00,5,619.38,434,27,15,244,123.876,61.0,0.0,434.0,0.0,2,0,0.36773941287139944,0,Medium Risk
13619,2010-06-13 11:39:00,2010-02-03 14:16:00,2,224.94,79,39,382,129,112.47,129.0,0.0,79.0,0.0,0,1,0.9360817815800595,1,High Risk
17227,2011-06-20 10:13:00,2010-01-15 15:05:00,9,1413.36,1236,50,10,520,157.04000000000002,65.0,0.0,1236.0,0.0,1,0,0.1845518147783826,0,Low Risk
17046,2010-09-21 13:40:00,2010-03-29 13:46:00,4,1264.05,1126,57,282,175,316.0125,58.333333333333336,0.0,1126.0,0.0,1,0,0.7161689019179828,1,High Risk
13108,2010-12-02 10:35:00,2010-09-30 17:09:00,2,748.46,745,27,210,62,374.23,62.0,0.0,745.0,0.0,0,1,0.5791616433634722,1,Medium Risk
14966,2010-11-17 13:14:00,2009-12-15 13:48:00,5,881.24,881,93,225,336,176.248,84.0,0.0,881.0,0.0,0,1,0.7479824753629556,1,High Risk
15589,2011-03-29 09:54:00,2011-02-02 10:46:00,3,478.53,243,28,93,54,159.51000000000002,27.0,1.0,243.0,0.0041152263374485,0,1,0.5517374640051027,1,Medium Risk
14892,2010-01-18 08:58:00,2010-01-18 08:58:00,1,202.35,79,13,528,1,202.35,1.0,0.0,79.0,0.0,0,1,0.9441451741528963,1,High Risk
13647,2011-06-17 13:17:00,2010-04-15 12:55:00,6,2197.42,1349,78,13,428,366.2366666666667,85.6,0.0,1349.0,0.0,1,0,0.1923720537018686,0,Low Risk
15827,2011-06-09 13:37:00,2010-01-08 11:25:00,24,2882.72,1296,98,21,517,120.11333333333332,22.47826086956522,69.0,1296.0,0.0532407407407407,4,0,0.12115136137825354,0,Low Risk
13427,2011-05-08 15:58:00,2009-12-17 13:44:00,4,638.4300000000001,465,23,53,507,159.60750000000002,169.0,0.0,465.0,0.0,1,0,0.61265156445667,1,Medium Risk
16882,2011-04-14 14:36:00,2011-01-26 17:43:00,2,215.7,102,15,77,77,107.85,77.0,0.0,102.0,0.0,0,1,0.5775628107996226,1,Medium Risk
14380,2010-01-26 17:11:00,2010-01-26 17:11:00,1,48.96,1,1,520,1,48.96,1.0,1.0,1.0,1.0,0,1,0.7651718492479983,1,High Risk
14155,2011-03-18 14:13:00,2011-03-18 14:13:00,1,118.75,25,6,104,1,118.75,1.0,0.0,25.0,0.0,0,1,0.8095078053459694,1,High Risk
15478,2010-05-13 18:49:00,2010-05-13 18:49:00,1,583.56,319,24,413,1,583.56,1.0,0.0,319.0,0.0,0,1,0.8491595235249905,1,High Risk
15040,2010-06-16 11:40:00,2010-06-16 11:40:00,1,7.49,1,1,379,1,7.49,1.0,0.0,1.0,0.0,0,1,0.914539468166573,1,High Risk
15488,2010-09-09 11:59:00,2010-05-05 13:03:00,4,340.6,178,8,294,126,85.15,42.0,0.0,178.0,0.0,1,0,0.8155278864392175,1,High Risk
15181,2011-06-17 13:57:00,2009-12-08 19:02:00,4,945.72,396,14,13,555,236.43,185.0,50.0,396.0,0.1262626262626262,0,1,0.4372078504336576,0,Medium Risk
17422,2011-06-12 13:22:00,2010-06-23 10:19:00,8,2618.5,2320,123,18,354,327.3125,50.57142857142857,124.0,2320.0,0.0534482758620689,2,0,0.20134554750479325,0,Low Risk
18004,2010-12-12 13:47:00,2010-12-12 13:47:00,1,157.92,75,32,200,1,157.92,1.0,0.0,75.0,0.0,0,1,0.9491007487084185,1,High Risk
14200,2010-04-01 13:01:00,2010-04-01 13:01:00,1,379.2,140,21,455,1,379.2,1.0,0.0,140.0,0.0,0,1,0.8849476649636574,1,High Risk
13080,2011-06-13 14:59:00,2010-04-09 13:07:00,4,280.73,193,17,17,430,70.1825,143.33333333333334,2.0,193.0,0.0103626943005181,0,1,0.6457948757915697,1,Medium Risk
17342,2010-11-25 11:07:00,2010-02-08 09:16:00,4,1227.54,521,31,217,290,306.885,96.66666666666669,22.0,521.0,0.0422264875239923,0,1,0.6466227193552749,1,Medium Risk
14931,2011-05-17 17:12:00,2011-04-13 09:32:00,2,586.0,98,10,44,34,293.0,34.0,1.0,98.0,0.010204081632653,1,0,0.4042921455684711,0,Medium Risk
17972,2011-04-12 12:16:00,2011-04-12 12:16:00,1,135.19,36,30,79,1,135.19,1.0,0.0,36.0,0.0,0,1,0.6249882485360444,1,Medium Risk
12500,2011-06-24 10:16:00,2010-02-04 15:05:00,13,3093.23,1680,71,6,504,237.94076923076923,42.0,10.0,1680.0,0.0059523809523809,1,0,0.06918567959234005,0,Low Risk
16375,2010-08-26 14:25:00,2010-08-26 14:12:00,2,104.0,74,11,308,1,52.0,1.0,0.0,74.0,0.0,0,1,0.9060536248656175,1,High Risk
14835,2010-06-29 10:08:00,2010-04-01 19:34:00,2,297.0,180,1,366,88,148.5,88.0,2.0,180.0,0.0111111111111111,0,1,0.8251649641646251,1,High Risk
14063,2010-09-27 16:18:00,2009-12-08 13:46:00,9,22710.2,3850,30,276,293,2523.355555555556,36.625,4.0,3850.0,0.001038961038961,0,1,0.40837404372606056,0,Medium Risk
14982,2010-05-16 15:52:00,2010-05-16 15:52:00,1,237.78,125,39,410,1,237.78,1.0,0.0,125.0,0.0,0,1,0.8875720066990415,1,High Risk
17476,2010-11-09 10:21:00,2009-12-02 12:09:00,2,489.86,224,29,233,341,244.93,341.0,4.0,224.0,0.0178571428571428,0,1,0.847186099111897,1,High Risk
15039,2011-06-30 11:32:00,2009-12-10 11:39:00,76,34804.06,15896,504,0,566,457.9481578947368,7.546666666666667,125.0,15896.0,0.0078636134876698,9,0,0.014104113457812487,0,Low Risk
15182,2011-03-16 12:42:00,2010-02-21 12:03:00,10,2746.582,1077,75,106,388,274.6582,43.11111111111112,12.0,1077.0,0.011142061281337,1,0,0.28230704218890995,0,Low Risk
13793,2010-03-03 08:25:00,2010-03-03 08:25:00,1,96.0,52,7,484,1,96.0,1.0,0.0,52.0,0.0,0,1,0.9598136626632203,1,High Risk
17329,2011-01-28 15:29:00,2009-12-03 16:09:00,4,718.78,355,73,153,420,179.695,140.0,0.0,355.0,0.0,0,1,0.6800684532796436,1,High Risk
13091,2009-12-10 12:44:00,2009-12-10 11:50:00,2,1976.0,873,24,567,1,988.0,1.0,2408.0,873.0,2.7583046964490263,0,1,0.8104108751080558,1,High Risk
17190,2011-05-16 15:29:00,2010-03-05 13:21:00,6,1476.83,2058,144,45,437,246.1383333333333,87.4,1.0,2058.0,0.0004859086491739,0,1,0.26909812781065817,0,Low Risk
17259,2010-12-06 12:55:00,2010-02-22 13:38:00,5,1239.11,712,159,206,286,247.822,71.5,0.0,712.0,0.0,1,0,0.6107459315541698,1,Medium Risk
13004,2011-06-24 16:21:00,2009-12-15 09:44:00,28,9143.52,6744,339,6,556,326.5542857142857,20.59259259259259,312.0,6744.0,0.0462633451957295,3,0,0.00735117388900499,0,Low Risk
12586,2010-11-30 10:47:00,2009-12-16 13:15:00,3,1865.73,608,76,212,348,621.91,174.0,2.0,608.0,0.0032894736842105,0,1,0.6101882590500814,1,Medium Risk
16091,2011-05-25 09:18:00,2011-05-25 09:18:00,1,157.25,83,10,36,1,157.25,1.0,0.0,83.0,0.0,1,0,0.62781135875365,1,Medium Risk
15713,2010-12-08 15:16:00,2009-12-16 09:41:00,3,654.09,360,39,204,357,218.03,178.5,4.0,360.0,0.0111111111111111,1,0,0.6906764107352651,1,High Risk
16235,2011-06-06 11:26:00,2010-08-26 12:10:00,7,1851.69,709,75,24,283,264.52714285714285,47.16666666666666,8.0,709.0,0.0112834978843441,1,0,0.28770534673747866,0,Low Risk
13989,2011-04-14 15:39:00,2010-05-25 12:13:00,4,1656.65,1763,53,77,324,414.1625,108.0,0.0,1763.0,0.0,0,1,0.270123637997954,0,Low Risk
16904,2011-06-30 12:04:00,2010-10-24 16:03:00,14,3000.08,1529,371,0,248,214.29142857142853,19.07692307692308,0.0,1529.0,0.0,5,0,0.11730292832918306,0,Low Risk
18127,2010-11-01 13:56:00,2010-11-01 13:56:00,1,209.05,63,21,241,1,209.05,1.0,0.0,63.0,0.0,1,0,0.9211715194543533,1,High Risk
15067,2011-03-02 12:10:00,2010-04-11 15:54:00,3,2966.17,1532,125,120,324,988.7233333333334,162.0,1.0,1532.0,0.0006527415143603,2,0,0.3909321708828499,0,Medium Risk
16947,2011-04-18 09:38:00,2010-03-03 10:54:00,5,955.21,655,50,73,410,191.042,102.5,42.0,655.0,0.0641221374045801,0,1,0.4893783651384643,0,Medium Risk
13642,2011-05-08 12:34:00,2010-10-03 12:23:00,4,472.2,231,93,53,217,118.05,72.33333333333333,1.0,231.0,0.0043290043290043,0,1,0.45003670602267426,0,Medium Risk
16418,2011-04-27 16:54:00,2010-10-13 12:31:00,3,543.53,371,71,64,196,181.17666666666665,98.0,0.0,371.0,0.0,1,0,0.5086319518811772,1,Medium Risk
12374,2010-10-14 13:31:00,2010-04-30 14:01:00,3,2246.29,1020,47,259,166,748.7633333333333,83.0,0.0,1020.0,0.0,0,1,0.49565071607326316,0,Medium Risk
14880,2011-06-07 13:27:00,2011-02-24 12:27:00,2,347.67,237,25,23,103,173.835,103.0,0.0,237.0,0.0,1,0,0.478833406046098,0,Medium Risk
14682,2011-06-05 12:12:00,2010-02-05 14:47:00,6,1514.81,949,79,25,484,252.46833333333333,96.8,0.0,949.0,0.0,0,1,0.39091341137928814,0,Medium Risk
15846,2010-11-19 14:40:00,2010-11-19 14:40:00,1,107.01,79,27,223,1,107.01,1.0,0.0,79.0,0.0,0,1,0.9142299338541,1,High Risk
12481,2011-06-13 10:52:00,2010-04-11 13:10:00,13,10690.95,6215,213,17,427,822.3807692307693,35.583333333333336,138.0,6215.0,0.0222043443282381,0,1,0.04399530270059146,0,Low Risk
18092,2011-06-08 12:02:00,2009-12-04 12:37:00,14,10295.5,6454,33,22,550,735.3928571428571,42.30769230769231,1.0,6454.0,0.0001549426712116,2,0,0.039807753250548514,0,Low Risk
12418,2010-10-22 10:29:00,2010-03-19 14:47:00,3,1352.62,681,61,251,216,450.8733333333333,108.0,1.0,681.0,0.0014684287812041,1,0,0.6580187500719504,1,Medium Risk
15212,2011-04-12 13:45:00,2010-11-28 10:45:00,2,208.28,84,7,79,135,104.14,135.0,3.0,84.0,0.0357142857142857,0,1,0.6808265057138867,1,High Risk
17624,2011-05-05 17:59:00,2009-12-20 12:35:00,3,1125.45,716,71,56,501,375.15,250.5,0.0,716.0,0.0,0,1,0.4514721528005863,0,Medium Risk
13648,2010-11-04 14:46:00,2009-12-01 18:13:00,8,1764.02,960,95,238,337,220.5025,48.142857142857146,32.0,960.0,0.0333333333333333,0,1,0.7082205778527381,1,High Risk
18254,2010-05-07 14:37:00,2010-05-07 14:37:00,1,267.9,188,16,419,1,267.9,1.0,0.0,188.0,0.0,0,1,0.9014023432239695,1,High Risk
14400,2010-10-27 13:59:00,2010-03-18 12:11:00,2,1157.77,1252,47,246,223,578.885,223.0,9.0,1252.0,0.0071884984025559,1,0,0.5271321688080955,1,Medium Risk
14813,2010-12-05 11:57:00,2010-04-08 11:49:00,4,888.91,392,110,207,241,222.2275,80.33333333333333,0.0,392.0,0.0,0,1,0.7360686720646042,1,High Risk
17003,2010-11-02 13:15:00,2010-05-10 11:20:00,4,828.21,494,90,240,176,207.0525,58.66666666666666,0.0,494.0,0.0,0,1,0.7581954964784322,1,High Risk
17735,2011-06-27 12:32:00,2010-07-30 13:25:00,18,10503.35,6704,317,3,331,583.5194444444445,19.47058823529412,29.0,6704.0,0.0043257756563245,5,0,0.020304129925314707,0,Low Risk
13000,2011-03-25 10:14:00,2009-12-14 17:03:00,3,956.18,476,56,97,465,318.7266666666667,232.5,10.0,476.0,0.0210084033613445,1,0,0.5546187259065477,1,Medium Risk
14051,2011-06-19 10:34:00,2009-12-03 11:53:00,26,12529.93,3703,74,11,562,481.9203846153847,22.48,56.0,3703.0,0.0151228733459357,4,0,0.017380730096101468,0,Low Risk
16307,2010-10-06 14:31:00,2010-05-11 14:40:00,3,1194.92,1123,69,267,147,398.3066666666667,73.5,0.0,1123.0,0.0,0,1,0.6824172544214042,1,High Risk
13865,2011-06-06 08:04:00,2011-02-23 12:04:00,2,282.52,100,17,24,102,141.26,102.0,0.0,100.0,0.0,1,0,0.5074704480193712,1,Medium Risk
12820,2011-01-17 12:34:00,2009-12-05 13:37:00,8,1917.64,1388,91,164,407,239.705,58.142857142857146,38.0,1390.0,0.0273381294964028,1,0,0.43852504191420333,0,Medium Risk
17221,2010-04-27 10:27:00,2010-04-11 15:34:00,3,642.14,426,58,429,15,214.04666666666665,7.5,0.0,426.0,0.0,0,1,0.8177363576590183,1,High Risk
16279,2011-06-16 11:50:00,2010-04-22 14:09:00,7,4554.58,2793,175,14,419,650.6542857142857,69.83333333333333,2.0,2793.0,0.0007160759040458,1,0,0.20388250615679993,0,Low Risk
17553,2010-08-24 09:49:00,2010-04-08 09:44:00,3,2270.0,1240,2,310,138,756.6666666666666,69.0,0.0,1240.0,0.0,1,0,0.5097554260290069,1,Medium Risk
14132,2011-06-30 17:29:00,2011-06-09 12:04:00,2,607.92,578,39,0,21,303.96,21.0,0.0,578.0,0.0,4,0,0.35393274247087947,0,Medium Risk
12349,2010-10-28 08:23:00,2010-04-29 13:20:00,3,2671.14,993,90,245,181,890.38,90.5,5.0,993.0,0.0050352467270896,0,1,0.47861073101130863,0,Medium Risk
15917,2011-04-06 10:40:00,2009-12-02 14:55:00,5,530.17,248,127,85,489,106.034,122.25,0.0,248.0,0.0,0,1,0.6026735458244745,1,Medium Risk
14030,2011-04-10 14:02:00,2009-12-10 17:27:00,17,6597.98,3387,522,81,485,388.1164705882353,30.3125,54.0,3387.0,0.0159433126660761,2,0,0.05361050790691743,0,Low Risk
12462,2011-02-09 14:44:00,2011-02-09 14:44:00,1,762.11,287,40,141,1,762.11,1.0,4.0,287.0,0.0139372822299651,0,1,0.797067119445465,1,High Risk
17112,2010-07-25 11:14:00,2010-07-25 11:14:00,1,197.57,130,44,340,1,197.57,1.0,0.0,130.0,0.0,0,1,0.8740886369742117,1,High Risk
17594,2011-03-30 10:32:00,2010-04-14 08:53:00,3,1819.7,1038,52,92,350,606.5666666666667,175.0,0.0,1038.0,0.0,1,0,0.3728979481517046,0,Medium Risk
13659,2011-05-18 12:37:00,2010-02-17 09:05:00,12,4884.68,2527,224,43,455,407.0566666666667,41.36363636363637,35.0,2527.0,0.0138504155124653,0,1,0.07300564265339261,0,Low Risk
13343,2011-06-15 12:24:00,2011-06-15 12:24:00,1,353.43,135,19,15,1,353.43,1.0,9.0,135.0,0.0666666666666666,0,1,0.455956898288707,0,Medium Risk
13185,2011-03-17 11:56:00,2011-03-17 11:56:00,1,71.4,12,1,105,1,71.4,1.0,0.0,12.0,0.0,0,1,0.7626358347600207,1,High Risk
13911,2011-05-26 19:13:00,2010-03-01 16:31:00,17,3357.99,3221,152,35,451,197.5288235294117,28.1875,11.0,3221.0,0.0034150884818379,2,0,0.04731848062153576,0,Low Risk
14045,2011-01-06 10:01:00,2010-01-08 10:08:00,15,10578.63,4411,16,175,362,705.242,25.857142857142858,340.0,4413.0,0.0770450940403353,1,0,0.4721335782418911,0,Medium Risk
12758,2011-03-08 12:05:00,2009-12-01 14:40:00,6,8681.84,5129,168,114,461,1446.9733333333334,92.2,64.0,5129.0,0.0124780658997855,1,0,0.5564816175628136,1,Medium Risk
15731,2010-06-04 10:10:00,2010-06-04 10:10:00,1,125.3,122,8,391,1,125.3,1.0,0.0,122.0,0.0,0,1,0.9173627750846687,1,High Risk
15805,2011-06-17 13:42:00,2009-12-10 12:57:00,23,7658.5,4714,259,13,554,332.9782608695652,25.181818181818183,112.0,4714.0,0.023759015697921,1,0,0.007292634350162811,0,Low Risk
12690,2011-05-18 09:09:00,2011-05-18 09:09:00,1,389.01,106,16,43,1,389.01,1.0,0.0,106.0,0.0,0,1,0.44723905751170134,0,Medium Risk
15922,2010-12-01 13:51:00,2010-12-01 13:51:00,1,369.5,138,11,211,1,369.5,1.0,2.0,138.0,0.0144927536231884,0,1,0.8359342715375668,1,High Risk
17416,2011-06-16 17:08:00,2009-12-14 16:29:00,19,14790.78,7094,287,14,549,778.4621052631579,30.5,14.0,7094.0,0.0019734987313222,2,0,0.012831450946932162,0,Low Risk
13073,2010-10-24 14:06:00,2010-09-28 09:27:00,2,418.08,261,25,249,26,209.04,26.0,0.0,261.0,0.0,0,1,0.8610545618377566,1,High Risk
12563,2010-10-27 09:52:00,2010-10-27 09:52:00,1,249.24,113,13,246,1,249.24,1.0,0.0,113.0,0.0,0,1,0.8680694972218401,1,High Risk
12652,2011-01-12 15:00:00,2010-10-01 15:16:00,2,1017.03,536,51,169,102,508.515,102.0,3.0,536.0,0.0055970149253731,0,1,0.5872237720621,1,Medium Risk
16002,2010-03-24 13:08:00,2010-03-24 13:08:00,1,169.21,70,42,463,1,169.21,1.0,0.0,70.0,0.0,0,1,0.9565678949561334,1,High Risk
12639,2011-04-15 12:48:00,2010-03-22 09:05:00,3,1312.37,631,58,76,389,437.45666666666665,194.5,0.0,631.0,0.0,0,1,0.47430012797230164,0,Medium Risk
12573,2011-04-26 15:52:00,2010-08-31 17:25:00,5,717.41,479,107,65,237,143.482,59.25,0.0,479.0,0.0,0,1,0.38342442008657956,0,Medium Risk
18110,2010-10-24 14:21:00,2010-10-24 14:21:00,1,193.48,97,29,249,1,193.48,1.0,0.0,97.0,0.0,0,1,0.9093017557882755,1,High Risk
13033,2010-12-17 14:23:00,2010-10-06 09:37:00,2,220.55,98,12,195,72,110.275,72.0,0.0,98.0,0.0,0,1,0.8624471604710718,1,High Risk
15339,2011-01-25 13:15:00,2010-02-08 13:38:00,6,1504.85,881,134,156,350,250.8083333333333,70.0,41.0,881.0,0.0465380249716231,0,1,0.5140673566876611,1,Medium Risk
16414,2011-03-04 13:27:00,2010-01-14 10:21:00,4,475.76,190,56,118,414,118.94,138.0,0.0,190.0,0.0,0,1,0.656735390231647,1,Medium Risk
17373,2011-01-31 11:46:00,2010-02-28 14:17:00,4,665.83,419,44,150,336,166.4575,112.0,0.0,419.0,0.0,2,0,0.708014882847793,1,High Risk
16019,2011-04-21 15:16:00,2009-12-14 14:12:00,24,16032.42,6110,192,70,493,668.0175,21.43478260869565,265.0,6110.0,0.0433715220949263,1,0,0.11429523563561596,0,Low Risk
16006,2011-05-12 13:12:00,2010-11-17 12:03:00,2,332.82,205,75,49,176,166.41,176.0,0.0,205.0,0.0,0,1,0.6226839655175211,1,Medium Risk
13165,2010-12-23 14:06:00,2010-10-22 17:04:00,2,784.32,856,20,189,61,392.16,61.0,0.0,856.0,0.0,0,1,0.5399020852474059,1,Medium Risk
12450,2011-06-19 14:36:00,2010-08-22 13:11:00,4,592.2,378,31,11,301,148.05,100.33333333333331,7.0,378.0,0.0185185185185185,1,0,0.5105210145860796,1,Medium Risk
14944,2011-06-06 15:06:00,2010-02-17 08:47:00,12,5716.45,3050,134,24,474,476.3708333333333,43.09090909090909,25.0,3050.0,0.0081967213114754,4,0,0.04172038024575527,0,Low Risk
14005,2011-06-17 08:09:00,2011-05-08 10:33:00,2,331.46,510,18,13,39,165.73,39.0,0.0,510.0,0.0,2,0,0.30814649976198805,0,Low Risk
16103,2011-06-06 11:55:00,2010-01-08 12:08:00,19,5567.33,2343,105,24,513,293.01736842105265,28.5,33.0,2343.0,0.0140845070422535,2,0,0.019652247458361242,0,Low Risk
12835,2010-10-08 10:59:00,2009-12-03 12:13:00,41,5996.83,2349,138,265,308,146.2641463414634,7.7,14.0,2349.0,0.0059599829714772,0,1,0.7145765834346492,1,High Risk
14187,2010-08-23 12:06:00,2010-08-23 12:06:00,1,123.5,50,8,311,1,123.5,1.0,0.0,50.0,0.0,0,1,0.9440590980687964,1,High Risk
16885,2010-12-17 17:23:00,2010-11-19 12:51:00,2,412.14,215,66,195,28,206.07,28.0,0.0,215.0,0.0,0,1,0.8503127293832121,1,High Risk
16007,2011-06-12 12:01:00,2010-06-14 13:18:00,5,2086.92,1824,269,18,362,417.384,90.5,0.0,1824.0,0.0,0,1,0.2793636348895046,0,Low Risk
13376,2011-05-20 09:08:00,2011-04-19 13:03:00,2,770.0,356,34,41,30,385.0,30.0,0.0,356.0,0.0,1,0,0.4018914628403862,0,Medium Risk
14509,2010-06-23 13:21:00,2010-06-23 13:21:00,1,110.95,38,25,372,1,110.95,1.0,0.0,38.0,0.0,0,1,0.9604421365611057,1,High Risk
15422,2011-01-20 16:17:00,2010-02-07 11:52:00,7,1619.97,710,80,161,347,231.42428571428573,57.833333333333336,1.0,710.0,0.0014084507042253,0,1,0.43015106413319887,0,Medium Risk
18171,2011-06-30 09:59:00,2010-01-05 10:46:00,7,1890.42,730,66,0,540,270.06,90.0,3.0,730.0,0.0041095890410958,1,0,0.3872435305181863,0,Medium Risk
13578,2010-10-26 13:44:00,2010-10-26 13:44:00,1,147.66,127,9,247,1,147.66,1.0,0.0,127.0,0.0,0,1,0.888442438812743,1,High Risk
17930,2011-06-30 18:44:00,2010-03-04 10:41:00,10,3228.88,2722,35,0,483,322.88800000000003,53.66666666666666,25.0,2722.0,0.0091844232182218,1,0,0.1908978622794716,0,Low Risk
13337,2010-06-11 13:27:00,2010-06-11 13:27:00,1,1575.26,980,87,384,1,1575.26,1.0,25.0,980.0,0.0255102040816326,0,1,0.7617526844310741,1,High Risk
12888,2011-05-09 16:02:00,2011-03-29 14:31:00,2,354.12,76,4,52,41,177.06,41.0,8.0,76.0,0.1052631578947368,0,1,0.4185400810706627,0,Medium Risk
14336,2011-05-25 14:44:00,2011-03-08 16:48:00,3,1114.39,989,53,36,77,371.46333333333337,38.5,0.0,989.0,0.0,0,1,0.27547886555759266,0,Low Risk
15393,2011-03-03 16:58:00,2009-12-15 17:56:00,4,783.58,322,35,119,442,195.895,147.33333333333334,0.0,322.0,0.0,0,1,0.6056139804609685,1,Medium Risk
18145,2011-05-19 10:38:00,2009-12-08 12:30:00,9,3771.97,3342,158,42,526,419.10777777777776,65.75,6.0,3342.0,0.0017953321364452,1,0,0.11697943417628494,0,Low Risk
17486,2011-03-23 14:00:00,2011-03-23 14:00:00,1,396.87,191,24,99,1,396.87,1.0,0.0,191.0,0.0,0,1,0.7622554296149395,1,High Risk
17683,2010-11-19 10:11:00,2010-06-03 17:15:00,3,819.01,781,41,223,168,273.00333333333333,84.0,0.0,781.0,0.0,0,1,0.698113106763477,1,High Risk
17177,2010-07-22 14:53:00,2010-07-22 14:53:00,1,119.5,40,29,343,1,119.5,1.0,0.0,40.0,0.0,0,1,0.9557640174877956,1,High Risk
15812,2011-06-03 15:31:00,2009-12-15 13:40:00,10,4454.55,3127,83,27,535,445.455,59.44444444444444,18.0,3127.0,0.005756315957787,2,0,0.0953216839135066,0,Low Risk
14426,2011-06-14 12:31:00,2010-03-04 14:36:00,11,9456.2,5552,412,16,466,859.6545454545455,46.6,11.0,5552.0,0.0019812680115273,2,0,0.15337922313865854,0,Low Risk
16353,2011-05-06 10:33:00,2009-12-07 13:55:00,26,5275.03,2271,63,55,514,202.88576923076923,20.56,5.0,2271.0,0.0022016732716864,4,0,0.08825218214301521,0,Low Risk
14672,2011-04-19 10:19:00,2010-01-28 11:33:00,4,1113.14,646,93,72,445,278.285,148.33333333333334,0.0,646.0,0.0,0,1,0.5936448289125086,1,Medium Risk
17026,2011-06-07 14:28:00,2010-10-18 15:22:00,3,175.82999999999998,107,4,23,231,58.60999999999999,115.5,0.0,107.0,0.0,0,1,0.5405863385881681,1,Medium Risk
17818,2009-12-02 11:34:00,2009-12-02 11:34:00,1,124.78,86,42,575,1,124.78,1.0,0.0,86.0,0.0,0,1,0.8797829279228018,1,High Risk
13785,2010-10-07 09:25:00,2010-09-05 16:01:00,4,542.49,151,26,266,31,135.6225,10.333333333333334,0.0,151.0,0.0,0,1,0.8416184330799679,1,High Risk
17463,2011-06-16 15:10:00,2010-04-29 17:57:00,5,1886.99,1112,177,14,412,377.398,103.0,6.0,1112.0,0.0053956834532374,0,1,0.34180121726562057,0,Medium Risk
15795,2010-10-05 15:17:00,2010-01-18 11:31:00,7,1369.86,830,74,268,260,195.6942857142857,43.333333333333336,0.0,830.0,0.0,1,0,0.8268064950411949,1,High Risk
13113,2011-06-30 10:52:00,2010-03-28 16:13:00,31,15628.13,3667,164,0,458,504.1332258064516,15.266666666666667,199.0,3672.0,0.054193899782135,2,0,0.06262414940520969,0,Low Risk
12620,2011-05-19 12:10:00,2011-05-19 12:10:00,1,561.66,434,33,42,1,561.66,1.0,0.0,434.0,0.0,1,0,0.4745431159265058,0,Medium Risk
14442,2011-05-19 11:36:00,2010-01-18 12:59:00,7,5367.02,1431,128,42,485,766.7171428571428,80.83333333333333,10.0,1431.0,0.0069881201956673,0,1,0.2270005657965094,0,Low Risk
16280,2009-12-14 15:49:00,2009-12-14 15:49:00,1,238.05,101,16,563,1,238.05,1.0,0.0,101.0,0.0,0,1,0.9099332690879077,1,High Risk
15498,2011-06-24 09:27:00,2009-12-16 17:27:00,33,19767.17,10008,518,6,554,599.0051515151516,17.3125,32.0,10008.0,0.0031974420463629,5,0,0.006577332652615061,0,Low Risk
14221,2011-06-02 17:00:00,2010-04-06 14:10:00,12,4738.52,2465,115,28,422,394.8766666666667,38.36363636363637,2.0,2465.0,0.0008113590263691,4,0,0.0630017273299842,0,Low Risk
13891,2010-11-26 15:57:00,2010-05-06 16:02:00,3,859.21,476,97,216,203,286.40333333333336,101.5,0.0,476.0,0.0,0,1,0.6965598685779734,1,High Risk
14706,2010-03-31 11:09:00,2010-03-31 11:09:00,1,367.54,246,25,456,1,367.54,1.0,0.0,246.0,0.0,0,1,0.8553219374171659,1,High Risk
17663,2011-05-25 13:36:00,2010-03-04 11:42:00,13,4163.7300000000005,1845,125,36,447,320.2869230769232,37.25,26.0,1845.0,0.0140921409214092,2,0,0.05603040987352967,0,Low Risk
15543,2011-02-24 15:26:00,2010-09-06 11:28:00,2,242.26,167,50,126,171,121.13,171.0,0.0,167.0,0.0,0,1,0.768679439669593,1,High Risk
16116,2011-05-12 12:01:00,2011-05-12 12:01:00,1,612.78,248,34,49,1,612.78,1.0,2.0,248.0,0.0080645161290322,0,1,0.5005275760338095,1,Medium Risk
15818,2010-04-30 12:58:00,2010-04-30 12:58:00,1,340.5,284,11,426,1,340.5,1.0,0.0,284.0,0.0,0,1,0.8564529838017602,1,High Risk
13969,2011-06-23 19:20:00,2010-03-25 13:15:00,25,6493.49,3447,344,7,455,259.7396,18.95833333333333,3.0,3447.0,0.000870322019147,3,0,0.0225826444880657,0,Low Risk
15325,2010-11-09 13:14:00,2010-02-16 13:30:00,7,1439.72,1151,141,233,265,205.67428571428573,44.16666666666666,8.0,1151.0,0.0069504778453518,1,0,0.7344797156830233,1,High Risk
14913,2011-06-09 14:14:00,2010-08-11 08:40:00,7,3762.85,3574,161,21,302,537.55,50.333333333333336,0.0,3574.0,0.0,0,1,0.16425043919868723,0,Low Risk
16716,2011-03-18 10:03:00,2010-03-19 11:05:00,3,2149.6800000000003,912,7,104,363,716.5600000000001,181.5,76.0,912.0,0.0833333333333333,0,1,0.545960188344943,1,Medium Risk
15049,2011-03-11 12:13:00,2011-03-11 12:13:00,1,121.17000000000002,63,3,111,1,121.17000000000002,1.0,0.0,63.0,0.0,0,1,0.7905790189403532,1,High Risk
17819,2011-06-10 10:59:00,2009-12-13 15:24:00,11,5784.65,1570,66,20,543,525.8772727272727,54.3,4.0,1570.0,0.0025477707006369,1,0,0.10813049566633753,0,Low Risk
17212,2011-03-31 19:42:00,2010-08-10 09:22:00,3,794.41,727,29,91,233,264.80333333333334,116.5,0.0,727.0,0.0,0,1,0.5003585782606048,1,Medium Risk
16718,2010-12-05 13:03:00,2009-12-06 13:07:00,5,3006.08,1924,123,207,363,601.216,90.75,0.0,1924.0,0.0,0,1,0.5161013878543939,1,Medium Risk
16011,2011-06-16 13:46:00,2009-12-01 12:02:00,21,3608.01,2179,162,14,562,171.81,28.1,3.0,2179.0,0.0013767783386874,5,0,0.0956670820475288,0,Low Risk
17412,2011-05-27 14:55:00,2009-12-02 13:51:00,13,3671.98,2174,143,34,541,282.46,45.083333333333336,27.0,2174.0,0.0124195032198712,0,1,0.09356603532170281,0,Low Risk
15184,2011-06-02 12:06:00,2009-12-16 12:06:00,3,518.42,336,34,28,533,172.80666666666664,266.5,0.0,336.0,0.0,0,1,0.7777765109709598,1,High Risk
12419,2010-11-19 10:04:00,2010-10-22 10:40:00,2,503.01,231,23,223,27,251.505,27.0,0.0,231.0,0.0,0,1,0.8505729891355177,1,High Risk
16873,2011-05-26 10:43:00,2010-02-09 14:17:00,9,10727.22,6360,170,35,470,1191.9133333333332,58.75,13.0,6360.0,0.0020440251572327,1,0,0.13853981555651557,0,Low Risk
13696,2010-10-14 09:44:00,2010-02-11 14:17:00,3,2020.4,552,24,259,244,673.4666666666667,122.0,6.0,552.0,0.0108695652173913,0,1,0.6136719604010075,1,Medium Risk
14852,2011-06-15 08:36:00,2010-03-05 14:51:00,15,4503.99,3366,111,15,466,300.266,33.285714285714285,5.0,3366.0,0.0014854426619132,2,0,0.04470208769244733,0,Low Risk
15508,2011-06-03 15:43:00,2011-04-18 15:31:00,6,1000.27,440,78,27,46,166.71166666666667,9.2,0.0,440.0,0.0,0,1,0.2646535798919239,0,Low Risk
14782,2011-01-24 11:12:00,2011-01-24 11:12:00,1,200.1,114,6,157,1,200.1,1.0,0.0,114.0,0.0,0,1,0.874810357258247,1,High Risk
17236,2011-06-13 15:47:00,2010-03-07 13:00:00,11,1710.86,730,97,17,463,155.53272727272727,46.3,0.0,730.0,0.0,0,1,0.25379907376504807,0,Low Risk
17048,2011-03-02 12:03:00,2010-01-18 13:55:00,6,1906.73,1007,83,120,407,317.78833333333336,81.4,34.0,1007.0,0.0337636544190665,1,0,0.42135717465327127,0,Medium Risk
17969,2011-06-26 13:00:00,2009-12-06 13:53:00,20,2354.29,1014,113,4,566,117.7145,29.789473684210527,31.0,1014.0,0.0305719921104536,0,1,0.21339653065262876,0,Low Risk
12816,2011-06-16 13:24:00,2011-06-16 13:24:00,1,318.65000000000003,77,15,14,1,318.65000000000003,1.0,0.0,77.0,0.0,1,0,0.43765559827517125,0,Medium Risk
13985,2011-06-08 13:54:00,2010-02-09 13:56:00,10,4126.03,2049,91,22,483,412.603,53.66666666666666,9.0,2049.0,0.0043923865300146,5,0,0.09269734726229162,0,Low Risk
13136,2011-05-11 12:47:00,2009-12-08 18:30:00,9,4241.41,2057,160,50,518,471.2677777777778,64.75,56.0,2057.0,0.0272241127856101,3,0,0.15893736218028204,0,Low Risk
13222,2010-05-11 13:54:00,2010-05-11 13:54:00,1,88.5,30,1,415,1,88.5,1.0,0.0,30.0,0.0,0,1,0.9206849118154022,1,High Risk
18123,2010-07-14 12:47:00,2010-07-14 12:47:00,1,92.2,34,22,351,1,92.2,1.0,0.0,34.0,0.0,0,1,0.9431753034691586,1,High Risk
12368,2010-03-21 15:56:00,2010-03-21 15:56:00,1,917.7,330,18,466,1,917.7,1.0,0.0,330.0,0.0,0,1,0.8241466986682007,1,High Risk
16614,2011-06-10 11:36:00,2010-05-10 15:18:00,3,1179.79,349,37,20,395,393.2633333333333,197.5,0.0,349.0,0.0,0,1,0.5350076521690947,1,Medium Risk
14052,2010-11-14 11:37:00,2010-11-14 11:37:00,1,241.3,85,65,228,1,241.3,1.0,0.0,85.0,0.0,0,1,0.8871747213077782,1,High Risk
17146,2011-03-21 13:51:00,2010-02-02 09:39:00,12,5666.74,2184,162,101,412,472.2283333333333,37.45454545454545,16.0,2184.0,0.0073260073260073,1,0,0.3524785005570821,0,Medium Risk
13856,2011-06-24 10:03:00,2010-03-30 15:40:00,11,1142.03,1105,33,6,450,103.82090909090908,45.0,19.0,1105.0,0.0171945701357466,0,1,0.23843956689278095,0,Low Risk
14538,2011-03-28 14:57:00,2010-01-25 15:42:00,4,1089.09,159,30,94,426,272.27250000000004,142.0,0.0,159.0,0.0,0,1,0.5512014910278816,1,Medium Risk
15052,2011-01-24 15:52:00,2011-01-24 15:52:00,1,207.73,79,27,157,1,207.73,1.0,0.0,79.0,0.0,0,1,0.925601295230304,1,High Risk
17375,2011-05-24 15:45:00,2010-10-04 09:14:00,4,660.55,480,77,37,232,165.1375,77.33333333333333,6.0,480.0,0.0125,0,1,0.35399140468707174,0,Medium Risk
13641,2010-03-09 07:37:00,2009-12-05 13:17:00,5,1016.47,1098,41,478,93,203.294,23.25,18.0,1098.0,0.0163934426229508,0,1,0.7590508386987439,1,High Risk
17792,2010-08-29 14:30:00,2010-08-18 13:08:00,2,368.35,149,45,305,11,184.175,11.0,0.0,149.0,0.0,0,1,0.8023351372041527,1,High Risk
15627,2010-09-08 14:14:00,2010-07-05 11:56:00,2,566.9,344,23,295,65,283.45,65.0,0.0,344.0,0.0,0,1,0.7359706458901796,1,High Risk
14759,2011-04-21 10:55:00,2011-04-21 10:55:00,1,572.25,119,35,70,1,572.25,1.0,0.0,119.0,0.0,1,0,0.5592421362261585,1,Medium Risk
17613,2011-06-23 10:52:00,2011-02-07 11:20:00,8,2820.76,1605,165,7,135,352.595,19.285714285714285,1.0,1605.0,0.0006230529595015,2,0,0.0824041632708334,0,Low Risk
17558,2010-11-11 14:36:00,2010-11-11 14:36:00,1,259.17,54,28,231,1,259.17,1.0,0.0,54.0,0.0,0,1,0.8741981141469817,1,High Risk
15611,2011-06-29 11:47:00,2010-01-25 14:50:00,19,1952.5,348,29,1,519,102.76315789473684,28.83333333333333,21.0,348.0,0.0603448275862069,4,0,0.29389989538810585,0,Low Risk
18196,2011-02-22 16:13:00,2010-03-17 14:55:00,3,1221.34,848,160,128,342,407.1133333333333,171.0,0.0,848.0,0.0,1,0,0.478183834828321,0,Medium Risk
15956,2010-06-06 13:06:00,2009-12-13 11:16:00,2,617.6,278,18,389,175,308.8,175.0,0.0,278.0,0.0,0,1,0.7626431976230035,1,High Risk
13968,2010-10-12 13:22:00,2010-10-12 13:22:00,1,123.66,174,8,261,1,123.66,1.0,0.0,174.0,0.0,0,1,0.9060483408088568,1,High Risk
12417,2011-06-05 15:46:00,2009-12-06 10:30:00,16,5046.58,2027,210,25,546,315.41125,36.4,23.0,2037.0,0.0112911143838978,2,0,0.04520113287420923,0,Low Risk
14550,2010-11-16 14:05:00,2010-08-13 12:05:00,2,587.69,382,46,226,95,293.845,95.0,0.0,382.0,0.0,0,1,0.7403006790863429,1,High Risk
17075,2011-03-31 13:47:00,2009-12-14 11:24:00,9,2098.58,734,140,91,472,233.17555555555555,59.0,3.0,734.0,0.0040871934604904,0,1,0.32347293518874204,0,Low Risk
14247,2011-03-06 15:21:00,2010-06-06 15:07:00,5,753.56,378,82,116,273,150.712,68.25,1.0,378.0,0.0026455026455026,0,1,0.6270155398807722,1,Medium Risk
14674,2010-07-18 14:25:00,2010-07-18 14:25:00,1,173.66,103,14,347,1,173.66,1.0,0.0,103.0,0.0,0,1,0.9286795989051795,1,High Risk
14742,2010-09-30 14:07:00,2010-09-30 14:07:00,1,579.85,374,34,273,1,579.85,1.0,0.0,374.0,0.0,0,1,0.8313352324323708,1,High Risk
15670,2011-02-16 10:50:00,2010-06-01 15:34:00,2,325.2,132,19,134,259,162.6,259.0,8.0,132.0,0.0606060606060606,0,1,0.7604279765415044,1,High Risk
14353,2011-05-08 16:06:00,2010-10-04 12:38:00,3,376.5,344,18,53,216,125.5,108.0,0.0,344.0,0.0,0,1,0.5219249311644943,1,Medium Risk
12580,2011-04-07 10:24:00,2010-05-12 11:45:00,2,1052.9,569,52,84,329,526.45,329.0,0.0,569.0,0.0,0,1,0.5093793058252893,1,Medium Risk
12779,2011-06-03 10:37:00,2009-12-03 07:25:00,13,5492.16,2862,123,27,547,422.4738461538461,45.583333333333336,161.0,2862.0,0.0562543675751222,0,1,0.07886612718851649,0,Low Risk
16572,2011-03-09 12:04:00,2011-03-09 12:04:00,1,342.58,202,21,113,1,342.58,1.0,0.0,202.0,0.0,2,0,0.7696503872178738,1,High Risk
13610,2011-06-05 13:44:00,2010-01-05 14:12:00,10,1485.75,599,228,25,515,148.575,57.22222222222222,7.0,599.0,0.011686143572621,2,0,0.331212231520475,0,Medium Risk
15682,2010-04-19 15:30:00,2010-01-21 14:37:00,2,318.24,222,25,437,88,159.12,88.0,1.0,222.0,0.0045045045045045,0,1,0.8611188485384242,1,High Risk
12714,2011-06-13 11:41:00,2009-12-04 10:00:00,10,11660.03,7173,376,17,556,1166.0030000000002,61.77777777777778,0.0,7173.0,0.0,1,0,0.16854801818530218,0,Low Risk
14287,2011-05-25 11:44:00,2011-05-25 11:41:00,2,83.28,216,4,36,1,41.64,1.0,25.0,216.0,0.1157407407407407,0,1,0.652181891210694,1,Medium Risk
14767,2010-08-22 14:54:00,2010-08-22 14:54:00,1,382.81,117,18,312,1,382.81,1.0,0.0,117.0,0.0,0,1,0.8483874351953412,1,High Risk
13157,2011-04-12 14:04:00,2010-03-08 11:59:00,7,4444.08,3797,128,79,400,634.8685714285714,66.66666666666667,9.0,3797.0,0.0023702923360547,1,0,0.18469988569663198,0,Low Risk
13724,2010-03-12 15:28:00,2010-03-12 15:28:00,1,213.01,130,39,475,1,213.01,1.0,0.0,130.0,0.0,0,1,0.8939630609408069,1,High Risk
17482,2010-08-09 15:33:00,2010-05-10 14:10:00,2,775.64,240,50,325,91,387.82,91.0,0.0,240.0,0.0,0,1,0.7709331440108451,1,High Risk
14587,2011-06-08 14:09:00,2011-01-12 13:16:00,8,1452.68,716,166,22,147,181.585,21.0,2.0,716.0,0.0027932960893854,0,1,0.2231521416926331,0,Low Risk
12692,2010-03-12 14:02:00,2010-03-12 14:02:00,1,110.95,36,13,475,1,110.95,1.0,0.0,36.0,0.0,0,1,0.9660830058429107,1,High Risk
14309,2011-06-24 12:51:00,2010-06-07 10:24:00,8,2738.3,1914,112,6,382,342.2875,54.57142857142857,14.0,1914.0,0.0073145245559038,1,0,0.1377219645109574,0,Low Risk
12902,2011-03-20 12:06:00,2011-03-20 12:06:00,1,138.68,66,10,102,1,138.68,1.0,0.0,66.0,0.0,0,1,0.8261290679762272,1,High Risk
12954,2010-03-11 10:16:00,2010-03-11 10:16:00,1,162.45,83,10,476,1,162.45,1.0,0.0,83.0,0.0,0,1,0.9663153031925138,1,High Risk
14168,2010-10-15 10:49:00,2010-05-24 12:28:00,2,370.45,147,11,258,143,185.225,143.0,9.0,147.0,0.0612244897959183,0,1,0.8357550212447418,1,High Risk
17949,2011-06-30 15:40:00,2009-12-02 11:07:00,94,89125.58,41745,50,0,575,948.1444680851064,6.182795698924731,4027.0,41745.0,0.096466642711702,15,0,0.017431261638358096,0,Low Risk
13902,2010-03-17 13:09:00,2009-12-15 10:02:00,5,34095.26,220600,58,470,92,6819.052000000001,23.0,2510.0,220600.0,0.0113780598368087,0,1,0.775817239011472,1,High Risk
15380,2010-12-09 15:01:00,2009-12-01 13:50:00,7,1788.8,656,6,203,373,255.54285714285717,62.16666666666666,16.0,656.0,0.024390243902439,2,0,0.39376437709869816,0,Medium Risk
13403,2010-11-17 11:38:00,2009-12-16 13:23:00,2,154.5,70,6,225,335,77.25,335.0,0.0,70.0,0.0,0,1,0.8389133132138784,1,High Risk
15525,2010-12-01 13:17:00,2010-11-22 12:10:00,2,430.78,253,66,211,9,215.39,9.0,0.0,253.0,0.0,0,1,0.8177630523519617,1,High Risk
13045,2010-11-03 12:49:00,2010-08-10 13:02:00,2,503.64,184,25,239,84,251.82,84.0,0.0,184.0,0.0,1,0,0.8254182763140069,1,High Risk
13611,2011-06-22 12:25:00,2009-12-03 07:57:00,9,2780.25,1654,142,8,566,308.9166666666667,70.75,13.0,1654.0,0.0078597339782345,1,0,0.1714408963024058,0,Low Risk
17508,2011-03-04 08:10:00,2009-12-07 11:46:00,8,4579.23,2891,199,118,451,572.40375,64.42857142857143,11.0,2891.0,0.0038049117952265,0,1,0.34464155749460496,0,Medium Risk
14546,2011-05-22 11:41:00,2009-12-06 13:10:00,8,3485.79,1876,314,39,531,435.72375,75.85714285714286,51.0,1876.0,0.027185501066098,1,0,0.19977869244121035,0,Low Risk
15696,2011-05-03 11:34:00,2010-01-24 14:36:00,11,2800.06,1088,116,58,463,254.55090909090907,46.3,15.0,1088.0,0.0137867647058823,1,0,0.178073145113472,0,Low Risk
16880,2011-06-19 13:01:00,2010-08-03 13:54:00,4,742.84,433,53,11,319,185.71,106.33333333333331,0.0,433.0,0.0,3,0,0.47204926717948364,0,Medium Risk
14916,2011-01-19 15:30:00,2010-04-01 10:57:00,5,2069.02,1522,62,162,293,413.804,73.25,32.0,1522.0,0.0210249671484888,3,0,0.35933788302827924,0,Medium Risk
17151,2009-12-04 14:56:00,2009-12-04 14:56:00,1,231.90000000000003,42,4,573,1,231.90000000000003,1.0,0.0,42.0,0.0,0,1,0.8554508595537866,1,High Risk
13490,2010-02-23 14:48:00,2010-02-23 14:48:00,1,154.25,25,8,492,1,154.25,1.0,0.0,25.0,0.0,0,1,0.9624863686739269,1,High Risk
17833,2009-12-16 13:40:00,2009-12-16 13:40:00,1,338.46,143,28,561,1,338.46,1.0,0.0,143.0,0.0,0,1,0.8714781074884704,1,High Risk
15704,2011-06-05 14:04:00,2010-05-05 14:51:00,4,2948.36,1343,110,25,395,737.09,131.66666666666666,25.0,1343.0,0.01861504095309,2,0,0.327340344460817,0,Low Risk
16252,2010-11-22 11:57:00,2010-11-22 11:57:00,1,295.09000000000003,158,21,220,1,295.09000000000003,1.0,158.0,158.0,1.0,0,1,0.8796725138525139,1,High Risk
17242,2011-06-12 13:04:00,2010-01-24 10:27:00,4,2463.68,1259,43,18,504,615.92,168.0,0.0,1259.0,0.0,1,0,0.2547737806866749,0,Low Risk
14119,2010-11-29 10:33:00,2009-12-21 14:52:00,2,183.37,177,11,213,342,91.685,342.0,2.0,177.0,0.0112994350282485,0,1,0.8238773274607707,1,High Risk
12955,2011-06-24 10:26:00,2011-03-17 09:03:00,4,991.38,752,36,6,99,247.845,33.0,2.0,752.0,0.0026595744680851,2,0,0.33992672450335626,0,Medium Risk
15228,2011-06-23 14:12:00,2010-07-28 10:21:00,4,3447.01,2139,130,7,330,861.7525,110.0,0.0,2139.0,0.0,1,0,0.2793193332301394,0,Low Risk
17316,2010-10-15 14:35:00,2010-10-15 14:35:00,1,124.45,44,35,258,1,124.45,1.0,0.0,44.0,0.0,0,1,0.9342051038738758,1,High Risk
16590,2010-11-04 09:06:00,2010-10-21 12:09:00,2,605.9,240,26,238,13,302.95,13.0,6.0,240.0,0.025,0,1,0.7517276607706702,1,High Risk
12996,2010-11-29 09:27:00,2010-11-29 09:27:00,1,355.5,122,22,213,1,355.5,1.0,0.0,122.0,0.0,0,1,0.8591128254810682,1,High Risk
13020,2010-05-26 11:12:00,2010-02-18 10:35:00,2,618.96,278,38,400,97,309.48,97.0,7.0,278.0,0.0251798561151079,0,1,0.7557252487333502,1,High Risk
13387,2010-10-18 14:07:00,2010-10-18 14:07:00,1,186.94,123,71,255,1,186.94,1.0,0.0,123.0,0.0,0,1,0.8921836407617186,1,High Risk
16470,2011-05-31 11:39:00,2009-12-11 12:21:00,9,2009.74,983,240,30,535,223.30444444444444,66.875,1.0,983.0,0.0010172939979654,1,0,0.309659258640925,0,Low Risk
14778,2011-02-04 11:43:00,2011-02-04 11:43:00,1,334.05,141,18,146,1,334.05,1.0,0.0,141.0,0.0,1,0,0.836213938281407,1,High Risk
15163,2011-05-31 15:22:00,2011-05-31 15:22:00,1,155.0,48,10,30,1,155.0,1.0,0.0,48.0,0.0,0,1,0.5462461056880019,1,Medium Risk
16632,2010-08-11 11:39:00,2010-05-07 16:46:00,2,406.4,256,22,323,95,203.2,95.0,0.0,256.0,0.0,0,1,0.8529069032305474,1,High Risk
12683,2011-06-08 09:39:00,2009-12-13 15:01:00,16,8244.06,5107,189,22,541,515.25375,36.06666666666667,9.0,5107.0,0.0017622870569806,2,0,0.023069080753179524,0,Low Risk
16748,2011-05-06 11:26:00,2009-12-10 12:28:00,12,3031.63,1739,48,55,511,252.63583333333332,46.45454545454545,12.0,1739.0,0.0069005175388154,0,1,0.17021087141323882,0,Low Risk
13484,2011-04-12 16:30:00,2010-03-10 11:46:00,3,790.72,224,38,79,398,263.5733333333333,199.0,12.0,224.0,0.0535714285714285,0,1,0.6507621472189651,1,Medium Risk
15779,2010-09-02 16:40:00,2010-06-25 15:55:00,2,124.08,20,8,301,69,62.040000000000006,69.0,0.0,20.0,0.0,0,1,0.9028804359388213,1,High Risk
14934,2011-03-02 11:48:00,2010-09-24 12:08:00,4,2441.4,1517,89,120,158,610.35,52.66666666666666,653.0,1517.0,0.4304548450889914,1,0,0.4114788365286661,0,Medium Risk
13087,2009-12-13 15:16:00,2009-12-13 15:16:00,1,313.64,86,15,564,1,313.64,1.0,0.0,86.0,0.0,0,1,0.8906215341674166,1,High Risk
18112,2011-06-26 13:56:00,2010-06-06 12:40:00,3,617.31,298,46,4,385,205.77,192.5,0.0,298.0,0.0,0,1,0.669041645992542,1,High Risk
14879,2010-01-24 11:35:00,2010-01-24 11:35:00,1,185.06,104,27,522,1,185.06,1.0,0.0,104.0,0.0,0,1,0.9296449252751271,1,High Risk
14253,2010-08-03 14:55:00,2010-03-26 15:08:00,2,363.4,88,11,331,129,181.7,129.0,0.0,88.0,0.0,0,1,0.8590205699131704,1,High Risk
15358,2011-06-14 09:43:00,2009-12-07 12:19:00,33,12855.61,11937,320,16,553,389.5639393939394,17.28125,154.0,11937.0,0.0129010639189075,5,0,0.003970429146833771,0,Low Risk
17376,2011-02-01 14:12:00,2010-07-05 11:11:00,3,356.29,193,37,149,211,118.76333333333334,105.5,0.0,193.0,0.0,1,0,0.653403357677096,1,Medium Risk
12378,2010-05-26 14:07:00,2010-05-26 14:07:00,1,1407.7,787,82,400,1,1407.7,1.0,0.0,787.0,0.0,1,0,0.7659345811733641,1,High Risk
14942,2010-11-03 10:51:00,2009-12-10 10:32:00,4,746.56,354,12,239,328,186.64,109.33333333333331,1.0,354.0,0.0028248587570621,0,1,0.692338074494585,1,High Risk
16979,2011-02-15 09:20:00,2010-09-15 14:30:00,4,1354.89,679,41,135,152,338.7225,50.66666666666666,7.0,679.0,0.0103092783505154,1,0,0.4204369616332952,0,Medium Risk
15473,2010-09-21 09:14:00,2010-09-21 09:14:00,1,274.8,104,3,282,1,274.8,1.0,0.0,104.0,0.0,0,1,0.8539913237570983,1,High Risk
16776,2010-10-20 12:13:00,2010-10-20 12:13:00,1,220.97,181,48,253,1,220.97,1.0,0.0,181.0,0.0,0,1,0.8925067513390059,1,High Risk
15015,2010-07-26 13:50:00,2009-12-14 14:46:00,13,2354.97,1584,158,339,223,181.15153846153845,18.58333333333333,30.0,1584.0,0.0189393939393939,0,1,0.8399003687328586,1,High Risk
16724,2010-10-31 11:40:00,2010-10-31 11:40:00,1,147.35,69,17,242,1,147.35,1.0,0.0,69.0,0.0,0,1,0.9458585268161208,1,High Risk
18178,2011-05-04 10:15:00,2010-02-18 14:25:00,10,5612.87,3563,190,57,439,561.287,48.77777777777778,7.0,3563.0,0.0019646365422396,1,0,0.1622364318676247,0,Low Risk
14245,2011-05-04 08:40:00,2011-03-21 10:41:00,2,1693.45,976,107,57,43,846.725,43.0,5.0,976.0,0.0051229508196721,0,1,0.3052632372701051,0,Low Risk
16291,2010-01-26 16:26:00,2010-01-26 16:26:00,1,117.72,1,1,520,1,117.72,1.0,0.0,1.0,0.0,0,1,0.87954184419011,1,High Risk
12383,2011-06-08 08:02:00,2010-12-22 14:28:00,5,1850.56,1532,84,22,167,370.112,41.75,3.0,1532.0,0.0019582245430809,0,1,0.18891821781251636,0,Low Risk
13907,2010-01-17 12:22:00,2010-01-17 12:22:00,1,136.8,68,4,529,1,136.8,1.0,0.0,68.0,0.0,0,1,0.9402873986368625,1,High Risk
17365,2011-06-23 10:44:00,2010-02-01 11:56:00,12,5753.94,5800,320,7,506,479.495,46.0,3.0,5800.0,0.0005172413793103,1,0,0.07790689284174615,0,Low Risk
17044,2010-11-30 10:48:00,2009-12-07 12:25:00,11,11013.82,5218,91,212,357,1001.2563636363636,35.7,19.0,5218.0,0.0036412418551169,0,1,0.4655433393187243,0,Medium Risk
17169,2011-06-09 13:16:00,2010-05-10 13:00:00,2,629.63,247,31,21,395,314.815,395.0,8.0,247.0,0.0323886639676113,0,1,0.7382960610768246,1,High Risk
14319,2010-10-11 13:38:00,2010-10-11 13:38:00,1,494.85,329,26,262,1,494.85,1.0,2.0,329.0,0.0060790273556231,0,1,0.8411380992162701,1,High Risk
16920,2010-10-24 14:07:00,2010-10-24 14:07:00,1,355.45,81,23,249,1,355.45,1.0,0.0,81.0,0.0,0,1,0.880926543151449,1,High Risk
13377,2010-11-08 12:20:00,2010-03-04 10:06:00,2,1552.88,748,71,234,249,776.44,249.0,4.0,748.0,0.0053475935828877,0,1,0.5480293572651159,1,Medium Risk
17039,2010-04-14 12:56:00,2010-04-14 12:56:00,1,1954.99,689,44,442,1,1954.99,1.0,0.0,689.0,0.0,0,1,0.8191923901814913,1,High Risk
14182,2010-09-22 11:45:00,2010-04-22 15:36:00,4,678.77,174,42,281,152,169.6925,50.66666666666666,2.0,174.0,0.0114942528735632,0,1,0.7784943813233769,1,High Risk
17944,2010-10-12 16:25:00,2010-10-12 16:25:00,1,74.99,84,24,261,1,74.99,1.0,0.0,84.0,0.0,0,1,0.9194606691895438,1,High Risk
17423,2011-05-06 09:14:00,2010-11-11 12:26:00,2,869.96,645,28,55,175,434.98,175.0,24.0,645.0,0.0372093023255813,0,1,0.5543345276266924,1,Medium Risk
17526,2011-02-22 09:10:00,2009-12-17 16:18:00,11,3616.14,1272,61,128,431,328.74,43.1,51.0,1272.0,0.0400943396226415,0,1,0.33126696433526587,0,Medium Risk
17479,2010-03-17 09:26:00,2010-03-17 09:26:00,1,389.2600000000001,266,18,470,1,389.2600000000001,1.0,0.0,266.0,0.0,0,1,0.852206903963372,1,High Risk
17952,2010-11-26 13:54:00,2010-06-16 11:54:00,4,788.46,477,85,216,163,197.115,54.333333333333336,0.0,477.0,0.0,0,1,0.6987012550502335,1,High Risk
13884,2011-03-07 12:53:00,2010-08-26 19:57:00,8,1233.68,517,87,115,192,154.21,27.428571428571427,7.0,517.0,0.0135396518375241,1,0,0.46114228656332923,0,Medium Risk
16241,2011-06-15 11:56:00,2010-10-25 13:40:00,8,2404.93,1304,355,15,232,300.61625,33.142857142857146,0.0,1304.0,0.0,5,0,0.11685260915011365,0,Low Risk
14226,2011-05-13 14:16:00,2010-09-24 14:32:00,3,2462.34,1493,66,48,230,820.7800000000001,115.0,9.0,1493.0,0.0060281312793034,1,0,0.2720883843650062,0,Low Risk
12728,2011-03-27 13:07:00,2010-11-21 11:34:00,4,851.15,380,39,95,126,212.7875,42.0,0.0,380.0,0.0,1,0,0.5339718928183933,1,Medium Risk
16281,2010-10-12 09:01:00,2010-01-26 13:41:00,2,1361.96,636,19,261,258,680.98,258.0,2.0,636.0,0.0031446540880503,1,0,0.6054863545949088,1,Medium Risk
12947,2011-06-10 16:37:00,2010-12-01 16:21:00,5,1379.69,1081,73,20,191,275.938,47.75,8.0,1081.0,0.0074005550416281,1,0,0.22007923845418026,0,Low Risk
16444,2011-05-29 11:03:00,2010-03-24 14:06:00,15,3211.29,1672,188,32,430,214.086,30.714285714285715,12.0,1672.0,0.0071770334928229,1,0,0.07030802199476296,0,Low Risk
15509,2010-11-24 14:48:00,2010-11-24 14:48:00,1,152.41,58,26,218,1,152.41,1.0,0.0,58.0,0.0,0,1,0.940989773732745,1,High Risk
15858,2011-02-23 13:21:00,2009-12-10 11:42:00,10,2941.06,2277,231,127,440,294.106,48.888888888888886,6.0,2277.0,0.0026350461133069,1,0,0.3314647261595895,0,Medium Risk
16335,2010-06-06 11:35:00,2009-12-04 10:18:00,7,2753.52,1004,193,389,184,393.36,30.666666666666668,4.0,1004.0,0.0039840637450199,0,1,0.7519495270623929,1,High Risk
15140,2011-05-25 11:01:00,2010-09-23 13:07:00,4,2016.89,1339,67,36,243,504.2225,81.0,5.0,1339.0,0.0037341299477221,3,0,0.25439798091996657,0,Low Risk
15401,2010-09-13 13:42:00,2010-05-20 10:56:00,2,216.95,93,14,290,116,108.475,116.0,0.0,93.0,0.0,0,1,0.8904841831813816,1,High Risk
15080,2010-10-08 11:52:00,2010-07-26 10:03:00,2,546.25,287,31,265,74,273.125,74.0,0.0,287.0,0.0,0,1,0.83093638558579,1,High Risk
17380,2010-10-01 16:42:00,2010-06-23 11:24:00,3,645.0,252,5,272,100,215.0,50.0,1.0,252.0,0.0039682539682539,0,1,0.7783582505375467,1,High Risk
17967,2010-12-03 11:19:00,2010-10-19 13:19:00,2,223.42,111,59,209,44,111.71,44.0,0.0,111.0,0.0,0,1,0.8628814958931086,1,High Risk
15332,2010-12-08 14:43:00,2010-07-14 13:01:00,6,4892.68,2306,113,204,147,815.4466666666667,29.4,0.0,2306.0,0.0,0,1,0.4110174830950946,0,Medium Risk
12851,2010-08-19 15:13:00,2010-08-19 15:13:00,1,148.95,51,30,315,1,148.95,1.0,0.0,51.0,0.0,1,0,0.9277300395691378,1,High Risk
17472,2011-06-01 14:57:00,2010-03-21 13:27:00,4,922.35,551,183,29,437,230.5875,145.66666666666666,0.0,551.0,0.0,0,1,0.540132282123997,1,Medium Risk
12365,2011-02-21 14:04:00,2011-02-21 13:51:00,2,641.38,174,22,129,1,320.69,1.0,1.0,174.0,0.0057471264367816,0,1,0.7798094303989146,1,High Risk
17314,2011-06-23 14:35:00,2009-12-03 11:25:00,13,3680.56,2656,138,7,567,283.12,47.25,434.0,2656.0,0.1634036144578313,1,0,0.13521607294455473,0,Low Risk
16631,2010-08-15 11:20:00,2010-02-26 10:49:00,7,1892.52,775,46,319,170,270.36,28.33333333333333,2.0,775.0,0.0025806451612903,0,1,0.7658556480531336,1,High Risk
15946,2010-07-25 12:18:00,2010-03-16 10:49:00,3,2304.18,1614,25,340,131,768.06,65.5,0.0,1614.0,0.0,0,1,0.5569204425870153,1,Medium Risk
17042,2011-05-27 10:15:00,2011-04-06 14:53:00,2,487.59,445,51,34,50,243.795,50.0,0.0,445.0,0.0,2,0,0.3561883238413213,0,Medium Risk
15203,2011-05-25 15:31:00,2009-12-08 18:06:00,11,3265.28,3102,126,36,532,296.8436363636364,53.2,0.0,3102.0,0.0,3,0,0.10615094820702574,0,Low Risk
13643,2011-06-07 11:40:00,2009-12-08 12:48:00,8,1725.23,689,59,23,545,215.65375,77.85714285714286,8.0,689.0,0.011611030478955,1,0,0.3752500236650045,0,Medium Risk
15945,2010-12-09 13:14:00,2009-12-01 13:47:00,4,646.27,345,24,203,372,161.5675,124.0,0.0,345.0,0.0,0,1,0.6945621857436568,1,High Risk
15888,2010-11-04 09:59:00,2010-07-01 11:51:00,2,260.85,63,24,238,125,130.425,125.0,0.0,63.0,0.0,1,0,0.8767667301682717,1,High Risk
16903,2010-11-24 14:55:00,2010-10-20 14:42:00,2,678.55,470,107,218,35,339.275,35.0,26.0,470.0,0.0553191489361702,0,1,0.723845409474523,1,High Risk
15980,2011-03-30 15:05:00,2010-06-01 14:40:00,5,4905.0,3854,83,92,302,981.0,75.5,36.0,3854.0,0.0093409444732745,2,0,0.2787575925476462,0,Low Risk
12406,2011-06-09 10:23:00,2010-01-11 14:04:00,4,4596.31,2391,81,21,513,1149.0775,171.0,24.0,2391.0,0.0100376411543287,0,1,0.3752457005634191,0,Medium Risk
13123,2010-08-24 10:18:00,2010-06-28 12:43:00,2,506.75,268,36,310,56,253.375,56.0,0.0,268.0,0.0,0,1,0.8435546109821354,1,High Risk
14487,2010-12-06 13:22:00,2010-11-25 13:36:00,2,225.89,86,32,206,10,112.945,10.0,1.0,86.0,0.0116279069767441,3,0,0.8848558694040145,1,High Risk
18260,2011-06-20 12:37:00,2009-12-15 13:50:00,23,9947.26,5244,212,10,551,432.4895652173913,25.045454545454547,36.0,5244.0,0.0068649885583524,0,1,0.013055988078640212,0,Low Risk
17625,2011-03-27 12:21:00,2009-12-15 11:49:00,5,4500.53,2698,343,95,467,900.106,116.75,0.0,2698.0,0.0,1,0,0.46298110409362686,0,Medium Risk
14267,2011-06-30 10:09:00,2011-03-24 11:38:00,3,1516.24,530,25,0,97,505.41333333333336,48.5,15.0,530.0,0.0283018867924528,0,1,0.35488537959808836,0,Medium Risk
14596,2010-03-23 12:13:00,2010-03-23 12:13:00,1,222.22000000000003,75,50,464,1,222.22000000000003,1.0,0.0,75.0,0.0,0,1,0.9207183807976255,1,High Risk
14814,2010-05-07 14:10:00,2010-05-07 14:10:00,1,154.21,93,28,419,1,154.21,1.0,0.0,93.0,0.0,0,1,0.9435316916619928,1,High Risk
15457,2011-03-22 15:31:00,2011-03-22 15:31:00,1,237.07,132,56,100,1,237.07,1.0,0.0,132.0,0.0,0,1,0.7699628032563739,1,High Risk
17732,2010-12-02 09:29:00,2010-08-09 08:41:00,8,2166.42,1058,90,210,115,270.8025,16.428571428571427,6.0,1058.0,0.0056710775047258,0,1,0.6054145586045594,1,Medium Risk
14776,2011-06-21 11:07:00,2010-09-19 14:12:00,10,2639.16,3318,68,9,274,263.916,30.444444444444443,14.0,3318.0,0.0042194092827004,2,0,0.07191553929017723,0,Low Risk
15423,2010-05-07 09:21:00,2010-03-28 13:42:00,2,223.39,97,12,419,39,111.695,39.0,5.0,97.0,0.0515463917525773,0,1,0.9220230794145456,1,High Risk
17706,2011-06-30 12:15:00,2010-01-19 12:13:00,20,13621.1,5417,334,0,527,681.0550000000001,27.73684210526316,131.0,5417.0,0.0241831271921727,6,0,0.024637543348317616,0,Low Risk
14162,2011-06-19 11:36:00,2011-02-20 12:32:00,2,289.36,142,25,11,118,144.68,118.0,0.0,142.0,0.0,0,1,0.502614977285483,1,Medium Risk
16679,2010-12-08 13:51:00,2010-06-10 18:35:00,3,663.31,247,15,204,180,221.10333333333327,90.0,0.0,247.0,0.0,0,1,0.6550258971905818,1,Medium Risk
17552,2010-12-02 18:46:00,2010-03-22 09:19:00,10,2154.88,1376,64,210,255,215.488,28.33333333333333,12.0,1376.0,0.0087209302325581,1,0,0.7008189608373413,1,High Risk
13719,2011-05-18 12:52:00,2010-05-17 14:36:00,8,2080.14,1165,159,43,365,260.0175,52.142857142857146,0.0,1165.0,0.0,0,1,0.2700692908722204,0,Low Risk
17283,2010-11-26 11:53:00,2010-11-26 11:53:00,1,188.46,179,15,216,1,188.46,1.0,0.0,179.0,0.0,0,1,0.9012589672071225,1,High Risk
18095,2011-01-31 12:50:00,2010-04-19 14:09:00,5,2303.09,1623,37,150,286,460.61800000000005,71.5,0.0,1623.0,0.0,0,1,0.2929400968086321,0,Low Risk
18272,2011-04-28 18:11:00,2010-03-04 12:53:00,5,2287.94,1618,94,63,420,457.588,105.0,9.0,1618.0,0.0055624227441285,2,0,0.21913650166004311,0,Low Risk
17474,2010-04-19 10:43:00,2010-04-19 10:43:00,1,1047.0,200,6,437,1,1047.0,1.0,0.0,200.0,0.0,0,1,0.831136931047301,1,High Risk
13360,2010-10-04 12:37:00,2010-01-08 11:16:00,4,1553.65,942,58,269,269,388.4125,89.66666666666667,10.0,942.0,0.0106157112526539,0,1,0.6639114442096788,1,High Risk
15639,2010-09-14 09:05:00,2010-04-13 13:11:00,2,639.76,526,40,289,153,319.88,153.0,17.0,526.0,0.0323193916349809,1,0,0.7141830726669833,1,High Risk
17877,2011-06-22 13:00:00,2011-06-22 13:00:00,1,237.61,98,12,8,1,237.61,1.0,0.0,98.0,0.0,0,1,0.5125792228975904,1,Medium Risk
12823,2011-03-30 10:36:00,2010-01-29 12:52:00,16,5736.5,830,1,92,424,358.53125,28.266666666666666,0.0,830.0,0.0,2,0,0.15829268013033362,0,Low Risk
16184,2011-06-10 13:59:00,2011-05-12 13:33:00,2,447.89,165,13,20,29,223.945,29.0,0.0,165.0,0.0,3,0,0.3861976794877311,0,Medium Risk
14326,2011-04-11 15:04:00,2010-06-25 12:10:00,3,940.98,572,54,80,290,313.66,145.0,4.0,572.0,0.0069930069930069,0,1,0.5172727300216503,1,Medium Risk
13161,2011-01-30 14:03:00,2010-07-27 12:44:00,2,472.13,105,30,151,187,236.065,187.0,0.0,105.0,0.0,0,1,0.7345817007569491,1,High Risk
16058,2010-10-29 16:48:00,2010-10-29 16:48:00,1,62.7,18,2,244,1,62.7,1.0,0.0,18.0,0.0,0,1,0.9352444001816995,1,High Risk
14216,2010-10-21 15:07:00,2010-10-21 15:07:00,1,310.74,118,18,252,1,310.74,1.0,3.0,118.0,0.0254237288135593,0,1,0.8123011763208018,1,High Risk
14491,2011-06-17 15:22:00,2010-12-02 12:10:00,2,340.93,139,17,13,197,170.465,197.0,0.0,139.0,0.0,0,1,0.6196840181543765,1,Medium Risk
17223,2011-02-02 15:57:00,2010-11-29 17:19:00,3,558.04,155,62,148,64,186.0133333333333,32.0,0.0,155.0,0.0,0,1,0.7342509470514242,1,High Risk
13535,2010-11-02 11:49:00,2010-11-02 11:49:00,1,89.49999999999997,10,1,240,1,89.49999999999997,1.0,0.0,10.0,0.0,0,1,0.8834745905526735,1,High Risk
17659,2011-06-23 12:51:00,2010-11-18 14:20:00,8,1730.4,824,74,7,216,216.3,30.857142857142858,37.0,824.0,0.0449029126213592,3,0,0.18910106102672342,0,Low Risk
13555,2011-05-22 11:24:00,2010-01-19 13:20:00,11,6383.01,2994,204,39,487,580.2736363636363,48.7,19.0,2994.0,0.0063460253841015,2,0,0.14092276900372888,0,Low Risk
13448,2011-05-05 11:53:00,2009-12-06 12:14:00,11,6634.5,3267,271,56,514,603.1363636363636,51.4,19.0,3267.0,0.0058157330884603,1,0,0.2450105802051846,0,Low Risk
14953,2010-10-17 12:52:00,2010-09-30 12:16:00,3,685.65,790,153,256,17,228.55,8.5,20.0,790.0,0.0253164556962025,0,1,0.7653100258787229,1,High Risk
12666,2010-11-10 16:40:00,2010-11-10 16:40:00,1,1248.42,370,31,232,1,1248.42,1.0,56.0,370.0,0.1513513513513513,0,1,0.8040516351594883,1,High Risk
13557,2011-03-04 12:14:00,2009-12-08 17:41:00,12,2688.88,2076,116,118,450,224.07333333333332,40.90909090909091,38.0,2076.0,0.0183044315992292,0,1,0.3714417341854387,0,Medium Risk
17320,2011-04-17 14:09:00,2010-01-21 16:29:00,5,2154.33,1014,67,74,450,430.866,112.5,0.0,1014.0,0.0,1,0,0.3782166277890759,0,Medium Risk
14603,2011-03-10 10:27:00,2011-03-10 10:27:00,1,660.0,400,2,112,1,660.0,1.0,0.0,400.0,0.0,0,1,0.6109493895079912,1,Medium Risk
13715,2011-03-03 19:21:00,2010-03-11 15:33:00,17,8153.04,4800,277,119,357,479.5905882352941,22.3125,15.0,4800.0,0.003125,0,1,0.349695740166796,0,Medium Risk
13035,2011-03-24 09:21:00,2010-10-04 15:41:00,2,775.32,494,22,98,170,387.66,170.0,0.0,494.0,0.0,1,0,0.5554720116915742,1,Medium Risk
16546,2011-02-22 11:20:00,2010-09-23 15:43:00,5,5307.07,4211,75,128,151,1061.414,37.75,853.0,4211.0,0.2025647114699596,0,1,0.45393609575482907,0,Medium Risk
13595,2010-07-11 12:36:00,2010-03-03 14:42:00,3,784.48,341,114,354,129,261.49333333333334,64.5,0.0,341.0,0.0,0,1,0.7673825166248127,1,High Risk
17876,2010-11-05 10:52:00,2010-02-02 13:00:00,3,3424.02,1958,3,237,275,1141.34,137.5,0.0,1958.0,0.0,0,1,0.46074670733104317,0,Medium Risk
16559,2010-11-07 13:52:00,2010-11-07 13:52:00,1,175.0,61,17,235,1,175.0,1.0,0.0,61.0,0.0,0,1,0.9426074735340734,1,High Risk
13433,2010-07-26 16:55:00,2010-01-12 08:59:00,4,658.3199999999999,190,22,339,195,164.57999999999998,65.0,1.0,190.0,0.0052631578947368,0,1,0.8014313553857726,1,High Risk
17285,2010-03-21 13:38:00,2010-02-14 14:10:00,2,407.94,134,41,466,34,203.97,34.0,0.0,134.0,0.0,0,1,0.8666000761952702,1,High Risk
16306,2011-05-10 12:12:00,2010-10-01 09:36:00,7,1124.72,712,55,51,221,160.67428571428573,36.833333333333336,16.0,712.0,0.0224719101123595,0,1,0.35323344217541214,0,Medium Risk
16339,2011-02-28 13:41:00,2011-02-28 13:41:00,1,94.05,21,17,122,1,94.05,1.0,0.0,21.0,0.0,0,1,0.799688851051782,1,High Risk
13118,2011-05-15 13:22:00,2010-09-26 15:46:00,7,2017.3,698,85,46,230,288.18571428571425,38.333333333333336,11.0,698.0,0.0157593123209169,0,1,0.2756429075561735,0,Low Risk
14756,2010-11-22 09:22:00,2010-10-11 11:50:00,2,1914.8,1007,68,220,41,957.4,41.0,4.0,1007.0,0.0039721946375372,0,1,0.6048471688616814,1,Medium Risk
18008,2011-05-20 16:56:00,2010-01-06 12:35:00,21,19708.3,7761,75,41,499,938.490476190476,24.95,0.0,7761.0,0.0,2,0,0.05440661539898833,0,Low Risk
13920,2010-10-04 12:37:00,2010-05-26 15:48:00,4,1774.68,1772,81,269,130,443.67,43.333333333333336,4.0,1772.0,0.0022573363431151,0,1,0.613775520614513,1,Medium Risk
14293,2011-02-07 15:47:00,2009-12-10 10:57:00,7,2364.4700000000003,1111,63,143,424,337.7814285714286,70.66666666666667,144.0,1111.0,0.1296129612961296,1,0,0.3274244520631561,0,Low Risk
17760,2010-12-01 15:08:00,2010-02-28 12:15:00,5,631.34,457,44,211,276,126.268,69.0,1.0,457.0,0.0021881838074398,0,1,0.6935076671360372,1,High Risk
15953,2011-05-12 11:44:00,2009-12-03 14:00:00,14,2607.1,1300,69,49,524,186.22142857142856,40.30769230769231,98.0,1300.0,0.0753846153846153,0,1,0.10687479640451907,0,Low Risk
17428,2011-06-20 13:28:00,2009-12-01 17:28:00,34,22820.55,13370,367,10,565,671.1926470588235,17.12121212121212,102.0,13370.0,0.0076290201944652,4,0,0.0054164300827402095,0,Low Risk
13655,2011-04-12 09:53:00,2010-04-27 09:59:00,5,1731.19,735,73,79,349,346.238,87.25,13.0,735.0,0.0176870748299319,1,0,0.41825798299380007,0,Medium Risk
16936,2010-11-19 11:54:00,2010-11-19 11:54:00,1,286.39,168,81,223,1,286.39,1.0,0.0,168.0,0.0,0,1,0.9097509761166137,1,High Risk
16420,2010-11-08 15:15:00,2010-11-08 15:15:00,1,75.0,120,2,234,1,75.0,1.0,0.0,120.0,0.0,0,1,0.8222799887529433,1,High Risk
17254,2010-11-03 14:00:00,2010-11-03 14:00:00,1,198.29,146,36,239,1,198.29,1.0,0.0,146.0,0.0,0,1,0.874412927320481,1,High Risk
13598,2010-08-01 13:21:00,2010-02-26 11:22:00,4,601.92,341,46,333,156,150.48,52.0,0.0,341.0,0.0,0,1,0.8195786799710965,1,High Risk
14857,2010-09-23 14:09:00,2010-03-15 11:00:00,5,2478.731,1617,125,280,192,495.7462,48.0,7.0,1617.0,0.0043290043290043,1,0,0.6126145007068855,1,Medium Risk
13396,2011-01-24 13:37:00,2011-01-24 13:37:00,1,387.27,139,15,157,1,387.27,1.0,3.0,139.0,0.0215827338129496,0,1,0.8281745194086009,1,High Risk
12829,2011-01-07 11:13:00,2010-06-07 15:04:00,3,385.3,550,17,174,213,128.43333333333334,106.5,1.0,550.0,0.0018181818181818,0,1,0.5785051723555726,1,Medium Risk
13727,2010-04-07 12:14:00,2009-12-09 13:25:00,6,740.67,206,55,449,118,123.445,23.6,3.0,206.0,0.0145631067961165,0,1,0.841449408611629,1,High Risk
16932,2010-10-12 14:14:00,2010-05-17 14:15:00,2,262.32,135,77,261,147,131.16,147.0,0.0,135.0,0.0,0,1,0.8176725381518278,1,High Risk
14884,2010-02-08 12:56:00,2010-02-08 12:56:00,1,120.6,72,8,507,1,120.6,1.0,0.0,72.0,0.0,0,1,0.9684238174377479,1,High Risk
13825,2010-03-28 11:02:00,2009-12-09 14:30:00,2,255.59,182,38,459,108,127.795,108.0,0.0,182.0,0.0,0,1,0.9058919184258256,1,High Risk
17123,2010-09-26 12:06:00,2010-05-16 11:52:00,2,631.87,430,31,277,133,315.935,133.0,0.0,430.0,0.0,1,0,0.7137082023412566,1,High Risk
12524,2011-06-30 15:30:00,2010-02-08 14:41:00,15,9762.87,5769,138,0,507,650.858,36.21428571428572,5.0,5769.0,0.00086670133472,0,1,0.044385980621786544,0,Low Risk
14122,2010-10-29 15:11:00,2009-12-02 14:22:00,3,362.42,114,12,244,331,120.80666666666669,165.5,19.0,114.0,0.1666666666666666,0,1,0.7157400975580399,1,High Risk
14069,2010-07-13 12:12:00,2010-05-27 12:30:00,2,225.81,58,37,352,46,112.905,46.0,0.0,58.0,0.0,0,1,0.9374649487931858,1,High Risk
13493,2011-03-09 15:35:00,2011-02-25 16:42:00,2,618.63,380,6,113,11,309.315,11.0,0.0,380.0,0.0,0,1,0.5355309800719218,1,Medium Risk
12707,2011-02-21 08:38:00,2011-02-21 08:38:00,1,603.42,256,33,129,1,603.42,1.0,0.0,256.0,0.0,0,1,0.8174478615248202,1,High Risk
15960,2010-11-30 15:57:00,2010-09-30 15:50:00,4,410.95,258,24,212,61,102.7375,20.33333333333333,1.0,258.0,0.003875968992248,0,1,0.8415423133002367,1,High Risk
13577,2011-04-12 10:33:00,2009-12-14 16:10:00,8,2158.43,1001,66,79,483,269.80375,69.0,29.0,1001.0,0.0289710289710289,2,0,0.25620702835474324,0,Low Risk
18020,2010-06-14 12:31:00,2010-06-14 12:31:00,1,190.48,67,12,381,1,190.48,1.0,24.0,67.0,0.3582089552238806,0,1,0.9471190949859378,1,High Risk
12942,2011-05-26 11:16:00,2010-12-09 09:34:00,2,396.52,104,23,35,168,198.26,168.0,0.0,104.0,0.0,1,0,0.6292339899107182,1,Medium Risk
12601,2011-06-03 10:17:00,2010-10-31 10:57:00,6,681.26,290,24,27,214,113.54333333333334,42.8,1.0,290.0,0.0034482758620689,0,1,0.5005386249891254,1,Medium Risk
15809,2011-06-08 15:31:00,2010-06-22 14:23:00,6,1157.88,650,45,22,351,192.98,70.2,1.0,650.0,0.0015384615384615,0,1,0.37638869275417725,0,Medium Risk
17655,2011-05-13 16:14:00,2010-10-19 10:20:00,6,1940.14,880,57,48,206,323.3566666666667,41.2,160.0,880.0,0.1818181818181818,1,0,0.3936426320131093,0,Medium Risk
14746,2010-10-29 14:44:00,2010-10-12 11:06:00,4,593.5,398,7,244,17,148.375,5.666666666666667,0.0,398.0,0.0,0,1,0.7157411967213733,1,High Risk
18208,2010-05-23 11:54:00,2010-05-23 11:54:00,1,360.08,82,17,403,1,360.08,1.0,0.0,82.0,0.0,0,1,0.9027691006800114,1,High Risk
17244,2010-11-21 13:53:00,2009-12-06 11:27:00,4,871.14,803,85,221,350,217.785,116.66666666666669,0.0,803.0,0.0,0,1,0.7154624345264573,1,High Risk
17749,2011-06-14 15:45:00,2010-06-11 14:56:00,3,1026.18,446,52,16,368,342.06,184.0,0.0,446.0,0.0,0,1,0.46155678546590484,0,Medium Risk
17370,2011-06-23 11:50:00,2011-06-23 11:50:00,1,110.7,78,8,7,1,110.7,1.0,0.0,78.0,0.0,3,0,0.5940717687645638,1,Medium Risk
16167,2010-10-21 15:33:00,2009-12-01 10:46:00,5,1386.12,1494,51,252,324,277.22400000000005,81.0,35.0,1494.0,0.0234270414993306,0,1,0.6562490753646062,1,Medium Risk
14952,2011-05-17 08:38:00,2009-12-03 15:34:00,28,13064.47,5409,209,44,529,466.5882142857143,19.59259259259259,88.0,5409.0,0.0162691809946385,2,0,0.03655088466556315,0,Low Risk
15816,2010-06-15 13:36:00,2010-06-15 12:54:00,2,144.14999999999998,54,11,380,1,72.07499999999999,1.0,3.0,54.0,0.0555555555555555,0,1,0.9176105090261731,1,High Risk
14388,2011-05-20 16:25:00,2010-01-20 11:54:00,11,4348.55,2994,130,41,485,395.32272727272726,48.5,16.0,2994.0,0.0053440213760855,3,0,0.11648346102648727,0,Low Risk
17945,2010-01-12 11:40:00,2010-01-12 11:33:00,3,360.35,244,66,534,1,120.11666666666667,0.5,0.0,244.0,0.0,0,1,0.8642067599675619,1,High Risk
16816,2011-01-30 15:40:00,2010-12-16 17:01:00,2,325.45,191,20,151,44,162.725,44.0,0.0,191.0,0.0,2,0,0.8113519270230031,1,High Risk
17644,2011-06-14 12:08:00,2010-02-16 08:44:00,13,4087.28,2203,117,16,483,314.40615384615387,40.25,44.0,2203.0,0.0199727644121652,4,0,0.046303801052845185,0,Low Risk
16926,2010-12-03 13:42:00,2010-07-01 12:57:00,5,1169.61,197,63,209,155,233.92200000000005,38.75,1.0,197.0,0.0050761421319796,0,1,0.720545259714416,1,High Risk
16346,2010-11-19 15:55:00,2010-11-19 15:55:00,1,224.51,289,15,223,1,224.51,1.0,0.0,289.0,0.0,0,1,0.8639256510108458,1,High Risk
13588,2011-03-29 15:53:00,2011-03-29 15:53:00,1,113.3,48,8,93,1,113.3,1.0,0.0,48.0,0.0,4,0,0.7331648985623375,1,High Risk
17909,2009-12-02 13:10:00,2009-12-02 13:10:00,1,110.05,35,8,575,1,110.05,1.0,0.0,35.0,0.0,0,1,0.9229009598372346,1,High Risk
13835,2011-05-08 15:22:00,2010-03-04 08:26:00,4,589.15,235,34,53,430,147.2875,143.33333333333334,7.0,235.0,0.0297872340425531,1,0,0.6373595622251267,1,Medium Risk
17705,2011-05-08 13:19:00,2010-05-12 09:47:00,5,617.68,567,37,53,361,123.536,90.25,0.0,567.0,0.0,4,0,0.38646063796789687,0,Medium Risk
16229,2011-05-11 10:18:00,2010-05-24 12:59:00,5,2215.46,1066,120,50,351,443.092,87.75,6.0,1066.0,0.0056285178236397,1,0,0.2667422974492973,0,Low Risk
15992,2010-11-08 14:51:00,2010-09-12 11:52:00,2,854.61,497,51,234,57,427.305,57.0,0.0,497.0,0.0,0,1,0.6802635164909391,1,High Risk
18035,2010-11-19 13:46:00,2010-11-19 13:42:00,2,546.34,550,8,223,1,273.17,1.0,0.0,550.0,0.0,0,1,0.7626629523561904,1,High Risk
16351,2011-01-11 10:26:00,2009-12-04 16:12:00,13,3330.03,2165,124,170,402,256.1561538461538,33.5,44.0,2165.0,0.0203233256351039,0,1,0.5346038723391203,1,Medium Risk
16809,2011-05-15 12:53:00,2010-04-13 15:34:00,6,1155.82,717,94,46,396,192.63666666666663,79.2,1.0,717.0,0.00139470013947,1,0,0.4224142892199084,0,Medium Risk
16671,2011-06-28 11:20:00,2011-06-28 11:20:00,1,1382.88,656,3,2,1,1382.88,1.0,0.0,656.0,0.0,0,1,0.4368900709068404,0,Medium Risk
12471,2011-05-13 08:11:00,2009-12-07 10:41:00,62,28491.46,11695,189,48,521,459.5396774193548,8.540983606557377,326.0,11704.0,0.0278537252221462,8,0,0.06122954278998323,0,Low Risk
12704,2011-06-23 10:20:00,2011-06-23 10:20:00,1,329.56,157,13,7,1,329.56,1.0,0.0,157.0,0.0,3,0,0.47128121996437206,0,Medium Risk
16997,2011-02-24 17:28:00,2011-01-18 11:51:00,3,702.0,360,7,126,37,234.0,18.5,0.0,360.0,0.0,0,1,0.6142413895823648,1,Medium Risk
17725,2011-06-13 12:38:00,2011-03-17 19:47:00,5,1580.11,959,64,17,87,316.022,21.75,21.0,959.0,0.0218978102189781,4,0,0.21323837959979572,0,Low Risk
13417,2011-05-18 16:26:00,2010-02-08 12:39:00,5,1264.66,442,42,43,464,252.932,116.0,24.0,442.0,0.0542986425339366,0,1,0.48064338522528827,0,Medium Risk
17717,2010-10-14 12:54:00,2010-10-14 12:54:00,1,376.92,344,26,259,1,376.92,1.0,0.0,344.0,0.0,0,1,0.7722359683599503,1,High Risk
13639,2010-09-29 10:05:00,2010-09-29 10:05:00,1,312.93,197,19,274,1,312.93,1.0,0.0,197.0,0.0,1,0,0.8102142864900826,1,High Risk
15395,2011-01-18 12:40:00,2011-01-18 12:40:00,1,107.45,17,7,163,1,107.45,1.0,0.0,17.0,0.0,0,1,0.9097207157326836,1,High Risk
13012,2011-05-10 13:33:00,2010-04-26 14:14:00,6,2018.38,1052,67,51,378,336.3966666666667,75.6,166.0,1052.0,0.1577946768060836,2,0,0.36899481570505666,0,Medium Risk
17718,2011-04-21 13:39:00,2010-03-05 08:01:00,2,439.18,274,22,70,412,219.59,412.0,36.0,274.0,0.1313868613138686,0,1,0.7145889587478634,1,High Risk
12359,2011-06-03 12:26:00,2009-12-05 13:32:00,9,6059.09,2095,230,27,544,673.2322222222223,68.0,220.0,2095.0,0.1050119331742243,0,1,0.2159072382940839,0,Low Risk
13841,2011-04-01 12:10:00,2011-04-01 12:10:00,1,85.0,100,1,90,1,85.0,1.0,0.0,100.0,0.0,0,1,0.6487879020576709,1,Medium Risk
14694,2010-04-01 19:46:00,2010-04-01 19:46:00,1,244.31,193,15,455,1,244.31,1.0,0.0,193.0,0.0,0,1,0.9124930190673428,1,High Risk
13466,2011-06-08 16:39:00,2010-03-21 13:50:00,5,1013.35,660,49,22,444,202.67,111.0,11.0,660.0,0.0166666666666666,0,1,0.4954380168455659,0,Medium Risk
17787,2011-02-08 11:36:00,2010-12-03 13:43:00,3,1668.52,829,87,142,66,556.1733333333333,33.0,0.0,829.0,0.0,1,0,0.48691261047691453,0,Medium Risk
17211,2011-06-12 13:21:00,2009-12-13 13:17:00,11,2921.02,1611,176,18,546,265.54727272727274,54.6,17.0,1611.0,0.010552451893234,0,1,0.12254358537518185,0,Low Risk
16589,2010-09-15 14:56:00,2010-09-15 14:56:00,1,153.12,168,11,288,1,153.12,1.0,0.0,168.0,0.0,3,0,0.8934557240147165,1,High Risk
17203,2010-11-16 13:07:00,2010-11-16 12:52:00,4,2004.01,1751,84,226,1,501.0025,0.3333333333333333,0.0,1751.0,0.0,0,1,0.7693875656712221,1,High Risk
14258,2011-05-24 09:10:00,2009-12-04 08:36:00,22,26989.18,15026,87,37,536,1226.780909090909,25.52380952380953,239.0,15050.0,0.0158803986710963,2,0,0.02570445766261515,0,Low Risk
12878,2011-04-17 13:07:00,2011-03-18 14:02:00,2,854.99,547,38,74,29,427.495,29.0,0.0,547.0,0.0,0,1,0.3369104215657997,0,Medium Risk
18074,2010-12-01 09:53:00,2010-07-22 10:31:00,2,1019.44,361,37,211,131,509.72,131.0,0.0,361.0,0.0,0,1,0.5902755662986083,1,Medium Risk
15693,2010-02-18 14:37:00,2010-02-18 14:37:00,1,37.5,30,1,497,1,37.5,1.0,0.0,30.0,0.0,0,1,0.7887279622026625,1,High Risk
14023,2011-04-03 15:50:00,2011-04-03 15:50:00,1,273.14,162,16,88,1,273.14,1.0,0.0,162.0,0.0,0,1,0.5628912019592086,1,Medium Risk
17497,2010-11-14 14:17:00,2010-04-08 08:01:00,2,287.25,59,7,228,220,143.625,220.0,0.0,59.0,0.0,0,1,0.8290177684192691,1,High Risk
13836,2010-11-05 13:31:00,2010-10-21 13:27:00,2,620.37,273,29,237,15,310.185,15.0,3.0,273.0,0.0109890109890109,0,1,0.7561495910406383,1,High Risk
16163,2011-04-21 15:15:00,2009-12-02 10:00:00,6,2407.98,676,59,70,505,401.33,101.0,127.0,676.0,0.1878698224852071,0,1,0.46899209402162034,0,Medium Risk
14816,2011-05-26 13:16:00,2011-05-26 13:16:00,1,271.85,5,4,35,1,271.85,1.0,0.0,5.0,0.0,0,1,0.4701891977916731,0,Medium Risk
15430,2010-08-29 10:42:00,2010-06-29 15:04:00,2,954.75,309,36,305,60,477.375,60.0,8.0,309.0,0.0258899676375404,0,1,0.7231155480599609,1,High Risk
17518,2010-10-10 12:40:00,2010-03-28 13:31:00,2,329.42,267,71,263,195,164.71,195.0,0.0,267.0,0.0,0,1,0.8852712413634409,1,High Risk
13101,2011-04-19 14:37:00,2010-01-27 15:49:00,4,695.4,478,48,72,446,173.85,148.66666666666666,0.0,478.0,0.0,0,1,0.5641408733318022,1,Medium Risk
16564,2010-05-19 14:41:00,2010-05-19 14:41:00,1,87.8,40,5,407,1,87.8,1.0,0.0,40.0,0.0,0,1,0.9217106832271549,1,High Risk
16428,2010-10-22 12:22:00,2010-07-30 12:10:00,3,638.49,575,121,251,84,212.83,42.0,0.0,575.0,0.0,0,1,0.7838602190483747,1,High Risk
12826,2011-06-14 09:41:00,2009-12-18 10:43:00,9,2144.65,1578,86,16,542,238.29444444444445,67.75,6.0,1578.0,0.0038022813688212,1,0,0.16829946109248947,0,Low Risk
12868,2011-06-07 10:42:00,2010-11-12 10:05:00,8,2043.76,1170,86,23,207,255.47,29.571428571428573,0.0,1170.0,0.0,0,1,0.20587498254230865,0,Low Risk
13453,2011-06-27 09:34:00,2010-11-02 13:23:00,3,781.6899999999999,341,33,3,236,260.56333333333333,118.0,2.0,341.0,0.0058651026392961,0,1,0.5101871252444152,1,Medium Risk
16832,2011-06-08 15:36:00,2010-09-07 12:35:00,5,417.61,179,19,22,274,83.522,68.5,0.0,179.0,0.0,0,1,0.43808401163642013,0,Medium Risk
15277,2010-10-10 16:02:00,2010-10-10 16:02:00,1,220.44,168,14,263,1,220.44,1.0,0.0,168.0,0.0,0,1,0.8631173538176307,1,High Risk
15100,2011-01-10 10:35:00,2010-01-07 14:33:00,7,2193.9,270,11,171,367,313.41428571428565,61.16666666666666,44.0,270.0,0.1629629629629629,0,1,0.4545084023085179,0,Medium Risk
17871,2011-05-19 11:32:00,2010-01-15 14:48:00,5,1068.95,665,64,42,488,213.79,122.0,0.0,665.0,0.0,0,1,0.4235040791098928,0,Medium Risk
18149,2011-05-08 12:48:00,2010-03-14 12:41:00,6,1491.56,839,54,53,420,248.59333333333333,84.0,0.0,839.0,0.0,0,1,0.3149846021282759,0,Low Risk
13948,2010-12-14 10:18:00,2009-12-04 12:14:00,4,548.76,248,23,198,374,137.19,124.66666666666669,2.0,248.0,0.0080645161290322,0,1,0.6942806669602876,1,High Risk
13771,2011-05-24 12:57:00,2010-02-25 12:37:00,7,4559.22,2488,135,37,453,651.3171428571429,75.5,1.0,2488.0,0.0004019292604501,0,1,0.15420223915017442,0,Low Risk
17168,2010-07-29 12:33:00,2010-07-29 12:33:00,1,400.2,220,21,336,1,400.2,1.0,0.0,220.0,0.0,0,1,0.8362313626145869,1,High Risk
16739,2011-06-16 09:17:00,2010-06-21 09:38:00,2,786.43,391,33,14,359,393.215,359.0,4.0,391.0,0.0102301790281329,0,1,0.6073394131047177,1,Medium Risk
15885,2011-02-03 15:28:00,2010-01-21 12:47:00,13,1587.47,512,69,147,378,122.11307692307692,31.5,25.0,512.0,0.048828125,2,0,0.435282161488002,0,Medium Risk
15995,2010-10-21 13:57:00,2010-10-21 13:57:00,1,694.54,352,108,252,1,694.54,1.0,0.0,352.0,0.0,0,1,0.7104373351082578,1,High Risk
17091,2011-06-07 11:51:00,2009-12-16 15:45:00,15,5662.4,2999,222,23,537,377.4933333333333,38.35714285714285,6.0,2999.0,0.0020006668889629,2,0,0.04781104356008419,0,Low Risk
12537,2010-10-27 08:36:00,2010-10-27 08:36:00,1,732.94,449,43,246,1,732.94,1.0,0.0,449.0,0.0,0,1,0.7614625894332602,1,High Risk
15948,2010-10-11 12:16:00,2010-10-11 12:16:00,1,553.85,285,35,262,1,553.85,1.0,0.0,285.0,0.0,0,1,0.8856371605852565,1,High Risk
17976,2010-12-02 13:49:00,2010-12-02 13:49:00,1,321.79,93,56,210,1,321.79,1.0,0.0,93.0,0.0,0,1,0.8750454248095827,1,High Risk
17430,2010-12-09 13:05:00,2010-08-17 11:52:00,3,469.41,325,24,203,114,156.47,57.0,0.0,325.0,0.0,0,1,0.7547726136956093,1,High Risk
16656,2011-05-31 09:38:00,2009-12-04 12:59:00,21,11764.85,10063,21,30,542,560.2309523809524,27.1,441.0,10063.0,0.0438239093709629,6,0,0.01749769590152629,0,Low Risk
16542,2010-11-03 14:44:00,2010-11-03 14:44:00,1,137.7,96,9,239,1,137.7,1.0,0.0,96.0,0.0,0,1,0.9112692151488099,1,High Risk
15723,2010-12-10 11:12:00,2010-05-14 12:55:00,4,930.7,427,108,202,209,232.675,69.66666666666667,0.0,427.0,0.0,0,1,0.6750680181461511,1,High Risk
15026,2011-04-13 14:25:00,2010-09-17 13:52:00,4,810.67,451,83,78,208,202.6675,69.33333333333333,0.0,451.0,0.0,1,0,0.42268456440889207,0,Medium Risk
14451,2011-05-29 12:35:00,2010-01-17 10:35:00,11,2974.78,1563,218,32,497,270.43454545454546,49.7,34.0,1563.0,0.0217530390275111,0,1,0.16242897380771523,0,Low Risk
15938,2011-05-22 15:03:00,2010-06-01 09:42:00,8,665.53,401,24,39,355,83.19125,50.71428571428572,0.0,401.0,0.0,1,0,0.2934827025734485,0,Low Risk
13213,2011-06-09 16:57:00,2010-05-20 14:50:00,9,2882.4700000000003,1927,136,21,385,320.2744444444445,48.125,10.0,1927.0,0.0051894135962636,1,0,0.1109723330763085,0,Low Risk
18072,2011-06-07 10:44:00,2011-06-07 10:44:00,1,247.44,288,18,23,1,247.44,1.0,0.0,288.0,0.0,0,1,0.522082217373104,1,Medium Risk
15764,2011-06-08 12:54:00,2010-08-18 13:58:00,5,2917.63,1766,123,22,293,583.5260000000001,73.25,6.0,1766.0,0.0033975084937712,3,0,0.14889874733433925,0,Low Risk
18021,2010-07-18 10:52:00,2010-07-15 18:47:00,2,216.41,168,32,347,2,108.205,2.0,0.0,168.0,0.0,0,1,0.8723903247877295,1,High Risk
15449,2011-06-07 16:42:00,2011-03-23 10:43:00,2,647.7,516,30,23,76,323.85,76.0,1.0,516.0,0.001937984496124,0,1,0.3101791009619419,0,Low Risk
13264,2010-09-23 12:42:00,2010-09-23 12:42:00,1,722.5600000000001,375,38,280,1,722.5600000000001,1.0,0.0,375.0,0.0,0,1,0.7106269936532338,1,High Risk
16651,2010-05-02 11:46:00,2010-05-02 11:46:00,1,136.2,60,6,424,1,136.2,1.0,0.0,60.0,0.0,0,1,0.963177124003777,1,High Risk
17002,2011-05-08 11:21:00,2010-03-08 15:46:00,6,2071.34,1008,48,53,425,345.22333333333336,85.0,0.0,1008.0,0.0,1,0,0.2654216221688208,0,Low Risk
12493,2011-06-27 10:17:00,2011-05-26 14:53:00,2,433.74,207,20,3,31,216.87,31.0,1.0,207.0,0.0048309178743961,0,1,0.4252381598639057,0,Medium Risk
18194,2010-09-27 13:08:00,2010-01-28 15:30:00,5,3188.2000000000003,1142,16,276,241,637.6400000000001,60.25,0.0,1142.0,0.0,1,0,0.5593188163820044,1,Medium Risk
15778,2010-10-04 15:10:00,2010-10-04 15:10:00,1,307.95,101,17,269,1,307.95,1.0,0.0,101.0,0.0,0,1,0.8507696946739634,1,High Risk
17170,2010-11-30 15:55:00,2010-11-15 16:23:00,2,178.68,152,8,212,14,89.34,14.0,6.0,152.0,0.0394736842105263,0,1,0.8441991652927541,1,High Risk
13542,2010-11-28 11:24:00,2009-12-10 19:53:00,17,3959.49,804,98,214,352,232.91117647058823,22.0,3.0,804.0,0.003731343283582,0,1,0.6608751161802748,1,High Risk
12455,2011-06-03 11:33:00,2009-12-18 12:33:00,7,5376.39,2843,168,27,531,768.0557142857143,88.5,0.0,2843.0,0.0,3,0,0.26801181700734256,0,Low Risk
12880,2010-11-23 10:50:00,2010-05-14 11:57:00,2,640.13,279,32,219,192,320.065,192.0,0.0,279.0,0.0,0,1,0.8073158307895356,1,High Risk
13977,2010-10-24 14:08:00,2010-10-24 14:08:00,1,519.8100000000001,303,13,249,1,519.8100000000001,1.0,0.0,303.0,0.0,0,1,0.8002316025488492,1,High Risk
15732,2011-05-11 14:24:00,2010-02-04 10:10:00,10,1543.97,1264,53,50,461,154.397,51.22222222222222,9.0,1264.0,0.0071202531645569,0,1,0.1559959024638786,0,Low Risk
14241,2011-06-09 11:46:00,2010-01-12 15:11:00,2,333.70000000000005,242,12,21,512,166.85000000000002,512.0,0.0,242.0,0.0,0,1,0.8098216104612174,1,High Risk
17840,2010-09-22 12:24:00,2010-09-22 12:24:00,1,175.9,128,44,281,1,175.9,1.0,0.0,128.0,0.0,0,1,0.8679472217827419,1,High Risk
16771,2011-03-09 13:56:00,2009-12-09 11:52:00,8,3358.74,1871,262,113,455,419.8425,65.0,0.0,1871.0,0.0,1,0,0.3512986513183929,0,Medium Risk
17894,2011-02-27 14:49:00,2010-08-27 14:13:00,16,2052.62,854,187,123,184,128.28875,12.266666666666667,44.0,854.0,0.0515222482435597,2,0,0.49597681430355567,0,Medium Risk
12492,2010-11-01 14:58:00,2010-11-01 14:58:00,1,452.0,252,22,241,1,452.0,1.0,0.0,252.0,0.0,1,0,0.8304101764510291,1,High Risk
17707,2011-06-07 15:03:00,2009-12-07 12:19:00,8,609.3000000000001,546,9,23,547,76.16250000000001,78.14285714285714,1.0,546.0,0.0018315018315018,0,1,0.3702399389654241,0,Medium Risk
14730,2011-06-14 12:24:00,2011-03-08 12:49:00,4,734.99,424,123,16,97,183.7475,32.333333333333336,0.0,424.0,0.0,1,0,0.328451386360519,0,Low Risk
15847,2011-02-24 16:46:00,2010-03-08 08:47:00,4,613.98,542,28,126,353,153.495,117.66666666666669,0.0,542.0,0.0,0,1,0.6315478423303136,1,Medium Risk
16201,2010-10-20 12:00:00,2010-10-20 12:00:00,1,248.65,135,13,253,1,248.65,1.0,0.0,135.0,0.0,1,0,0.8651912394921234,1,High Risk
15042,2011-05-24 16:25:00,2010-04-23 14:01:00,2,315.45,238,9,37,396,157.725,396.0,0.0,238.0,0.0,0,1,0.909621060831963,1,High Risk
14082,2010-12-10 11:02:00,2010-11-12 11:47:00,2,413.36,246,48,202,27,206.68,27.0,0.0,246.0,0.0,0,1,0.8505794946508809,1,High Risk
13591,2011-05-19 13:58:00,2009-12-14 15:44:00,6,1753.04,628,71,42,520,292.17333333333335,104.0,1.0,628.0,0.001592356687898,0,1,0.4379253073730192,0,Medium Risk
16115,2011-06-12 13:00:00,2010-05-14 11:59:00,8,1544.49,980,171,18,394,193.06125,56.285714285714285,0.0,980.0,0.0,2,0,0.2761164917546442,0,Low Risk
13327,2011-06-07 08:54:00,2009-12-18 15:35:00,17,7379.06,3471,157,23,535,434.06235294117647,33.4375,19.0,3471.0,0.0054739268222414,2,0,0.014681990956373368,0,Low Risk
13636,2011-04-01 12:09:00,2011-02-27 14:29:00,3,541.45,303,32,90,32,180.48333333333332,16.0,6.0,303.0,0.0198019801980198,1,0,0.4960073502525458,0,Medium Risk
17391,2011-06-29 09:58:00,2011-06-28 12:21:00,2,508.8,480,2,1,1,254.4,1.0,0.0,480.0,0.0,0,1,0.5182973516622523,1,Medium Risk
14867,2011-06-07 11:39:00,2009-12-05 15:47:00,16,2952.06,996,67,23,548,184.50375,36.53333333333333,3.0,996.0,0.003012048192771,0,1,0.11164796668974408,0,Low Risk
15201,2011-05-19 16:09:00,2010-04-07 14:50:00,4,1208.68,1109,36,42,407,302.17,135.66666666666666,15.0,1109.0,0.0135256988277727,3,0,0.44551965532635807,0,Medium Risk
17744,2011-04-03 12:46:00,2010-11-24 09:34:00,5,1615.7,2100,63,88,130,323.14,32.5,36.0,2100.0,0.0171428571428571,0,1,0.2621679421847734,0,Low Risk
17028,2010-05-07 15:33:00,2009-12-18 14:28:00,3,1593.83,856,85,419,140,531.2766666666666,70.0,0.0,856.0,0.0,0,1,0.6834972042977445,1,High Risk
16541,2009-12-04 13:22:00,2009-12-04 13:22:00,1,424.03,173,38,573,1,424.03,1.0,1.0,173.0,0.0057803468208092,0,1,0.8428323777375147,1,High Risk
17040,2010-06-07 15:08:00,2010-06-07 15:08:00,1,13.52,8,1,388,1,13.52,1.0,0.0,8.0,0.0,1,0,0.897473430978772,1,High Risk
13129,2010-09-13 13:47:00,2010-06-28 11:54:00,2,233.25,296,10,290,77,116.625,77.0,0.0,296.0,0.0,0,1,0.8465168911833167,1,High Risk
16147,2010-11-04 14:56:00,2010-02-05 12:26:00,4,2023.91,1149,101,238,272,505.9775,90.66666666666669,73.0,1149.0,0.0635335073977371,1,0,0.624007611691469,1,Medium Risk
17862,2011-01-20 12:23:00,2010-05-25 17:22:00,4,1254.89,440,90,161,239,313.7225,79.66666666666667,0.0,440.0,0.0,0,1,0.6309051155665032,1,Medium Risk
15038,2011-06-05 11:14:00,2010-10-10 14:35:00,7,958.49,292,176,25,237,136.92714285714283,39.5,0.0,292.0,0.0,0,1,0.4300368814336545,0,Medium Risk
14000,2011-05-12 16:50:00,2009-12-02 09:50:00,5,2046.34,1838,28,49,526,409.268,131.5,27.0,1838.0,0.014689880304679,0,1,0.3306919535862099,0,Medium Risk
13151,2011-02-17 12:29:00,2010-03-22 10:26:00,3,2465.21,813,131,133,332,821.7366666666667,166.0,7.0,813.0,0.008610086100861,0,1,0.47836041770709525,0,Medium Risk
16848,2010-11-28 12:38:00,2010-10-03 11:01:00,3,1130.2,598,64,214,56,376.73333333333335,28.0,0.0,598.0,0.0,0,1,0.6797766112358289,1,High Risk
18266,2010-10-01 15:33:00,2010-10-01 15:33:00,1,251.1,138,14,272,1,251.1,1.0,0.0,138.0,0.0,0,1,0.8670867603818595,1,High Risk
14624,2010-10-20 15:16:00,2010-04-14 10:44:00,4,588.22,483,30,253,189,147.055,63.0,0.0,483.0,0.0,0,1,0.7201857552124787,1,High Risk
18129,2011-04-10 14:16:00,2011-04-10 14:16:00,1,112.55,48,13,81,1,112.55,1.0,0.0,48.0,0.0,0,1,0.6837274287809783,1,High Risk
16294,2010-08-20 12:01:00,2010-08-20 12:01:00,1,126.05,54,8,314,1,126.05,1.0,0.0,54.0,0.0,0,1,0.940645783006231,1,High Risk
14749,2010-08-17 12:36:00,2010-08-17 12:36:00,1,310.15,403,18,317,1,310.15,1.0,0.0,403.0,0.0,0,1,0.7409115298174437,1,High Risk
17111,2010-10-10 15:21:00,2010-10-10 15:21:00,1,227.97,299,19,263,1,227.97,1.0,0.0,299.0,0.0,0,1,0.8493974351265215,1,High Risk
12504,2010-10-18 15:09:00,2010-04-22 10:24:00,2,297.0,368,8,255,179,148.5,179.0,0.0,368.0,0.0,0,1,0.6816549697644415,1,High Risk
16149,2010-10-06 15:54:00,2010-10-06 15:54:00,1,141.70000000000002,290,12,267,1,141.70000000000002,1.0,0.0,290.0,0.0,1,0,0.8593755008722979,1,High Risk
17906,2011-04-06 17:25:00,2011-04-06 17:25:00,1,72.9,26,12,85,1,72.9,1.0,0.0,26.0,0.0,0,1,0.6849631369596961,1,High Risk
12760,2010-09-10 08:50:00,2010-09-10 08:50:00,1,347.8,198,21,293,1,347.8,1.0,0.0,198.0,0.0,0,1,0.8172519348249817,1,High Risk
17627,2010-08-18 11:27:00,2010-08-18 11:27:00,1,296.36,676,10,316,1,296.36,1.0,3.0,676.0,0.0044378698224852,0,1,0.7411532082496489,1,High Risk
14465,2011-04-07 12:38:00,2010-01-07 15:03:00,11,3925.85,2539,128,84,454,356.8954545454545,45.4,0.0,2539.0,0.0,0,1,0.19011061561379963,0,Low Risk
16392,2011-03-15 12:11:00,2010-05-27 11:17:00,3,756.7,604,125,107,292,252.23333333333332,146.0,0.0,604.0,0.0,0,1,0.6009318302295135,1,Medium Risk
16664,2010-05-19 17:11:00,2010-05-19 17:11:00,1,109.2,24,8,407,1,109.2,1.0,0.0,24.0,0.0,0,1,0.9589490960981113,1,High Risk
17414,2011-06-08 11:43:00,2009-12-03 16:49:00,5,2069.52,5536,6,22,551,413.904,137.75,0.0,5536.0,0.0,0,1,0.4538070124861201,0,Medium Risk
13686,2011-06-10 09:10:00,2010-11-03 13:44:00,3,409.04,378,27,20,218,136.34666666666666,109.0,0.0,378.0,0.0,0,1,0.5189568445791495,1,Medium Risk
16938,2011-06-13 11:24:00,2010-02-17 14:47:00,8,6669.7300000000005,4826,541,17,480,833.7162500000001,68.57142857142857,1515.0,4826.0,0.3139245752175715,0,1,0.30822712384115325,0,Low Risk
16303,2011-01-10 14:16:00,2010-03-18 14:12:00,5,3394.82,1618,82,171,298,678.964,74.5,5.0,1618.0,0.0030902348578491,1,0,0.38709817784383543,0,Medium Risk
17369,2010-09-10 09:49:00,2010-09-10 09:49:00,1,979.2,1152,1,293,1,979.2,1.0,0.0,1152.0,0.0,0,1,0.6113231400528026,1,Medium Risk
17477,2010-04-06 10:06:00,2010-03-02 11:53:00,2,1144.3,225,44,450,34,572.15,34.0,14.0,225.0,0.0622222222222222,0,1,0.754428228297587,1,High Risk
16055,2011-05-03 09:26:00,2011-05-03 09:26:00,1,134.8,22,8,58,1,134.8,1.0,0.0,22.0,0.0,0,1,0.5133684655209199,1,Medium Risk
13063,2010-08-16 12:27:00,2010-08-16 12:27:00,1,188.4,116,12,318,1,188.4,1.0,0.0,116.0,0.0,0,1,0.8613110284750175,1,High Risk
17586,2010-03-30 13:12:00,2010-03-30 13:12:00,1,167.4,68,8,457,1,167.4,1.0,0.0,68.0,0.0,0,1,0.9656121152621842,1,High Risk
15293,2010-02-12 11:54:00,2010-02-12 11:54:00,1,247.5,178,19,503,1,247.5,1.0,0.0,178.0,0.0,0,1,0.9115405374877725,1,High Risk
12943,2010-05-30 13:52:00,2010-04-13 11:03:00,2,496.5,222,22,396,47,248.25,47.0,2.0,222.0,0.009009009009009,0,1,0.8594851310319387,1,High Risk
13966,2010-09-30 13:08:00,2010-09-30 13:08:00,1,384.26,760,21,273,1,384.26,1.0,0.0,760.0,0.0,0,1,0.7433551813112428,1,High Risk
16913,2011-02-22 12:56:00,2010-02-26 12:06:00,3,423.91,229,18,128,361,141.3033333333333,180.5,0.0,229.0,0.0,0,1,0.7342158787654397,1,High Risk
13281,2010-09-26 16:03:00,2010-09-26 16:03:00,1,350.85,201,22,277,1,350.85,1.0,26.0,201.0,0.1293532338308457,0,1,0.8148234610209866,1,High Risk
12541,2011-06-19 15:59:00,2011-03-04 09:32:00,2,536.14,419,27,11,107,268.07,107.0,0.0,419.0,0.0,0,1,0.3943213521081904,0,Medium Risk
12867,2011-06-27 15:04:00,2009-12-16 16:25:00,11,6163.22,6186,326,3,557,560.2927272727273,55.7,5.0,6186.0,0.0008082767539605,1,0,0.22017089773201218,0,Low Risk
13562,2011-04-08 12:42:00,2010-01-14 16:33:00,6,3642.12,1079,72,83,448,607.02,89.6,0.0,1079.0,0.0,2,0,0.27826603762076263,0,Low Risk
12849,2011-03-16 12:26:00,2010-04-27 13:44:00,5,2701.03,1747,110,106,322,540.2059999999999,80.5,0.0,1747.0,0.0,0,1,0.2867970190521706,0,Low Risk
17041,2010-12-14 11:43:00,2010-04-18 14:25:00,4,888.21,566,58,198,239,222.0525,79.66666666666667,4.0,566.0,0.0070671378091872,1,0,0.6548621706610104,1,Medium Risk
14471,2010-04-27 17:12:00,2009-12-07 12:26:00,2,400.95,187,38,429,141,200.475,141.0,0.0,187.0,0.0,0,1,0.8760160855871229,1,High Risk
18002,2010-11-29 10:57:00,2009-12-08 11:07:00,4,244.37,71,52,213,355,61.0925,118.33333333333331,0.0,71.0,0.0,0,1,0.7143176971180426,1,High Risk
12792,2011-03-28 11:36:00,2010-06-23 10:49:00,2,827.01,394,39,94,278,413.505,278.0,1.0,394.0,0.0025380710659898,0,1,0.5309449429496643,1,Medium Risk
18157,2010-05-17 14:09:00,2010-05-17 14:09:00,1,213.9,145,25,409,1,213.9,1.0,0.0,145.0,0.0,0,1,0.9014373612629637,1,High Risk
17174,2011-05-06 11:47:00,2011-05-06 11:47:00,1,59.9,41,4,55,1,59.9,1.0,0.0,41.0,0.0,0,1,0.5691421215341185,1,Medium Risk
17994,2011-06-03 09:50:00,2010-03-29 10:37:00,10,2149.32,2054,226,27,430,214.932,47.77777777777778,5.0,2054.0,0.0024342745861733,1,0,0.26214495594339415,0,Low Risk
15166,2010-08-29 12:31:00,2010-08-29 12:31:00,1,167.16,140,12,305,1,167.16,1.0,0.0,140.0,0.0,0,1,0.8968305522621857,1,High Risk
16190,2010-11-10 09:43:00,2009-12-14 11:59:00,7,2508.4700000000003,1143,88,232,330,358.3528571428572,55.0,0.0,1143.0,0.0,0,1,0.5399923397762567,1,Medium Risk
18176,2010-12-16 15:45:00,2010-12-16 15:45:00,1,476.35,283,30,196,1,476.35,1.0,4.0,283.0,0.0141342756183745,0,1,0.8731961188104487,1,High Risk
16867,2010-01-19 09:11:00,2010-01-19 09:11:00,1,76.74000000000001,58,6,527,1,76.74000000000001,1.0,0.0,58.0,0.0,0,1,0.9515500471297391,1,High Risk
13683,2010-09-08 10:00:00,2010-09-08 10:00:00,1,258.6,180,10,295,1,258.6,1.0,0.0,180.0,0.0,0,1,0.8487507889971937,1,High Risk
13302,2010-07-01 12:32:00,2010-07-01 12:32:00,1,95.45,7,2,364,1,95.45,1.0,0.0,7.0,0.0,1,0,0.9292126097812587,1,High Risk
16686,2011-05-29 14:08:00,2009-12-06 15:48:00,13,3116.82,2453,355,32,538,239.75538461538463,44.833333333333336,5.0,2453.0,0.0020383204239706,2,0,0.0907360549102091,0,Low Risk
13688,2010-03-14 14:11:00,2010-03-14 14:11:00,1,375.5,130,5,473,1,375.5,1.0,0.0,130.0,0.0,0,1,0.8575336255331383,1,High Risk
16919,2011-06-14 11:53:00,2010-08-19 15:28:00,23,4693.92,2160,223,16,298,204.08347826086955,13.545454545454543,16.0,2160.0,0.0074074074074074,1,0,0.03245354384265192,0,Low Risk
17886,2011-05-13 10:22:00,2010-04-29 11:10:00,5,1080.98,460,91,48,378,216.196,94.5,1.0,460.0,0.0021739130434782,0,1,0.4773032255929954,0,Medium Risk
14425,2010-10-01 10:24:00,2009-12-02 11:31:00,3,661.39,325,35,272,302,220.4633333333333,151.0,6.0,325.0,0.0184615384615384,0,1,0.758091907481852,1,High Risk
15446,2010-11-28 11:59:00,2009-12-13 13:53:00,3,399.75,265,90,214,349,133.25,174.5,4.0,265.0,0.0150943396226415,0,1,0.7520002897965322,1,High Risk
13967,2010-11-08 13:24:00,2010-11-08 13:24:00,1,85.6,24,4,234,1,85.6,1.0,0.0,24.0,0.0,1,0,0.8963097941404565,1,High Risk
15861,2011-03-17 20:18:00,2010-01-28 19:41:00,6,1938.52,1864,266,105,413,323.08666666666664,82.6,12.0,1864.0,0.0064377682403433,1,0,0.40456445948441294,0,Medium Risk
13498,2009-12-09 15:26:00,2009-12-09 15:26:00,1,327.38,362,17,568,1,327.38,1.0,0.0,362.0,0.0,0,1,0.7869177497281268,1,High Risk
15097,2010-05-05 14:33:00,2010-05-05 14:22:00,2,660.27,254,39,421,1,330.135,1.0,126.0,254.0,0.4960629921259842,0,1,0.7751901453793713,1,High Risk
15271,2011-06-30 08:17:00,2010-08-05 14:57:00,16,3091.65,1677,281,0,328,193.228125,21.866666666666667,31.0,1677.0,0.0184853905784138,3,0,0.07941307403165072,0,Low Risk
14565,2011-05-18 13:09:00,2010-08-23 09:48:00,3,2637.65,1299,104,43,268,879.2166666666667,134.0,5.0,1299.0,0.0038491147036181,2,0,0.31215069951665164,0,Low Risk
13615,2011-01-25 08:21:00,2010-01-28 15:43:00,8,6272.53,2910,259,156,361,784.06625,51.57142857142857,19.0,2910.0,0.0065292096219931,0,1,0.3715644036876357,0,Medium Risk
17764,2011-05-12 16:11:00,2009-12-03 14:28:00,4,971.69,436,76,49,525,242.9225,175.0,0.0,436.0,0.0,0,1,0.4698183685026008,0,Medium Risk
17686,2011-05-23 14:16:00,2010-06-24 09:49:00,6,5594.1,2328,209,38,333,932.35,66.6,0.0,2328.0,0.0,2,0,0.20632359345464832,0,Low Risk
13328,2011-01-27 15:22:00,2011-01-27 15:22:00,1,1308.48,680,17,154,1,1308.48,1.0,0.0,680.0,0.0,0,1,0.6877855624091626,1,High Risk
15299,2011-06-28 17:01:00,2010-01-12 11:34:00,8,4684.53,2986,7,2,532,585.56625,76.0,9.0,2986.0,0.0030140656396517,0,1,0.20492437830387883,0,Low Risk
17859,2011-02-08 10:32:00,2011-02-08 10:32:00,1,141.92000000000002,102,23,142,1,141.92000000000002,1.0,0.0,102.0,0.0,0,1,0.9064238887915075,1,High Risk
18238,2010-07-12 12:51:00,2010-07-12 12:51:00,1,270.92,114,14,353,1,270.92,1.0,0.0,114.0,0.0,0,1,0.8927920109427303,1,High Risk
13306,2010-10-05 14:55:00,2010-10-05 14:55:00,1,53.65,74,4,268,1,53.65,1.0,0.0,74.0,0.0,0,1,0.9154738100121206,1,High Risk
18258,2010-09-01 14:20:00,2010-05-16 11:35:00,6,2059.67,1981,30,302,108,343.27833333333336,21.6,8.0,1981.0,0.0040383644623927,0,1,0.7081686272548385,1,High Risk
16168,2011-06-06 14:32:00,2009-12-03 12:38:00,49,7968.38,3758,113,24,550,162.62,11.458333333333334,16.0,3758.0,0.0042575838211814,9,0,0.020591393365601934,0,Low Risk
17166,2011-05-20 08:18:00,2011-05-20 08:18:00,1,127.59,57,10,41,1,127.59,1.0,3.0,57.0,0.0526315789473684,0,1,0.6228098907429013,1,Medium Risk
14562,2011-06-09 19:55:00,2010-02-07 14:10:00,12,2737.37,1254,164,21,487,228.11416666666665,44.27272727272727,0.0,1254.0,0.0,6,0,0.09178618610599618,0,Low Risk
14281,2010-10-27 14:45:00,2010-10-27 14:45:00,1,245.15,45,7,246,1,245.15,1.0,0.0,45.0,0.0,0,1,0.8622100046964313,1,High Risk
13082,2011-06-16 10:19:00,2009-12-22 15:37:00,19,5967.65,7100,98,14,540,314.08684210526314,30.0,53.0,7100.0,0.0074647887323943,2,0,0.006805425522620725,0,Low Risk
15008,2010-08-16 13:09:00,2010-03-12 11:13:00,2,360.0,1500,6,318,157,180.0,157.0,0.0,1500.0,0.0,0,1,0.6740763661780332,1,High Risk
13326,2010-10-03 16:00:00,2010-10-03 16:00:00,1,281.76,140,13,270,1,281.76,1.0,0.0,140.0,0.0,0,1,0.8624659654812659,1,High Risk
16720,2010-11-28 14:49:00,2009-12-17 17:54:00,2,605.79,280,107,214,345,302.895,345.0,8.0,280.0,0.0285714285714285,0,1,0.7906220888772505,1,High Risk
18210,2011-03-17 16:58:00,2010-11-22 09:39:00,2,289.85,163,14,105,115,144.925,115.0,0.0,163.0,0.0,0,1,0.7995464532008686,1,High Risk
15759,2011-05-05 15:13:00,2009-12-02 10:08:00,7,830.9300000000001,523,10,56,519,118.70428571428572,86.5,5.0,523.0,0.0095602294455066,0,1,0.3336977762293317,0,Medium Risk
16018,2011-06-12 13:52:00,2009-12-07 13:57:00,3,451.13,357,39,18,551,150.3766666666667,275.5,0.0,357.0,0.0,0,1,0.747953979036092,1,High Risk
16110,2011-03-22 13:54:00,2010-07-05 13:04:00,3,1138.82,502,235,100,260,379.6066666666666,130.0,0.0,502.0,0.0,0,1,0.5408456655951417,1,Medium Risk
16646,2010-09-16 13:28:00,2010-09-16 13:28:00,1,678.8,1072,29,287,1,678.8,1.0,1.0,1072.0,0.0009328358208955,0,1,0.6069278556929669,1,Medium Risk
17400,2011-05-13 17:34:00,2009-12-17 15:41:00,7,3832.06,1698,278,48,512,547.4371428571428,85.33333333333333,0.0,1698.0,0.0,1,0,0.23288216184886232,0,Low Risk
15272,2010-09-15 17:07:00,2010-02-14 13:39:00,4,1309.01,355,209,288,213,327.2525,71.0,0.0,355.0,0.0,1,0,0.7620244593844829,1,High Risk
12415,2011-06-15 13:37:00,2010-06-30 08:30:00,16,93854.55,61313,382,15,350,5865.909375,23.33333333333333,210.0,61393.0,0.0034205854087599,6,0,0.06354284151420136,0,Low Risk
15911,2010-03-26 12:06:00,2009-12-09 13:26:00,8,1700.24,810,162,461,106,212.53,15.142857142857142,2.0,810.0,0.0024691358024691,0,1,0.7957607171451213,1,High Risk
16998,2011-05-19 14:30:00,2010-09-21 14:39:00,4,394.1,102,2,42,239,98.525,79.66666666666667,2.0,102.0,0.0196078431372549,1,0,0.47728027465528444,0,Medium Risk
17122,2010-11-16 14:38:00,2010-07-28 09:34:00,3,432.18,288,19,226,111,144.06,55.5,0.0,288.0,0.0,1,0,0.8017953829880449,1,High Risk
12371,2010-10-26 13:37:00,2010-03-04 18:23:00,3,2179.42,845,91,247,235,726.4733333333334,117.5,0.0,845.0,0.0,0,1,0.6296645383679913,1,Medium Risk
13877,2010-08-26 17:19:00,2010-01-19 10:53:00,2,332.44,370,20,308,219,166.22,219.0,3.0,370.0,0.0081081081081081,1,0,0.7073414707224221,1,High Risk
13725,2011-06-23 16:02:00,2011-02-04 12:18:00,7,1865.7,724,86,7,139,266.5285714285714,23.166666666666668,8.0,724.0,0.011049723756906,0,1,0.1552565650471137,0,Low Risk
15243,2010-09-30 17:28:00,2010-09-30 17:28:00,1,610.6,358,39,273,1,610.6,1.0,0.0,358.0,0.0,1,0,0.8259454880073723,1,High Risk
14987,2010-12-09 12:13:00,2009-12-02 14:56:00,7,1387.4499999999998,543,4,203,371,198.20714285714283,61.833333333333336,32.0,543.0,0.0589318600368324,0,1,0.3996339627126688,0,Medium Risk
13523,2011-05-24 08:51:00,2010-11-02 14:55:00,4,2938.93,1065,117,37,202,734.7325,67.33333333333333,7.0,1065.0,0.0065727699530516,0,1,0.1923759975451817,0,Low Risk
16426,2011-03-08 15:45:00,2011-03-08 15:45:00,1,328.37,157,11,114,1,328.37,1.0,0.0,157.0,0.0,3,0,0.7611904364319062,1,High Risk
12836,2011-05-04 15:08:00,2009-12-01 14:19:00,13,5610.77,1872,243,57,519,431.59769230769234,43.25,4.0,1872.0,0.0021367521367521,1,0,0.18495782031674166,0,Low Risk
14970,2011-04-01 13:33:00,2010-02-14 13:37:00,10,4109.54,847,56,90,410,410.954,45.55555555555556,219.0,847.0,0.2585596221959858,1,0,0.2757975949527526,0,Low Risk
13440,2010-10-12 13:11:00,2010-09-14 10:34:00,7,1295.25,573,49,261,28,185.03571428571428,4.666666666666667,22.0,573.0,0.0383944153577661,0,1,0.7199829966676418,1,High Risk
12852,2011-02-18 08:47:00,2011-02-18 08:47:00,1,311.55,149,17,132,1,311.55,1.0,4.0,149.0,0.0268456375838926,0,1,0.7717864373455516,1,High Risk
15872,2010-11-26 12:05:00,2010-06-07 14:53:00,2,413.0,280,70,216,171,206.5,171.0,0.0,280.0,0.0,0,1,0.8222217349580081,1,High Risk
16490,2010-09-29 16:30:00,2010-09-29 16:30:00,1,205.41000000000005,113,13,274,1,205.41000000000005,1.0,7.0,113.0,0.0619469026548672,0,1,0.8707178235330129,1,High Risk
18232,2011-05-31 08:03:00,2011-05-26 16:30:00,2,370.98,170,24,30,4,185.49,4.0,3.0,170.0,0.0176470588235294,2,0,0.5309150466184411,1,Medium Risk
16509,2011-02-16 09:25:00,2011-02-16 09:25:00,1,363.7,64,13,134,1,363.7,1.0,0.0,64.0,0.0,0,1,0.8348480238434381,1,High Risk
16435,2010-07-15 18:22:00,2010-07-13 13:29:00,3,1003.07,608,119,350,2,334.3566666666666,1.0,0.0,608.0,0.0,0,1,0.750655290831353,1,High Risk
12959,2010-08-12 17:20:00,2010-08-12 17:20:00,1,150.95,109,8,322,1,150.95,1.0,1.0,109.0,0.0091743119266055,0,1,0.924640303331248,1,High Risk
14614,2010-11-18 13:04:00,2010-11-18 13:04:00,1,295.13,189,19,224,1,295.13,1.0,0.0,189.0,0.0,0,1,0.849777036647306,1,High Risk
16028,2010-04-23 11:45:00,2010-04-23 11:45:00,1,82.2,18,5,433,1,82.2,1.0,0.0,18.0,0.0,0,1,0.93257282563368,1,High Risk
14702,2011-06-30 19:58:00,2009-12-10 20:22:00,19,4468.19,1882,249,0,566,235.16789473684207,31.444444444444443,2.0,1882.0,0.0010626992561105,3,0,0.08313606962492168,0,Low Risk
14809,2010-03-28 15:44:00,2010-03-28 15:42:00,2,686.76,232,18,459,1,343.38,1.0,0.0,232.0,0.0,0,1,0.7836125411142214,1,High Risk
17202,2010-10-15 11:25:00,2010-10-15 11:25:00,1,160.65,55,8,258,1,160.65,1.0,0.0,55.0,0.0,0,1,0.9405500967305324,1,High Risk
16652,2011-05-11 12:50:00,2010-03-17 10:22:00,12,13831.04,5628,108,50,420,1152.5866666666668,38.18181818181818,19.0,5628.0,0.0033759772565742,2,0,0.07880571138160918,0,Low Risk
17729,2010-04-22 15:03:00,2010-04-22 15:03:00,1,438.65,247,23,434,1,438.65,1.0,0.0,247.0,0.0,0,1,0.852219633828711,1,High Risk
12967,2010-12-16 19:10:00,2010-11-21 11:03:00,3,2938.52,912,47,196,25,979.5066666666668,12.5,1.0,912.0,0.0010964912280701,0,1,0.47834939652823977,0,Medium Risk
16529,2011-06-02 17:23:00,2010-06-27 13:29:00,4,1986.8,739,87,28,340,496.7,113.33333333333331,0.0,739.0,0.0,0,1,0.41430179985649135,0,Medium Risk
12348,2011-04-05 10:47:00,2010-09-27 14:59:00,4,1709.4,2497,25,86,189,427.35,63.0,0.0,2497.0,0.0,1,0,0.2975040714396611,0,Low Risk
15259,2010-07-15 08:47:00,2010-01-26 09:41:00,4,1182.38,631,50,350,169,295.595,56.333333333333336,0.0,631.0,0.0,0,1,0.7761155721449524,1,High Risk
15094,2010-09-02 16:55:00,2010-03-05 12:56:00,2,83.0,28,4,301,181,41.5,181.0,0.0,28.0,0.0,0,1,0.8285267768557995,1,High Risk
14031,2011-06-24 17:35:00,2009-12-03 15:35:00,37,30550.57,11195,257,6,568,825.691081081081,15.77777777777778,349.0,11195.0,0.0311746315319338,2,0,0.008556111202592908,0,Low Risk
16135,2011-03-22 12:30:00,2010-05-05 09:35:00,2,819.45,395,35,100,321,409.725,321.0,0.0,395.0,0.0,0,1,0.5871489355891795,1,Medium Risk
16548,2010-04-19 16:15:00,2010-04-19 16:15:00,1,30.15,6,6,437,1,30.15,1.0,0.0,6.0,0.0,0,1,0.9076158536475224,1,High Risk
14199,2011-05-05 13:44:00,2010-06-27 12:13:00,4,1091.7,254,15,56,312,272.925,104.0,24.0,254.0,0.0944881889763779,0,1,0.5084617982204758,1,Medium Risk
14294,2010-10-28 16:25:00,2010-10-28 16:25:00,1,375.34,190,23,245,1,375.34,1.0,0.0,190.0,0.0,0,1,0.8439441646369926,1,High Risk
14277,2011-05-11 13:20:00,2009-12-13 15:43:00,7,14638.64,88685,218,50,513,2091.2342857142858,85.5,87563.0,88685.0,0.9873484805773244,0,1,0.36474370366989,0,Medium Risk
15105,2010-10-05 14:12:00,2010-03-23 12:18:00,2,795.98,536,50,268,196,397.99,196.0,0.0,536.0,0.0,3,0,0.6716889897514077,1,High Risk
15737,2011-06-06 16:23:00,2011-04-11 10:01:00,4,712.73,369,39,24,56,178.1825,18.666666666666668,8.0,369.0,0.021680216802168,2,0,0.45225748474011623,0,Medium Risk
16732,2010-11-01 13:33:00,2009-12-08 13:04:00,3,3783.89,2097,177,241,328,1261.2966666666666,164.0,32.0,2097.0,0.0152598950882212,0,1,0.5221580799192733,1,Medium Risk
14482,2011-04-14 16:41:00,2010-08-26 14:13:00,7,2522.01,1353,99,77,231,360.2871428571429,38.5,86.0,1353.0,0.0635624538063562,1,0,0.24593118748988707,0,Low Risk
15149,2010-05-12 16:04:00,2010-02-28 11:13:00,4,1033.81,252,44,414,73,258.4525,24.33333333333333,0.0,252.0,0.0,1,0,0.8158065358011722,1,High Risk
13775,2010-04-28 12:15:00,2010-04-28 12:15:00,1,1049.66,455,63,428,1,1049.66,1.0,0.0,455.0,0.0,0,1,0.7926992732114256,1,High Risk
13957,2010-10-18 10:02:00,2010-02-19 10:32:00,3,458.25,157,21,255,240,152.75,120.0,0.0,157.0,0.0,0,1,0.7486411259700242,1,High Risk
18089,2010-09-19 11:57:00,2010-09-19 11:57:00,1,428.45,95,9,284,1,428.45,1.0,0.0,95.0,0.0,0,1,0.8391262023958439,1,High Risk
13230,2011-05-22 11:28:00,2010-03-18 20:02:00,25,5128.01,2778,542,39,429,205.1204,17.875,0.0,2778.0,0.0,3,0,0.044745180547589906,0,Low Risk
13382,2011-03-04 10:03:00,2009-12-08 09:56:00,5,1387.58,863,74,118,451,277.516,112.75,0.0,863.0,0.0,0,1,0.5654400844253588,1,Medium Risk
13317,2011-05-25 10:35:00,2009-12-13 11:11:00,18,5526.3910000000005,2614,181,36,527,307.02172222222225,31.0,96.0,2614.0,0.0367253251721499,0,1,0.03880701967647172,0,Low Risk
14960,2011-06-21 13:38:00,2011-06-21 13:38:00,1,88.3,20,2,9,1,88.3,1.0,0.0,20.0,0.0,0,1,0.5167285110154554,1,Medium Risk
13137,2011-04-01 11:34:00,2010-07-25 15:40:00,10,4831.09,2560,482,90,249,483.109,27.666666666666668,0.0,2560.0,0.0,3,0,0.1467365917354272,0,Low Risk
17530,2011-05-17 16:49:00,2009-12-06 16:17:00,8,1789.83,1019,271,44,527,223.72875,75.28571428571429,1.0,1019.0,0.000981354268891,1,0,0.34425326289158265,0,Medium Risk
16860,2010-09-13 10:05:00,2010-02-15 13:46:00,3,1610.62,625,35,290,209,536.8733333333333,104.5,1.0,625.0,0.0016,0,1,0.6854304345704519,1,High Risk
16802,2010-01-29 13:44:00,2009-12-09 13:00:00,2,582.61,369,48,517,51,291.305,51.0,0.0,369.0,0.0,0,1,0.7864400836679077,1,High Risk
17850,2010-12-02 15:27:00,2009-12-05 12:28:00,155,51208.87,21052,100,210,362,330.3798064516129,2.3506493506493507,176.0,21052.0,0.0083602508075242,0,1,0.6071137594934433,1,Medium Risk
15513,2011-06-17 11:49:00,2010-01-13 14:59:00,29,18773.63,7384,223,13,519,647.3665517241379,18.535714285714285,196.0,7384.0,0.0265438786565547,4,0,0.025056840398126647,0,Low Risk
12928,2011-04-12 10:45:00,2010-06-08 10:16:00,9,3022.23,1913,76,79,308,335.80333333333334,38.5,0.0,1913.0,0.0,1,0,0.1355088505087777,0,Low Risk
12949,2011-05-17 13:29:00,2009-12-03 15:56:00,17,13610.18,7131,311,44,529,800.5988235294118,33.0625,36.0,7131.0,0.0050483803113167,4,0,0.0266434518120559,0,Low Risk
14893,2010-04-01 09:03:00,2010-04-01 09:03:00,1,571.76,248,33,455,1,571.76,1.0,13.0,248.0,0.0524193548387096,0,1,0.862795303415623,1,High Risk
14075,2011-03-23 16:35:00,2010-06-16 14:47:00,4,1100.53,1010,48,99,280,275.1325,93.33333333333331,0.0,1010.0,0.0,0,1,0.4359693838939621,0,Medium Risk
14269,2010-09-26 12:53:00,2010-09-26 12:53:00,1,295.73,123,16,277,1,295.73,1.0,9.0,123.0,0.073170731707317,0,1,0.8209137211064097,1,High Risk
17697,2011-04-17 15:40:00,2011-04-17 15:40:00,1,338.95,93,19,74,1,338.95,1.0,0.0,93.0,0.0,0,1,0.5017404717192772,1,Medium Risk
14065,2010-11-15 16:13:00,2010-10-04 12:03:00,3,891.02,582,42,227,42,297.00666666666666,21.0,1.0,582.0,0.0017182130584192,0,1,0.7436840974225175,1,High Risk
15518,2011-05-08 14:09:00,2009-12-20 12:21:00,11,3242.61,2242,213,53,504,294.7827272727273,50.4,47.0,2242.0,0.0209634255129348,3,0,0.22389271372163727,0,Low Risk
15712,2011-06-09 15:48:00,2009-12-01 11:17:00,9,2858.7000000000003,967,74,21,555,317.6333333333334,69.375,1.0,967.0,0.0010341261633919,2,0,0.16173500253392095,0,Low Risk
14627,2010-11-25 16:32:00,2010-11-25 16:32:00,1,462.75,284,29,217,1,462.75,1.0,15.0,284.0,0.0528169014084507,0,1,0.8439710732059874,1,High Risk
16730,2011-04-19 12:41:00,2011-01-24 14:01:00,2,480.94,750,35,72,84,240.47,84.0,96.0,750.0,0.128,0,1,0.44154071101995745,0,Medium Risk
16286,2010-08-19 14:48:00,2010-03-26 09:58:00,2,328.95,101,17,315,146,164.475,146.0,14.0,101.0,0.1386138613861386,0,1,0.8135937797450901,1,High Risk
14198,2011-04-14 14:54:00,2010-01-05 10:07:00,6,1051.63,437,41,77,464,175.27166666666668,92.8,7.0,437.0,0.0160183066361556,2,0,0.47264762150069584,0,Medium Risk
17893,2011-04-28 13:50:00,2011-04-28 13:50:00,1,107.21,149,15,63,1,107.21,1.0,0.0,149.0,0.0,0,1,0.6540170928237035,1,Medium Risk
17160,2011-04-28 13:18:00,2009-12-04 10:57:00,13,7896.2,6485,184,63,510,607.4,42.5,4.0,6485.0,0.0006168080185042,3,0,0.19175596217190963,0,Low Risk
17438,2011-03-31 10:26:00,2010-03-08 16:53:00,5,1422.77,553,49,91,387,284.554,96.75,3.0,553.0,0.0054249547920434,0,1,0.49340116036796733,0,Medium Risk
17192,2010-06-21 16:07:00,2010-06-21 16:07:00,1,75.28,45,20,374,1,75.28,1.0,0.0,45.0,0.0,0,1,0.9518249044218946,1,High Risk
17908,2010-12-01 11:45:00,2009-12-14 12:24:00,5,1142.47,670,178,211,351,228.494,87.75,27.0,670.0,0.0402985074626865,0,1,0.6593491238668107,1,Medium Risk
15517,2011-04-20 14:02:00,2011-04-20 14:02:00,1,267.03,293,27,71,1,267.03,1.0,0.0,293.0,0.0,0,1,0.49718467596910537,0,Medium Risk
18097,2011-05-18 13:56:00,2009-12-17 11:06:00,8,3422.08,2140,77,43,517,427.76,73.85714285714286,4.0,2140.0,0.0018691588785046,2,0,0.10524719846104304,0,Low Risk
13169,2011-04-01 14:24:00,2010-05-26 15:58:00,2,632.4000000000001,120,11,90,309,316.20000000000005,309.0,0.0,120.0,0.0,0,1,0.7070061873801352,1,High Risk
14889,2011-01-07 15:19:00,2011-01-07 15:19:00,1,135.9,90,10,174,1,135.9,1.0,0.0,90.0,0.0,0,1,0.9397023183223309,1,High Risk
15914,2010-11-26 16:10:00,2010-11-26 16:09:00,2,205.99,149,13,216,1,102.995,1.0,0.0,149.0,0.0,0,1,0.8922949727860575,1,High Risk
15898,2011-04-27 10:03:00,2009-12-11 16:11:00,24,4610.56,2014,280,64,501,192.10666666666668,21.782608695652176,17.0,2014.0,0.0084409136047666,0,1,0.09031700113519461,0,Low Risk
13762,2011-05-05 09:15:00,2010-01-10 12:13:00,5,2472.48,2608,23,56,479,494.496,119.75,272.0,2608.0,0.1042944785276073,0,1,0.4388547711887257,0,Medium Risk
14115,2010-07-26 12:36:00,2010-02-11 11:44:00,2,622.6700000000001,509,22,339,165,311.33500000000004,165.0,0.0,509.0,0.0,0,1,0.6842420816290179,1,High Risk
17956,2011-04-04 13:47:00,2011-04-04 13:47:00,1,12.75,1,1,87,1,12.75,1.0,0.0,1.0,0.0,0,1,0.8094093076555751,1,High Risk
17577,2010-03-04 13:01:00,2010-02-09 10:10:00,2,348.75,179,20,483,23,174.375,23.0,0.0,179.0,0.0,0,1,0.8938345042918975,1,High Risk
17126,2011-02-13 12:05:00,2010-08-31 13:41:00,6,1528.65,908,221,137,165,254.775,33.0,1.0,908.0,0.001101321585903,3,0,0.5027100984895035,1,Medium Risk
13204,2009-12-08 14:56:00,2009-12-08 14:56:00,1,966.66,428,57,569,1,966.66,1.0,0.0,428.0,0.0,0,1,0.7741846898426596,1,High Risk
13234,2010-02-05 11:41:00,2009-12-07 12:32:00,2,346.5,159,56,510,59,173.25,59.0,0.0,159.0,0.0,0,1,0.8835527550075835,1,High Risk
15294,2010-10-25 11:45:00,2010-10-25 11:45:00,1,233.35,97,15,248,1,233.35,1.0,2.0,97.0,0.0206185567010309,0,1,0.8743088913247348,1,High Risk
16525,2011-06-29 09:13:00,2009-12-02 13:53:00,39,19789.04,11694,109,1,573,507.41128205128206,15.078947368421051,340.0,11694.0,0.0290747391824867,6,0,0.021110962986257278,0,Low Risk
12973,2010-10-22 10:14:00,2010-10-22 10:14:00,1,385.55,31,6,251,1,385.55,1.0,0.0,31.0,0.0,0,1,0.8443850951502689,1,High Risk
16150,2011-03-14 13:56:00,2009-12-17 15:33:00,7,2913.63,1443,109,108,451,416.23285714285714,75.16666666666667,41.0,1443.0,0.0284130284130284,2,0,0.3550502367955034,0,Medium Risk
17394,2011-05-04 13:22:00,2011-05-04 13:22:00,1,203.87,241,4,57,1,203.87,1.0,0.0,241.0,0.0,0,1,0.6243375152083078,1,Medium Risk
17121,2010-11-02 11:47:00,2010-11-02 11:47:00,1,314.74,106,12,240,1,314.74,1.0,0.0,106.0,0.0,0,1,0.8330278401178169,1,High Risk
17209,2010-02-28 16:01:00,2009-12-03 11:10:00,3,595.7,723,36,487,87,198.5666666666667,43.5,0.0,723.0,0.0,0,1,0.810031362372841,1,High Risk
12392,2010-04-27 14:04:00,2010-04-27 14:04:00,1,234.75000000000003,73,7,429,1,234.75000000000003,1.0,0.0,73.0,0.0,0,1,0.9016489405587915,1,High Risk
14428,2011-04-14 09:43:00,2011-01-18 16:39:00,2,330.62,145,25,77,85,165.31,85.0,4.0,145.0,0.0275862068965517,1,0,0.5165805750955779,1,Medium Risk
15681,2011-06-09 16:34:00,2010-05-24 14:18:00,12,2266.76,1026,40,21,381,188.89666666666668,34.63636363636363,6.0,1026.0,0.0058479532163742,0,1,0.10248967146537717,0,Low Risk
13031,2010-10-28 15:34:00,2010-06-03 14:57:00,5,3292.84,2309,275,245,147,658.568,36.75,0.0,2309.0,0.0,0,1,0.45208565941372175,0,Medium Risk
18100,2010-06-07 14:19:00,2010-06-07 14:19:00,1,451.56,440,30,388,1,451.56,1.0,0.0,440.0,0.0,0,1,0.7890660561023539,1,High Risk
14798,2011-02-02 15:26:00,2010-03-01 08:38:00,6,626.25,527,26,148,338,104.375,67.6,2.0,527.0,0.0037950664136622,1,0,0.6017944210742461,1,Medium Risk
14276,2011-06-12 09:56:00,2010-02-17 13:10:00,6,1703.34,1174,63,18,479,283.89,95.8,53.0,1174.0,0.045144804088586,1,0,0.38936111455890954,0,Medium Risk
16062,2011-04-12 15:08:00,2010-06-21 13:32:00,6,2288.01,1568,115,79,295,381.335,59.0,0.0,1568.0,0.0,1,0,0.1498595248916908,0,Low Risk
15831,2011-01-19 14:52:00,2011-01-19 14:52:00,1,309.94,308,17,162,1,309.94,1.0,8.0,308.0,0.0259740259740259,1,0,0.742988459869832,1,High Risk
13711,2011-05-05 10:31:00,2009-12-15 19:04:00,9,1792.26,819,80,56,505,199.14,63.125,23.0,819.0,0.028083028083028,0,1,0.24355226518535233,0,Low Risk
13706,2011-02-10 09:21:00,2010-03-23 09:18:00,2,631.17,301,38,140,324,315.585,324.0,0.0,301.0,0.0,0,1,0.7465158590657415,1,High Risk
14280,2011-05-27 10:37:00,2011-05-27 10:37:00,1,134.04,52,8,34,1,134.04,1.0,0.0,52.0,0.0,0,1,0.6301270658390381,1,Medium Risk
13582,2010-11-15 11:34:00,2010-04-01 11:38:00,2,241.68,106,10,227,227,120.84,227.0,0.0,106.0,0.0,0,1,0.8676490076838598,1,High Risk
14713,2011-06-06 15:24:00,2009-12-03 19:22:00,17,3903.2,2574,185,24,549,229.6,34.3125,11.0,2574.0,0.0042735042735042,2,0,0.06184576625831446,0,Low Risk
16916,2010-12-02 13:14:00,2010-10-20 12:56:00,3,536.04,320,100,210,43,178.67999999999998,21.5,0.0,320.0,0.0,0,1,0.838436936305982,1,High Risk
14207,2010-01-21 09:33:00,2010-01-21 09:33:00,1,157.8,36,2,525,1,157.8,1.0,0.0,36.0,0.0,0,1,0.9389892016970057,1,High Risk
16371,2010-09-17 12:09:00,2010-09-17 12:09:00,1,157.2,108,11,286,1,157.2,1.0,0.0,108.0,0.0,0,1,0.9031206686985231,1,High Risk
12782,2011-03-31 12:36:00,2010-07-08 13:31:00,9,3850.27,1535,121,91,265,427.8077777777778,33.125,32.0,1535.0,0.0208469055374592,1,0,0.14970964138996562,0,Low Risk
12644,2010-10-05 10:23:00,2010-01-14 13:02:00,3,1440.58,707,76,268,263,480.1933333333333,131.5,31.0,707.0,0.0438472418670438,1,0,0.6933838736597451,1,High Risk
15691,2011-04-01 15:13:00,2009-12-06 16:01:00,4,571.3,212,12,90,480,142.825,160.0,10.0,212.0,0.0471698113207547,0,1,0.6857550951334784,1,High Risk
17816,2011-03-15 14:20:00,2009-12-15 15:27:00,4,80.86,72,36,107,454,20.215,151.33333333333334,0.0,72.0,0.0,0,1,0.6715060666857067,1,High Risk
14483,2011-03-03 10:26:00,2009-12-03 10:16:00,2,257.1,193,13,119,455,128.55,455.0,0.0,193.0,0.0,0,1,0.7580999286835148,1,High Risk
14891,2011-06-05 10:58:00,2010-09-29 12:41:00,3,1001.73,717,52,25,248,333.91,124.0,0.0,717.0,0.0,1,0,0.4325970852953293,0,Medium Risk
16175,2011-06-23 18:59:00,2010-05-25 12:01:00,6,1535.74,768,49,7,394,255.95666666666668,78.8,0.0,768.0,0.0,1,0,0.3507095267729032,0,Medium Risk
17032,2010-06-10 12:16:00,2009-12-10 15:36:00,8,2984.32,1667,183,385,181,373.04,25.857142857142858,11.0,1667.0,0.0065986802639472,0,1,0.7842017991288821,1,High Risk
17757,2011-06-29 15:22:00,2010-01-13 15:56:00,43,6276.72,3201,295,1,531,145.97023255813954,12.642857142857142,59.0,3201.0,0.0184317400812246,5,0,0.049568348058709494,0,Low Risk
12838,2010-12-01 11:57:00,2010-04-26 09:59:00,9,2694.75,1479,177,211,219,299.4166666666667,27.375,7.0,1479.0,0.0047329276538201,0,1,0.6603803756027306,1,High Risk
16907,2011-04-19 14:56:00,2010-07-01 17:30:00,7,1073.24,332,88,72,291,153.32,48.5,0.0,332.0,0.0,1,0,0.4967359319520971,0,Medium Risk
15675,2011-03-04 14:21:00,2010-10-31 14:14:00,2,263.35,133,16,118,124,131.675,124.0,0.0,133.0,0.0,2,0,0.7687578440802733,1,High Risk
16304,2010-01-14 08:30:00,2010-01-14 08:30:00,1,381.66,228,25,532,1,381.66,1.0,0.0,228.0,0.0,0,1,0.8478292886651438,1,High Risk
16912,2011-05-16 10:43:00,2009-12-09 12:32:00,9,3050.79,1137,95,45,522,338.9766666666667,65.25,14.0,1137.0,0.0123131046613896,2,0,0.13732679072684215,0,Low Risk
17568,2010-03-16 16:45:00,2010-03-16 16:45:00,1,374.45,275,61,471,1,374.45,1.0,0.0,275.0,0.0,0,1,0.8878270106989671,1,High Risk
12409,2011-06-10 12:19:00,2010-05-23 15:21:00,5,18553.7,10734,165,20,382,3710.74,95.5,108.0,10734.0,0.0100614868641699,2,0,0.35970743558499996,0,Medium Risk
14977,2009-12-14 10:37:00,2009-12-14 10:37:00,1,31.93,17,4,563,1,31.93,1.0,0.0,17.0,0.0,0,1,0.8827145963793349,1,High Risk
16010,2011-04-08 10:14:00,2010-10-24 10:54:00,11,1694.86,919,122,83,165,154.0781818181818,16.5,1.0,919.0,0.001088139281828,0,1,0.3321815765637447,0,Medium Risk
14024,2010-11-14 10:51:00,2010-11-14 10:51:00,1,318.04,88,18,228,1,318.04,1.0,0.0,88.0,0.0,2,0,0.8466253617246995,1,High Risk
12979,2009-12-10 15:45:00,2009-12-10 15:45:00,1,517.7,520,56,567,1,517.7,1.0,36.0,520.0,0.0692307692307692,0,1,0.8315620494603548,1,High Risk
17437,2010-06-28 11:11:00,2010-06-28 11:11:00,1,369.68,283,52,367,1,369.68,1.0,0.0,283.0,0.0,0,1,0.8793843506548829,1,High Risk
13046,2011-03-18 15:43:00,2010-09-09 13:09:00,2,517.66,317,31,104,190,258.83,190.0,0.0,317.0,0.0,0,1,0.6385784490128831,1,Medium Risk
14463,2011-06-22 10:31:00,2010-07-28 11:35:00,3,566.37,158,6,8,328,188.79,164.0,0.0,158.0,0.0,1,0,0.6013989029157356,1,Medium Risk
15786,2010-10-18 08:11:00,2010-06-21 10:13:00,2,3582.62,2617,166,255,118,1791.31,118.0,55.0,2617.0,0.0210164310278945,1,0,0.5664754238819261,1,Medium Risk
17676,2010-12-08 13:49:00,2010-03-30 10:49:00,5,1378.16,1000,57,204,253,275.632,63.25,65.0,1000.0,0.065,3,0,0.5175895000491184,1,Medium Risk
16891,2010-12-03 11:35:00,2009-12-04 12:37:00,7,1202.77,473,245,209,363,171.8242857142857,60.5,0.0,473.0,0.0,2,0,0.6475006627485332,1,Medium Risk
16128,2011-03-02 12:21:00,2010-07-16 16:30:00,7,2309.13,1631,102,120,228,329.8757142857143,38.0,26.0,1631.0,0.0159411404046597,2,0,0.2712901919774104,0,Low Risk
16072,2011-02-24 14:32:00,2010-06-08 16:47:00,4,4180.09,1580,414,126,260,1045.0225,86.66666666666667,0.0,1580.0,0.0,0,1,0.3278617086695711,0,Low Risk
17208,2010-11-09 12:50:00,2010-11-09 12:50:00,1,111.15,101,21,233,1,111.15,1.0,0.0,101.0,0.0,0,1,0.9182190345588642,1,High Risk
18044,2011-06-26 13:31:00,2010-05-28 15:31:00,15,2522.54,1216,111,4,393,168.16933333333333,28.071428571428573,0.0,1216.0,0.0,1,0,0.10211834717391095,0,Low Risk
12989,2011-05-23 15:00:00,2009-12-10 13:27:00,25,9955.58,5462,23,38,529,398.2232,22.041666666666668,146.0,5462.0,0.0267301354815086,2,0,0.011870659020375898,0,Low Risk
13451,2011-05-12 18:49:00,2010-03-21 16:13:00,9,5781.28,4196,490,49,417,642.3644444444444,52.125,9.0,4196.0,0.0021448999046711,1,0,0.17896190248686622,0,Low Risk
15207,2010-10-19 13:29:00,2010-06-10 17:29:00,3,683.9200000000001,428,19,254,130,227.97333333333336,65.0,30.0,428.0,0.0700934579439252,0,1,0.7245642530682314,1,High Risk
17000,2010-11-08 13:35:00,2010-10-27 14:16:00,2,406.3,305,26,234,11,203.15,11.0,0.0,305.0,0.0,0,1,0.7945921260093262,1,High Risk
16473,2011-06-28 09:10:00,2010-11-30 16:29:00,4,470.83,296,26,2,209,117.7075,69.66666666666667,1.0,296.0,0.0033783783783783,0,1,0.4577854955380807,0,Medium Risk
17491,2011-06-08 15:23:00,2010-04-28 11:57:00,11,3419.66,2270,73,22,406,310.8781818181818,40.6,0.0,2270.0,0.0,3,0,0.08604945838731537,0,Low Risk
15714,2010-09-12 14:22:00,2010-06-02 12:08:00,3,453.93,175,14,291,102,151.31,51.0,0.0,175.0,0.0,1,0,0.850207821469589,1,High Risk
12956,2011-02-06 16:08:00,2009-12-15 19:03:00,4,521.89,340,42,144,417,130.4725,139.0,0.0,340.0,0.0,0,1,0.6402415010964557,1,Medium Risk
15729,2011-05-11 12:36:00,2010-11-01 13:44:00,3,192.55,47,10,50,190,64.18333333333334,95.0,7.0,47.0,0.1489361702127659,0,1,0.5097387668688171,1,Medium Risk
18048,2011-05-20 14:58:00,2010-08-03 13:03:00,3,394.93,256,56,41,290,131.64333333333337,145.0,0.0,256.0,0.0,0,1,0.5867284758814362,1,Medium Risk
14844,2011-06-16 09:28:00,2010-04-12 12:50:00,8,5055.97,3472,135,14,429,631.99625,61.285714285714285,4.0,3472.0,0.0011520737327188,1,0,0.1355084724972769,0,Low Risk
16037,2011-03-15 09:13:00,2010-03-01 12:31:00,5,1509.34,766,62,107,378,301.868,94.5,2.0,766.0,0.0026109660574412,0,1,0.4971983906168877,0,Medium Risk
13043,2011-03-11 14:52:00,2011-03-11 14:52:00,1,516.42,254,13,111,1,516.42,1.0,3.0,254.0,0.0118110236220472,0,1,0.7127903015890021,1,High Risk
13259,2010-11-07 10:56:00,2010-01-10 10:26:00,8,1119.36,377,181,235,301,139.92,43.0,0.0,377.0,0.0,0,1,0.8141739657075977,1,High Risk
17879,2011-06-19 12:36:00,2011-06-19 12:36:00,1,178.51999999999998,45,6,11,1,178.51999999999998,1.0,0.0,45.0,0.0,0,1,0.4907756602277731,0,Medium Risk
13576,2011-06-16 15:36:00,2009-12-08 15:12:00,19,7964.7,3194,111,14,555,419.19473684210527,30.83333333333333,12.0,3194.0,0.0037570444583594,5,0,0.016781484466277967,0,Low Risk
16494,2011-02-16 12:49:00,2011-02-16 12:49:00,1,826.53,675,47,134,1,826.53,1.0,0.0,675.0,0.0,0,1,0.6046492059820457,1,Medium Risk
14955,2009-12-07 11:35:00,2009-12-07 11:35:00,1,163.77,74,30,570,1,163.77,1.0,0.0,74.0,0.0,0,1,0.94148272755933,1,High Risk
17118,2011-01-26 12:19:00,2011-01-26 12:19:00,1,157.02,154,10,155,1,157.02,1.0,0.0,154.0,0.0,0,1,0.8933129329893443,1,High Risk
15581,2011-06-20 14:48:00,2009-12-02 12:19:00,34,4454.27,3001,529,10,565,131.0079411764706,17.12121212121212,62.0,3001.0,0.0206597800733088,4,0,0.08371148627262753,0,Low Risk
13848,2011-02-15 10:17:00,2009-12-09 16:17:00,7,2695.0,8200,3,135,432,385.0,72.0,0.0,8200.0,0.0,1,0,0.3128627631886879,0,Low Risk
17740,2010-11-15 16:33:00,2010-01-11 13:11:00,6,426.9,222,5,227,308,71.14999999999999,61.6,0.0,222.0,0.0,0,1,0.6879340036152389,1,High Risk
14873,2011-05-13 13:52:00,2010-03-16 10:51:00,2,854.13,311,48,48,423,427.065,423.0,0.0,311.0,0.0,0,1,0.705471576071431,1,High Risk
14669,2011-04-12 11:43:00,2009-12-02 13:06:00,7,3216.78,2043,334,79,495,459.54,82.5,0.0,2043.0,0.0,0,1,0.20384729858768644,0,Low Risk
15968,2010-11-16 13:04:00,2010-11-16 13:04:00,1,404.55,247,70,226,1,404.55,1.0,0.0,247.0,0.0,0,1,0.8764859961498266,1,High Risk
13391,2011-05-20 10:50:00,2011-05-20 10:50:00,1,59.8,4,1,41,1,59.8,1.0,0.0,4.0,0.0,0,1,0.7457788038944972,1,High Risk
18057,2010-11-11 16:55:00,2010-01-18 12:42:00,3,1188.46,970,121,231,297,396.15333333333336,148.5,0.0,970.0,0.0,0,1,0.6159773307118203,1,Medium Risk
17389,2011-06-29 09:09:00,2009-12-04 12:06:00,44,31220.45,11748,57,1,571,709.5556818181818,13.27906976744186,335.0,11748.0,0.028515491998638,9,0,0.015196647567234949,0,Low Risk
16341,2011-05-22 13:20:00,2010-04-09 10:30:00,4,2676.57,2158,81,39,408,669.1425,136.0,11.0,2158.0,0.0050973123262279,1,0,0.2683427179798084,0,Low Risk
18162,2009-12-07 13:24:00,2009-12-07 13:24:00,1,371.51,332,45,570,1,371.51,1.0,0.0,332.0,0.0,0,1,0.8386760064211545,1,High Risk
15041,2011-06-22 16:16:00,2010-09-21 13:16:00,2,289.4,194,98,8,274,144.7,274.0,0.0,194.0,0.0,0,1,0.7041024057185682,1,High Risk
15076,2011-06-20 08:23:00,2010-07-05 14:11:00,3,1447.74,866,68,10,349,482.58,174.5,2.0,866.0,0.0023094688221709,0,1,0.39576538193981553,0,Medium Risk
17233,2010-09-17 13:20:00,2009-12-15 12:03:00,2,369.98,167,32,286,276,184.99,276.0,0.0,167.0,0.0,0,1,0.8505834392716689,1,High Risk
12633,2011-05-27 10:29:00,2010-07-02 11:44:00,5,5243.73,3007,209,34,328,1048.746,82.0,31.0,3007.0,0.0103092783505154,1,0,0.27770325666950446,0,Low Risk
14446,2011-04-07 12:10:00,2010-11-18 12:08:00,2,492.97,493,113,84,140,246.485,140.0,0.0,493.0,0.0,1,0,0.5632416477054656,1,Medium Risk
14822,2010-08-11 12:52:00,2010-08-11 12:52:00,1,157.70000000000002,94,9,323,1,157.70000000000002,1.0,0.0,94.0,0.0,0,1,0.928381822482061,1,High Risk
12972,2010-10-22 08:41:00,2010-02-16 14:30:00,4,1161.2,844,69,251,247,290.3,82.33333333333333,15.0,844.0,0.0177725118483412,0,1,0.7611269915284159,1,High Risk
12441,2010-12-08 10:45:00,2010-12-08 10:45:00,1,173.55,121,11,204,1,173.55,1.0,0.0,121.0,0.0,0,1,0.8959952073350662,1,High Risk
15238,2011-06-08 16:00:00,2011-06-08 16:00:00,1,300.14,222,14,22,1,300.14,1.0,3.0,222.0,0.0135135135135135,1,0,0.4111230754078608,0,Medium Risk
16798,2010-06-03 19:01:00,2009-12-10 19:35:00,3,841.16,205,141,392,174,280.38666666666666,87.0,2.0,205.0,0.0097560975609756,0,1,0.7761206240618117,1,High Risk
14443,2011-02-02 15:09:00,2010-11-25 14:18:00,3,1271.17,766,72,148,69,423.72333333333336,34.5,7.0,766.0,0.0091383812010443,1,0,0.47830717229371855,0,Medium Risk
13334,2011-06-02 11:33:00,2010-02-25 12:21:00,4,5408.07,2777,280,28,461,1352.0175,153.66666666666666,1.0,2777.0,0.0003601008282319,1,0,0.4236734279780008,0,Medium Risk
13208,2011-05-17 12:25:00,2009-12-03 13:25:00,6,1452.61,1024,162,44,529,242.10166666666663,105.8,0.0,1024.0,0.0,1,0,0.39440837623271,0,Medium Risk
14080,2010-10-22 14:04:00,2009-12-02 15:01:00,4,1070.08,220,70,251,323,267.52,107.66666666666669,1.0,220.0,0.0045454545454545,0,1,0.7736827012467871,1,High Risk
12920,2010-05-17 12:57:00,2009-12-14 15:58:00,3,323.86,292,32,409,153,107.95333333333332,76.5,0.0,292.0,0.0,0,1,0.8078448625910536,1,High Risk
16884,2010-06-01 12:45:00,2010-05-18 12:00:00,2,641.13,200,39,394,14,320.565,14.0,0.0,200.0,0.0,0,1,0.787805687954316,1,High Risk
14329,2011-06-28 15:36:00,2009-12-16 15:31:00,11,7998.06,4749,302,2,559,727.0963636363637,55.9,25.0,4749.0,0.0052642661612971,1,0,0.2970884801260672,0,Low Risk
17647,2010-02-08 14:40:00,2010-02-08 14:39:00,2,198.6,52,5,507,1,99.3,1.0,0.0,52.0,0.0,0,1,0.9312425576948348,1,High Risk
13067,2010-10-26 12:15:00,2010-09-19 13:43:00,2,393.05,99,13,247,36,196.525,36.0,0.0,99.0,0.0,1,0,0.8579491273153289,1,High Risk
16868,2010-11-10 13:17:00,2010-04-25 11:31:00,3,384.56,112,47,232,199,128.18666666666667,99.5,0.0,112.0,0.0,0,1,0.7434755135926705,1,High Risk
18039,2010-11-30 13:07:00,2010-03-09 11:19:00,4,548.22,555,137,212,266,137.055,88.66666666666667,0.0,555.0,0.0,0,1,0.6676596411875118,1,High Risk
16974,2010-07-05 10:18:00,2010-05-24 10:43:00,2,365.5,70,5,360,41,182.75,41.0,0.0,70.0,0.0,0,1,0.8691737699727861,1,High Risk
15455,2010-04-21 12:43:00,2010-04-21 12:43:00,1,38.25,3,2,435,1,38.25,1.0,0.0,3.0,0.0,0,1,0.8489976835237264,1,High Risk
17083,2011-02-17 11:46:00,2010-02-09 11:46:00,8,3640.03,1745,29,133,373,455.00375,53.285714285714285,5.0,1745.0,0.0028653295128939,1,0,0.2911632383823955,0,Low Risk
15951,2011-02-27 11:57:00,2010-11-23 18:20:00,2,680.12,281,35,123,95,340.06,95.0,0.0,281.0,0.0,0,1,0.6662975099665274,1,High Risk
17913,2010-12-19 11:35:00,2009-12-03 13:02:00,13,3238.69,1537,213,193,380,249.13,31.666666666666668,0.0,1537.0,0.0,0,1,0.5223618427777826,1,Medium Risk
14729,2010-12-01 12:43:00,2010-03-24 13:30:00,3,586.24,372,126,211,251,195.41333333333333,125.5,0.0,372.0,0.0,0,1,0.7358698777965331,1,High Risk
13291,2010-10-21 19:01:00,2010-02-11 18:36:00,10,2909.68,1367,134,252,252,290.968,28.0,0.0,1367.0,0.0,1,0,0.7959712390288103,1,High Risk
16086,2011-05-23 15:29:00,2009-12-02 13:20:00,8,2153.4,1187,63,38,537,269.175,76.71428571428571,1.0,1187.0,0.0008424599831508,1,0,0.1933702358988084,0,Low Risk
15260,2011-06-06 11:59:00,2009-12-06 11:45:00,23,8227.44,4205,176,24,547,357.71478260869566,24.863636363636363,13.0,4205.0,0.0030915576694411,2,0,0.0072389207713488895,0,Low Risk
16454,2010-04-12 09:52:00,2010-04-07 15:54:00,2,24.05,6,2,444,4,12.025,4.0,4.0,6.0,0.6666666666666666,0,1,0.8212218641908101,1,High Risk
17469,2011-05-19 08:55:00,2009-12-16 15:06:00,13,3485.64,1647,137,42,518,268.12615384615384,43.16666666666666,18.0,1647.0,0.0109289617486338,3,0,0.07627248354127539,0,Low Risk
14190,2010-02-11 14:27:00,2010-02-11 14:27:00,1,79.9,2,1,504,1,79.9,1.0,0.0,2.0,0.0,0,1,0.8944074206948646,1,High Risk
17262,2011-04-26 15:58:00,2009-12-15 11:26:00,10,2190.76,595,10,65,497,219.076,55.22222222222222,0.0,595.0,0.0,0,1,0.20400568890147533,0,Low Risk
13071,2010-04-06 13:37:00,2010-04-06 13:37:00,1,129.22,30,12,450,1,129.22,1.0,0.0,30.0,0.0,0,1,0.9685571403409529,1,High Risk
16344,2010-07-18 11:31:00,2010-02-09 12:16:00,3,741.3199999999999,688,42,347,158,247.10666666666663,79.0,0.0,688.0,0.0,1,0,0.744913016007767,1,High Risk
18115,2010-01-11 11:57:00,2010-01-11 11:57:00,1,9.7,3,3,535,1,9.7,1.0,0.0,3.0,0.0,0,1,0.8765602703838125,1,High Risk
14240,2011-04-28 11:40:00,2010-10-12 12:48:00,2,584.0,316,26,63,197,292.0,197.0,0.0,316.0,0.0,0,1,0.6193970211770943,1,Medium Risk
15408,2011-03-20 15:02:00,2011-03-20 15:02:00,1,267.18,106,34,102,1,267.18,1.0,0.0,106.0,0.0,0,1,0.7890382549099492,1,High Risk
18175,2010-02-02 10:25:00,2010-02-02 10:25:00,1,176.1,70,7,513,1,176.1,1.0,0.0,70.0,0.0,0,1,0.9640390607244153,1,High Risk
15683,2010-08-23 12:01:00,2010-08-23 12:01:00,1,330.79,201,16,311,1,330.79,1.0,0.0,201.0,0.0,1,0,0.8027528144082826,1,High Risk
14395,2011-06-15 12:21:00,2010-04-18 13:12:00,17,6274.34,3153,261,15,422,369.07882352941175,26.375,3.0,3153.0,0.0009514747859181,1,0,0.026960891535386028,0,Low Risk
16746,2011-05-29 15:35:00,2009-12-04 13:00:00,32,14238.27,8795,314,32,541,444.9459375,17.451612903225808,5.0,8795.0,0.000568504832291,6,0,0.008991010471131537,0,Low Risk
15694,2011-06-16 16:06:00,2009-12-07 15:43:00,19,6804.86,1529,46,14,556,358.1505263157895,30.88888888888889,43.0,1529.0,0.0281229561805101,0,1,0.034765373398859885,0,Low Risk
17638,2010-03-02 14:32:00,2009-12-18 09:58:00,2,842.4,432,2,485,74,421.2,74.0,0.0,432.0,0.0,0,1,0.6552270022778889,1,Medium Risk
15374,2010-03-25 12:03:00,2010-03-25 12:03:00,1,139.32,164,6,462,1,139.32,1.0,0.0,164.0,0.0,1,0,0.9232294152527877,1,High Risk
14194,2011-06-20 09:50:00,2010-01-06 12:16:00,24,11290.23,6164,348,10,529,470.42625,23.0,88.0,6164.0,0.0142764438676184,5,0,0.02297159692716702,0,Low Risk
17076,2011-03-11 08:59:00,2009-12-04 12:12:00,5,735.87,331,27,111,461,147.174,115.25,0.0,331.0,0.0,0,1,0.6416182074271651,1,Medium Risk
16356,2011-05-26 11:51:00,2010-06-06 11:26:00,6,415.87,190,27,35,354,69.31166666666667,70.8,1.0,190.0,0.0052631578947368,0,1,0.43504994827212595,0,Medium Risk
18141,2010-11-03 11:44:00,2010-04-29 15:32:00,2,882.47,433,38,239,187,441.235,187.0,13.0,433.0,0.0300230946882217,0,1,0.6662194475552412,1,High Risk
15375,2010-01-18 15:38:00,2010-01-18 15:38:00,1,60.96,84,6,528,1,60.96,1.0,0.0,84.0,0.0,0,1,0.9451646626076956,1,High Risk
16975,2010-10-12 17:53:00,2010-07-22 11:38:00,3,926.12,586,44,261,82,308.70666666666665,41.0,6.0,586.0,0.0102389078498293,0,1,0.6981188080281875,1,High Risk
16933,2011-04-14 13:33:00,2009-12-09 15:03:00,8,2760.8,1372,193,77,490,345.1,70.0,19.0,1372.0,0.0138483965014577,0,1,0.18278041900924152,0,Low Risk
16787,2010-11-07 11:01:00,2010-01-10 11:12:00,4,1017.53,472,102,235,300,254.3825,100.0,0.0,472.0,0.0,0,1,0.7479545465612161,1,High Risk
16249,2011-05-22 14:09:00,2011-04-14 13:50:00,2,1020.53,487,26,39,38,510.265,38.0,0.0,487.0,0.0,2,0,0.25952492330637655,0,Low Risk
15470,2010-05-13 09:35:00,2010-05-13 09:35:00,1,63.42,232,4,413,1,63.42,1.0,0.0,232.0,0.0,0,1,0.7719766051027288,1,High Risk
17618,2011-04-05 13:07:00,2010-01-24 11:03:00,10,3696.84,1714,196,86,436,369.684,48.44444444444444,5.0,1714.0,0.0029171528588098,0,1,0.17316265835173314,0,Low Risk
17639,2011-03-08 15:22:00,2010-08-13 11:59:00,6,615.17,576,59,114,207,102.52833333333332,41.4,0.0,576.0,0.0,0,1,0.5278339570668183,1,Medium Risk
17694,2010-07-16 10:22:00,2010-05-26 08:27:00,2,1412.85,1309,45,349,51,706.425,51.0,0.0,1309.0,0.0,1,0,0.6970291703873747,1,High Risk
16576,2010-10-15 13:37:00,2010-07-06 10:42:00,2,540.87,323,32,258,101,270.435,101.0,14.0,323.0,0.0433436532507739,0,1,0.7716874588626543,1,High Risk
15562,2010-12-23 09:55:00,2009-12-13 15:17:00,3,671.4300000000001,560,32,189,374,223.81000000000003,187.0,0.0,560.0,0.0,0,1,0.6603001505777587,1,High Risk
17499,2011-02-23 09:14:00,2010-05-27 09:59:00,2,1341.39,1086,66,127,271,670.6949999999999,271.0,9.0,1086.0,0.0082872928176795,0,1,0.4657880129560157,0,Medium Risk
16390,2010-06-21 10:11:00,2010-01-29 15:25:00,3,467.5,122,16,374,142,155.83333333333334,71.0,0.0,122.0,0.0,0,1,0.7915496104274791,1,High Risk
15246,2011-04-15 14:45:00,2010-06-02 11:28:00,3,780.4,359,45,76,317,260.1333333333333,158.5,0.0,359.0,0.0,0,1,0.5397856686396587,1,Medium Risk
13830,2010-05-07 12:24:00,2010-05-07 12:24:00,1,156.85000000000002,47,11,419,1,156.85000000000002,1.0,2.0,47.0,0.0425531914893617,0,1,0.9500083584555528,1,High Risk
17919,2010-09-27 10:40:00,2010-09-27 10:40:00,1,536.28,696,17,276,1,536.28,1.0,0.0,696.0,0.0,1,0,0.7424848760999827,1,High Risk
15273,2010-04-19 11:31:00,2010-04-19 11:31:00,1,228.96,216,1,437,1,228.96,1.0,0.0,216.0,0.0,0,1,0.838994732424178,1,High Risk
12862,2010-10-10 11:47:00,2010-08-01 15:20:00,2,984.62,611,119,263,69,492.31,69.0,0.0,611.0,0.0,0,1,0.6558382164146578,1,Medium Risk
16481,2010-01-26 13:09:00,2010-01-26 13:09:00,1,453.38,201,16,520,1,453.38,1.0,16.0,201.0,0.0796019900497512,0,1,0.8264409930354205,1,High Risk
17273,2010-10-11 15:57:00,2010-10-11 15:57:00,1,141.12,133,12,262,1,141.12,1.0,0.0,133.0,0.0,0,1,0.9052368658867068,1,High Risk
14555,2011-02-10 17:19:00,2009-12-18 11:39:00,5,2177.83,810,93,140,419,435.566,104.75,3.0,810.0,0.0037037037037037,0,1,0.5147630548616579,1,Medium Risk
15176,2010-02-10 10:36:00,2010-02-10 10:36:00,1,988.04,448,52,505,1,988.04,1.0,1.0,448.0,0.0022321428571428,0,1,0.7941681446854058,1,High Risk
16284,2010-11-11 13:27:00,2010-11-11 13:27:00,1,205.8,139,30,231,1,205.8,1.0,0.0,139.0,0.0,0,1,0.8936909340260224,1,High Risk
17751,2010-10-14 13:57:00,2010-10-14 13:57:00,1,157.86,147,31,259,1,157.86,1.0,0.0,147.0,0.0,0,1,0.9104306738515774,1,High Risk
15910,2011-05-16 16:36:00,2010-01-21 11:51:00,11,1982.9,1576,322,45,480,180.2636363636364,48.0,0.0,1576.0,0.0,1,0,0.21519995721522134,0,Low Risk
16606,2010-10-31 13:57:00,2010-10-01 13:21:00,2,357.66,148,16,242,30,178.83,30.0,0.0,148.0,0.0,0,1,0.8647152989997151,1,High Risk
17525,2010-12-15 12:05:00,2010-10-07 09:12:00,3,1161.9,338,19,197,69,387.3,34.5,0.0,338.0,0.0,0,1,0.6076676475692943,1,Medium Risk
13303,2010-11-04 14:55:00,2010-11-04 14:55:00,1,61.72,26,4,238,1,61.72,1.0,0.0,26.0,0.0,0,1,0.9178196469205053,1,High Risk
17336,2010-08-24 15:37:00,2010-08-24 15:37:00,1,81.12,48,1,310,1,81.12,1.0,0.0,48.0,0.0,0,1,0.924977466399269,1,High Risk
17323,2011-06-26 12:04:00,2010-01-10 11:58:00,8,1070.96,1076,140,4,532,133.87,76.0,2.0,1076.0,0.0018587360594795,1,0,0.3067677307275745,0,Low Risk
16667,2011-02-28 12:57:00,2011-02-28 12:57:00,1,200.4,77,20,122,1,200.4,1.0,0.0,77.0,0.0,0,1,0.8722095610991292,1,High Risk
15614,2010-09-28 10:46:00,2010-03-23 11:13:00,4,3147.36,1632,73,275,188,786.84,62.66666666666666,26.0,1632.0,0.0159313725490196,0,1,0.5091462317735749,1,Medium Risk
16740,2010-11-09 13:34:00,2010-11-09 13:34:00,1,226.91,110,30,233,1,226.91,1.0,0.0,110.0,0.0,0,1,0.8809792349535057,1,High Risk
13013,2011-05-11 12:13:00,2009-12-14 10:34:00,20,8658.78,4671,246,50,513,432.939,27.0,0.0,4671.0,0.0,5,0,0.05331875436627541,0,Low Risk
12428,2011-04-11 10:04:00,2011-03-01 09:33:00,6,6310.54,2773,228,80,41,1051.756666666667,8.2,32.0,2773.0,0.0115398485394879,2,0,0.26159705530614036,0,Low Risk
18011,2010-12-01 17:35:00,2010-05-21 13:28:00,2,410.79,125,63,211,194,205.395,194.0,0.0,125.0,0.0,0,1,0.8214621413494367,1,High Risk
16212,2011-03-01 12:51:00,2010-02-07 15:26:00,3,1101.52,478,61,121,386,367.17333333333335,193.0,3.0,478.0,0.006276150627615,0,1,0.5874636273205207,1,Medium Risk
17607,2010-11-28 13:11:00,2010-11-28 13:11:00,1,333.81,269,22,214,1,333.81,1.0,0.0,269.0,0.0,0,1,0.8280761307272623,1,High Risk
16326,2011-06-19 14:40:00,2010-01-28 13:23:00,15,2591.21,586,168,11,507,172.74733333333333,36.21428571428572,1.0,586.0,0.0017064846416382,4,0,0.20583590057307735,0,Low Risk
18133,2011-05-11 14:14:00,2011-05-11 14:14:00,1,931.5,1350,1,50,1,931.5,1.0,1350.0,1350.0,1.0,0,1,0.5289503561954927,1,Medium Risk
14685,2010-05-12 13:08:00,2009-12-13 11:32:00,8,4536.64,1969,109,414,150,567.08,21.428571428571427,60.0,1969.0,0.0304723209751142,0,1,0.735277493680065,1,High Risk
14146,2011-03-30 11:04:00,2010-01-13 16:04:00,9,7163.03,4154,248,92,440,795.8922222222222,55.0,551.0,4154.0,0.1326432354357246,2,0,0.39214825398140213,0,Medium Risk
12399,2011-06-09 13:09:00,2010-03-05 08:45:00,6,1752.68,2023,58,21,461,292.11333333333334,92.2,0.0,2023.0,0.0,1,0,0.21640395900455095,0,Low Risk
17667,2011-05-12 15:21:00,2010-02-23 09:57:00,7,3251.86,1880,135,49,443,464.5514285714286,73.83333333333333,10.0,1886.0,0.0053022269353128,1,0,0.1564625877102525,0,Low Risk
17246,2010-06-11 12:36:00,2009-12-01 17:45:00,2,38.92,36,6,384,191,19.46,191.0,0.0,36.0,0.0,0,1,0.8307637516453379,1,High Risk
15841,2011-05-05 14:37:00,2009-12-10 08:29:00,7,2131.61,1815,47,56,511,304.5157142857143,85.16666666666667,13.0,1815.0,0.0071625344352617,2,0,0.1890591139819572,0,Low Risk
13917,2011-06-01 12:46:00,2011-06-01 12:46:00,1,65.38,38,5,29,1,65.38,1.0,0.0,38.0,0.0,0,1,0.5868387370903669,1,Medium Risk
15934,2010-10-18 10:13:00,2010-10-06 12:08:00,2,2190.66,2166,29,255,11,1095.33,11.0,0.0,2166.0,0.0,0,1,0.7081488364488274,1,High Risk
13039,2010-05-04 16:45:00,2009-12-17 16:43:00,4,1010.73,290,37,422,138,252.6825,46.0,0.0,290.0,0.0,0,1,0.8321748008563571,1,High Risk
15328,2010-10-28 09:05:00,2010-10-28 09:05:00,1,107.24,88,8,245,1,107.24,1.0,0.0,88.0,0.0,0,1,0.9189774569767982,1,High Risk
15439,2010-10-31 10:38:00,2010-02-24 12:05:00,4,1269.05,572,49,242,248,317.2625,82.66666666666667,0.0,572.0,0.0,0,1,0.6895425184069643,1,High Risk
15684,2010-06-10 18:51:00,2009-12-04 16:13:00,3,173.95,77,9,385,188,57.98333333333333,94.0,5.0,77.0,0.0649350649350649,0,1,0.8523761543070751,1,High Risk
12892,2010-11-08 09:51:00,2010-11-08 09:51:00,1,263.38,140,18,234,1,263.38,1.0,0.0,140.0,0.0,0,1,0.8557707716344577,1,High Risk
16636,2010-09-27 13:13:00,2010-03-03 14:06:00,4,3802.04,2186,62,276,207,950.51,69.0,0.0,2186.0,0.0,0,1,0.41507339365096974,0,Medium Risk
15279,2010-12-20 10:48:00,2010-02-02 10:15:00,5,1580.54,802,74,192,321,316.108,80.25,64.0,802.0,0.0798004987531172,0,1,0.45763436479793185,0,Medium Risk
14715,2011-02-14 13:19:00,2010-01-19 12:18:00,6,1205.52,637,69,136,391,200.92,78.2,0.0,637.0,0.0,1,0,0.6213657879498777,1,Medium Risk
12803,2010-11-11 14:57:00,2010-11-11 14:57:00,1,1092.81,872,55,231,1,1092.81,1.0,0.0,872.0,0.0,0,1,0.6243669994007128,1,Medium Risk
15474,2010-04-23 11:14:00,2010-04-23 11:14:00,1,150.35,55,19,433,1,150.35,1.0,0.0,55.0,0.0,0,1,0.9696967018204524,1,High Risk
15290,2011-05-20 14:35:00,2010-02-24 10:15:00,16,4585.63,3199,62,41,450,286.601875,30.0,38.0,3199.0,0.0118787120975304,5,0,0.025947746672856504,0,Low Risk
15074,2010-10-06 15:49:00,2010-08-29 11:47:00,2,817.46,608,31,267,38,408.73,38.0,0.0,608.0,0.0,1,0,0.6549420152753398,1,Medium Risk
12841,2011-06-12 12:20:00,2010-07-08 15:38:00,28,5106.08,3594,226,18,338,182.36,12.51851851851852,1.0,3594.0,0.0002782415136338,5,0,0.046745968200050184,0,Low Risk
12665,2011-01-19 08:34:00,2010-02-08 15:11:00,3,313.6,165,13,162,344,104.53333333333336,172.0,8.0,165.0,0.0484848484848484,0,1,0.7224391826976857,1,High Risk
12377,2011-01-28 15:45:00,2010-04-29 15:34:00,4,3426.32,2105,129,153,274,856.58,91.33333333333331,0.0,2105.0,0.0,0,1,0.4071862900201362,0,Medium Risk
12958,2010-11-04 16:16:00,2010-05-05 16:22:00,2,467.34,118,45,238,182,233.67,182.0,0.0,118.0,0.0,0,1,0.8357969262603792,1,High Risk
13192,2011-05-18 14:57:00,2010-01-22 08:37:00,5,2110.96,1332,113,43,481,422.192,120.25,11.0,1332.0,0.0082582582582582,1,0,0.3744162754960808,0,Medium Risk
13340,2011-03-08 11:39:00,2010-02-22 14:54:00,6,15042.11,5471,116,114,378,2507.018333333333,75.6,0.0,5471.0,0.0,4,0,0.4317461757323036,0,Medium Risk
17150,2010-11-28 11:27:00,2009-12-06 10:51:00,6,1357.95,397,64,214,357,226.325,71.4,0.0,397.0,0.0,0,1,0.6933651377024487,1,High Risk
17598,2010-11-23 17:43:00,2010-11-23 17:43:00,1,409.98,126,10,219,1,409.98,1.0,0.0,126.0,0.0,0,1,0.7719581258319558,1,High Risk
16081,2011-06-07 13:31:00,2010-02-03 12:46:00,6,2471.91,1180,155,23,489,411.985,97.8,0.0,1180.0,0.0,1,0,0.2066521772026268,0,Low Risk
12870,2010-11-29 13:42:00,2010-03-25 14:32:00,3,1676.95,906,85,213,248,558.9833333333333,124.0,2.0,906.0,0.0022075055187637,0,1,0.5424964402592226,1,Medium Risk
14824,2010-11-25 12:40:00,2010-03-12 13:07:00,6,2895.2000000000003,1429,76,217,257,482.53333333333336,51.4,20.0,1429.0,0.0139958012596221,2,0,0.47203780759012465,0,Medium Risk
16977,2010-11-09 13:17:00,2010-03-18 11:06:00,4,496.0,142,25,233,236,124.0,78.66666666666667,0.0,142.0,0.0,0,1,0.7050040306706922,1,High Risk
16141,2010-10-18 14:12:00,2010-10-18 14:12:00,1,335.54,172,20,255,1,335.54,1.0,0.0,172.0,0.0,1,0,0.8472910766553601,1,High Risk
13556,2010-10-06 16:44:00,2010-09-30 09:01:00,2,200.82,134,8,267,6,100.41,6.0,0.0,134.0,0.0,0,1,0.8092564627463192,1,High Risk
17797,2011-06-10 11:29:00,2009-12-15 14:30:00,6,1463.85,837,172,20,541,243.975,108.2,0.0,837.0,0.0,0,1,0.5419929574988759,1,Medium Risk
14499,2011-03-06 11:55:00,2010-08-27 11:57:00,5,1416.22,805,119,116,190,283.244,47.5,9.0,805.0,0.0111801242236024,1,0,0.425571364070111,0,Medium Risk
13975,2011-05-08 11:41:00,2010-02-02 13:13:00,8,3749.17,2750,345,53,459,468.64625,65.57142857142857,8.0,2750.0,0.0029090909090909,2,0,0.20167779924256957,0,Low Risk
13782,2011-04-19 14:48:00,2009-12-06 12:52:00,9,1238.52,430,141,72,499,137.61333333333334,62.375,1.0,430.0,0.0023255813953488,1,0,0.26361532609591903,0,Low Risk
17055,2010-09-20 12:21:00,2010-09-20 12:21:00,1,232.85,83,24,283,1,232.85,1.0,0.0,83.0,0.0,0,1,0.884903039095475,1,High Risk
16948,2011-03-23 08:26:00,2010-02-21 13:48:00,6,674.2900000000001,723,17,99,394,112.38166666666667,78.8,0.0,723.0,0.0,1,0,0.4449435071856951,0,Medium Risk
16804,2011-03-14 15:48:00,2011-03-14 15:48:00,1,118.05,34,19,108,1,118.05,1.0,0.0,34.0,0.0,0,1,0.8186276133446396,1,High Risk
18199,2010-01-25 11:32:00,2010-01-25 11:32:00,1,344.75,99,20,521,1,344.75,1.0,1.0,99.0,0.0101010101010101,0,1,0.8931289869579878,1,High Risk
13248,2011-06-03 13:05:00,2011-06-03 13:05:00,1,387.47,251,21,27,1,387.47,1.0,0.0,251.0,0.0,1,0,0.47805358777240914,0,Medium Risk
17300,2010-11-14 10:56:00,2010-08-15 11:02:00,2,393.64,467,37,228,90,196.82,90.0,0.0,467.0,0.0,0,1,0.7298595591984616,1,High Risk
14552,2010-11-24 12:36:00,2010-04-26 13:44:00,2,343.71,168,80,218,211,171.855,211.0,0.0,168.0,0.0,1,0,0.83756054685304,1,High Risk
15629,2010-09-15 13:46:00,2010-06-25 11:39:00,4,2240.9,1518,39,288,82,560.225,27.33333333333333,0.0,1518.0,0.0,0,1,0.7251994342692347,1,High Risk
14211,2011-05-16 10:46:00,2009-12-09 12:48:00,14,3071.08,1830,117,45,522,219.36285714285717,40.15384615384615,23.0,1830.0,0.0125683060109289,2,0,0.06525201908615505,0,Low Risk
13660,2010-11-04 16:10:00,2010-11-04 16:10:00,1,306.64,136,39,238,1,306.64,1.0,2.0,136.0,0.0147058823529411,0,1,0.8407866896259383,1,High Risk
15459,2010-10-18 15:25:00,2010-07-30 14:31:00,2,202.83,121,6,255,80,101.415,80.0,0.0,121.0,0.0,0,1,0.8696942997708565,1,High Risk
14773,2010-04-26 10:29:00,2010-04-26 10:29:00,1,140.55,53,10,430,1,140.55,1.0,3.0,53.0,0.0566037735849056,0,1,0.9522548806736874,1,High Risk
13682,2011-06-05 14:06:00,2011-06-05 14:06:00,1,59.5,10,3,25,1,59.5,1.0,0.0,10.0,0.0,0,1,0.7195013563875738,1,High Risk
12625,2011-05-12 09:54:00,2010-04-22 11:33:00,4,5164.88,3309,144,49,384,1291.22,128.0,35.0,3309.0,0.0105772136597159,0,1,0.3796774290132112,0,Medium Risk
17995,2011-03-03 12:30:00,2010-11-17 17:01:00,3,495.48,263,28,119,105,165.16,52.5,0.0,263.0,0.0,0,1,0.6788083681826143,1,High Risk
15141,2010-09-08 11:33:00,2010-03-28 15:58:00,7,1388.47,1197,44,295,163,198.35285714285715,27.166666666666668,13.0,1197.0,0.010860484544695,0,1,0.769641209381079,1,High Risk
15064,2010-10-25 14:32:00,2009-12-22 16:17:00,4,1254.41,810,75,248,306,313.6025,102.0,0.0,810.0,0.0,0,1,0.7576980244722445,1,High Risk
17009,2010-06-06 16:01:00,2010-06-06 16:01:00,1,242.06,336,10,389,1,242.06,1.0,0.0,336.0,0.0,0,1,0.8785523903228403,1,High Risk
14933,2010-09-22 10:47:00,2010-09-21 17:29:00,4,1770.0,600,1,281,1,442.5,0.3333333333333333,300.0,600.0,0.5,0,1,0.7355769102609457,1,High Risk
14110,2011-06-21 11:57:00,2009-12-01 09:50:00,24,9386.04,4326,149,9,567,391.085,24.65217391304348,12.0,4326.0,0.0027739251040221,4,0,0.008306870319258744,0,Low Risk
12994,2011-03-16 08:31:00,2011-03-16 08:31:00,1,352.6,166,22,106,1,352.6,1.0,7.0,166.0,0.0421686746987951,1,0,0.7733899985087307,1,High Risk
17579,2011-06-13 14:12:00,2010-05-10 14:28:00,2,468.79,208,54,17,398,234.395,398.0,0.0,208.0,0.0,1,0,0.804277845476298,1,High Risk
15352,2010-06-09 11:28:00,2010-06-09 11:28:00,1,111.15,40,34,386,1,111.15,1.0,0.0,40.0,0.0,0,1,0.9466222104537103,1,High Risk
16369,2011-05-27 09:39:00,2010-04-07 16:52:00,5,1465.6,758,42,34,414,293.12,103.5,0.0,758.0,0.0,1,0,0.44200072683100217,0,Medium Risk
16847,2010-03-31 13:32:00,2010-03-31 13:32:00,1,421.4500000000001,177,25,456,1,421.4500000000001,1.0,0.0,177.0,0.0,0,1,0.8571394187966181,1,High Risk
12535,2011-06-06 12:47:00,2011-06-06 12:47:00,1,371.45,115,18,24,1,371.45,1.0,0.0,115.0,0.0,1,0,0.4497863786867647,0,Medium Risk
13197,2010-04-09 09:14:00,2010-04-09 09:14:00,1,373.0100000000001,204,19,447,1,373.0100000000001,1.0,0.0,204.0,0.0,0,1,0.852060086695664,1,High Risk
17571,2011-03-07 11:44:00,2010-06-15 12:50:00,3,563.54,364,95,115,264,187.84666666666664,132.0,0.0,364.0,0.0,1,0,0.6446835039450669,1,Medium Risk
14771,2010-03-28 12:52:00,2009-12-03 09:44:00,2,594.62,622,46,459,115,297.31,115.0,14.0,622.0,0.022508038585209,0,1,0.7698926600427847,1,High Risk
14841,2011-06-13 14:55:00,2009-12-02 16:49:00,12,6242.81,3621,182,17,557,520.2341666666667,50.63636363636363,0.0,3621.0,0.0,0,1,0.08982757868145792,0,Low Risk
12519,2010-08-20 08:21:00,2010-08-20 08:21:00,1,385.7,212,22,314,1,385.7,1.0,7.0,212.0,0.0330188679245283,0,1,0.7763476513608372,1,High Risk
17432,2010-11-19 17:01:00,2009-12-03 19:13:00,7,1363.23,801,174,223,350,194.74714285714285,58.333333333333336,0.0,801.0,0.0,0,1,0.7106410140479987,1,High Risk
13164,2010-05-19 13:52:00,2010-02-10 11:52:00,2,372.2,120,7,407,98,186.1,98.0,6.0,120.0,0.05,0,1,0.806441783542323,1,High Risk
13622,2010-01-12 13:22:00,2010-01-12 13:22:00,1,658.95,379,32,534,1,658.95,1.0,2.0,379.0,0.0052770448548812,0,1,0.6832255141228559,1,High Risk
13996,2010-11-18 16:27:00,2010-11-05 15:07:00,2,895.76,613,29,224,13,447.88,13.0,0.0,613.0,0.0,0,1,0.658039141294479,1,Medium Risk
16417,2010-08-04 09:08:00,2010-08-04 09:08:00,1,35.7,6,1,330,1,35.7,1.0,0.0,6.0,0.0,0,1,0.8507732458865641,1,High Risk
13953,2011-06-28 13:10:00,2009-12-11 12:58:00,9,5375.0,4300,1,2,564,597.2222222222222,70.5,0.0,4300.0,0.0,1,0,0.2573674969419176,0,Low Risk
17603,2010-04-01 11:51:00,2009-12-10 09:44:00,3,1393.66,564,93,455,112,464.5533333333333,56.0,127.0,564.0,0.225177304964539,1,0,0.6843506376241497,1,High Risk
13871,2011-06-30 10:19:00,2009-12-20 13:09:00,10,4493.42,2005,127,0,556,449.342,61.77777777777778,35.0,2005.0,0.0174563591022443,3,0,0.20476179825845447,0,Low Risk
17444,2011-06-20 09:04:00,2011-06-20 09:04:00,1,1171.46,1092,57,10,1,1171.46,1.0,0.0,1092.0,0.0,2,0,0.3364857003614948,0,Medium Risk
14921,2011-05-22 12:51:00,2011-05-22 12:51:00,1,903.01,631,53,39,1,903.01,1.0,0.0,631.0,0.0,0,1,0.3108599376410401,0,Low Risk
13798,2011-06-27 16:48:00,2009-12-08 16:21:00,89,63072.8,39695,154,3,566,708.6831460674158,6.431818181818182,867.0,39695.0,0.0218415417558886,9,0,0.00930421181635154,0,Low Risk
16705,2011-05-16 12:05:00,2009-12-09 13:34:00,30,36088.551,19835,350,45,522,1202.9517,18.0,291.0,19835.0,0.0146710360473909,4,0,0.03881147971832907,0,Low Risk
16104,2010-10-17 10:34:00,2009-12-06 10:41:00,8,2476.25,925,162,256,314,309.53125,44.85714285714285,39.0,925.0,0.0421621621621621,0,1,0.7309312484032028,1,High Risk
17378,2010-11-30 18:46:00,2010-11-30 18:46:00,1,10.95,1,1,212,1,10.95,1.0,1.0,1.0,1.0,0,1,0.860904685461847,1,High Risk
17933,2010-03-17 15:11:00,2010-03-17 15:11:00,1,114.69,63,12,470,1,114.69,1.0,0.0,63.0,0.0,0,1,0.9700442468803825,1,High Risk
16723,2010-09-22 11:05:00,2009-12-04 13:23:00,2,654.96,560,72,281,291,327.48,291.0,0.0,560.0,0.0,2,0,0.7346412145011162,1,High Risk
17773,2010-07-13 14:07:00,2010-01-18 14:32:00,2,575.37,254,48,352,175,287.685,175.0,0.0,254.0,0.0,0,1,0.8515354961014974,1,High Risk
17266,2010-07-28 16:39:00,2010-03-09 10:42:00,2,205.14,90,43,337,141,102.57,141.0,0.0,90.0,0.0,1,0,0.9028090669800173,1,High Risk
17036,2010-11-21 14:26:00,2010-11-21 14:26:00,1,176.9,76,12,221,1,176.9,1.0,0.0,76.0,0.0,0,1,0.9406254515462953,1,High Risk
17289,2011-06-12 13:51:00,2010-03-08 12:52:00,7,1275.23,856,152,18,461,182.1757142857143,76.83333333333333,1.0,856.0,0.0011682242990654,0,1,0.23268630482016323,0,Low Risk
17746,2011-04-13 14:31:00,2010-04-08 12:54:00,4,904.18,688,32,78,370,226.045,123.33333333333331,29.0,688.0,0.0421511627906976,0,1,0.5062338975221364,1,Medium Risk
14700,2011-06-03 11:59:00,2010-08-11 12:19:00,4,2422.06,1140,88,27,295,605.515,98.33333333333331,0.0,1140.0,0.0,0,1,0.21049824774984033,0,Low Risk
13634,2011-04-11 16:17:00,2010-01-10 14:26:00,13,4084.02,1639,186,80,456,314.1553846153846,38.0,156.0,1639.0,0.0951799877974374,2,0,0.1964775233567535,0,Low Risk
17364,2011-05-19 12:50:00,2009-12-07 15:28:00,22,9595.69,6012,387,42,527,436.1677272727273,25.09523809523809,23.0,6012.0,0.0038256819693945,1,0,0.022835650640768722,0,Low Risk
16408,2010-04-27 14:08:00,2010-04-27 14:08:00,1,231.93,227,45,429,1,231.93,1.0,0.0,227.0,0.0,0,1,0.9084738010314928,1,High Risk
16670,2011-06-20 10:42:00,2009-12-10 15:28:00,16,6483.01,3636,216,10,556,405.188125,37.06666666666667,70.0,3636.0,0.0192519251925192,1,0,0.019274523382570553,0,Low Risk
15900,2010-10-22 10:44:00,2010-05-26 11:27:00,3,549.29,440,68,251,148,183.09666666666664,74.0,2.0,440.0,0.0045454545454545,0,1,0.7439855821679736,1,High Risk
17165,2011-02-28 16:39:00,2009-12-11 09:18:00,6,1794.32,788,77,122,444,299.05333333333334,88.8,3.0,788.0,0.0038071065989847,0,1,0.5052057440732293,1,Medium Risk
16456,2011-04-26 09:44:00,2010-03-29 11:16:00,11,5419.18,3005,217,65,392,492.6527272727273,39.2,1.0,3005.0,0.000332778702163,2,0,0.16086976658291807,0,Low Risk
16660,2011-05-13 10:44:00,2010-01-14 11:09:00,5,996.26,648,10,48,483,199.252,120.75,0.0,648.0,0.0,0,1,0.4195445318646173,0,Medium Risk
16024,2010-10-24 11:42:00,2010-10-24 11:40:00,2,232.96,107,21,249,1,116.48,1.0,0.0,107.0,0.0,0,1,0.8865869233858501,1,High Risk
13890,2010-12-16 09:31:00,2009-12-06 15:15:00,5,1233.92,654,50,196,374,246.784,93.5,24.0,654.0,0.036697247706422,1,0,0.6061707085458188,1,Medium Risk
12765,2010-08-24 13:51:00,2010-03-08 09:43:00,6,1404.58,1009,49,310,169,234.09666666666664,33.8,0.0,1009.0,0.0,0,1,0.6977873779935644,1,High Risk
14422,2011-06-22 15:07:00,2009-12-17 12:12:00,15,7040.03,3702,227,8,552,469.3353333333333,39.42857142857143,8.0,3702.0,0.0021609940572663,1,0,0.030102161641246385,0,Low Risk
15479,2009-12-06 15:08:00,2009-12-06 15:08:00,1,147.4,38,9,571,1,147.4,1.0,0.0,38.0,0.0,0,1,0.9562531955128689,1,High Risk
16083,2010-12-14 11:51:00,2010-11-16 11:53:00,3,1371.78,990,51,198,27,457.26,13.5,0.0,990.0,0.0,1,0,0.5570533492934163,1,Medium Risk
17473,2010-10-27 11:45:00,2010-09-09 19:03:00,2,607.0,270,33,246,47,303.5,47.0,3.0,270.0,0.0111111111111111,0,1,0.8113678273377659,1,High Risk
18103,2010-06-08 13:36:00,2010-06-08 13:36:00,1,105.8,23,10,387,1,105.8,1.0,0.0,23.0,0.0,0,1,0.9529156873717898,1,High Risk
15503,2010-12-12 10:57:00,2009-12-13 11:34:00,2,257.3,130,112,200,363,128.65,363.0,0.0,130.0,0.0,0,1,0.8083359347804255,1,High Risk
14439,2011-01-24 11:39:00,2010-01-21 14:01:00,5,9443.04,2244,105,157,367,1888.608,91.75,0.0,2244.0,0.0,0,1,0.46401768120452325,0,Medium Risk
16107,2011-06-09 18:42:00,2011-06-09 18:42:00,1,532.9,94,10,21,1,532.9,1.0,0.0,94.0,0.0,3,0,0.4610374492924398,0,Medium Risk
15848,2010-03-28 10:54:00,2010-03-28 10:54:00,1,137.99,45,34,459,1,137.99,1.0,0.0,45.0,0.0,0,1,0.9515256757100974,1,High Risk
17569,2011-01-11 14:15:00,2011-01-11 14:15:00,1,344.14,159,29,170,1,344.14,1.0,0.0,159.0,0.0,0,1,0.88102861872887,1,High Risk
17591,2011-05-20 13:16:00,2010-01-17 16:09:00,6,1762.92,844,93,41,487,293.82,97.4,1.0,844.0,0.0011848341232227,2,0,0.42506937818262813,0,Medium Risk
17932,2011-06-19 10:39:00,2011-05-12 13:58:00,2,934.51,593,63,11,37,467.255,37.0,0.0,593.0,0.0,0,1,0.24647712046954787,0,Low Risk
16413,2010-11-29 12:49:00,2010-11-29 12:49:00,1,259.83,135,32,213,1,259.83,1.0,0.0,135.0,0.0,0,1,0.8786799104175426,1,High Risk
15428,2010-11-17 13:46:00,2009-12-17 17:46:00,3,668.97,245,35,225,334,222.99,167.0,0.0,245.0,0.0,0,1,0.737890813661462,1,High Risk
17992,2010-11-15 13:04:00,2010-11-15 13:04:00,1,252.88,130,49,227,1,252.88,1.0,0.0,130.0,0.0,0,1,0.8866857196278163,1,High Risk
15504,2010-07-07 12:02:00,2010-02-12 12:34:00,3,349.87,108,33,358,144,116.62333333333332,72.0,1.0,108.0,0.0092592592592592,1,0,0.7832659397355144,1,High Risk
12531,2010-01-22 14:17:00,2010-01-22 14:17:00,1,1807.98,1074,110,524,1,1807.98,1.0,15.0,1074.0,0.0139664804469273,0,1,0.7942246127671735,1,High Risk
16640,2010-11-07 10:48:00,2010-11-07 10:48:00,1,179.4,146,13,235,1,179.4,1.0,0.0,146.0,0.0,0,1,0.8916454649750154,1,High Risk
15084,2010-11-25 11:58:00,2010-03-04 10:45:00,2,965.2,600,31,217,266,482.6,266.0,0.0,600.0,0.0,0,1,0.5781473276860272,1,Medium Risk
13287,2010-04-15 15:26:00,2010-01-04 10:43:00,3,781.59,429,46,441,101,260.53000000000003,50.5,192.0,429.0,0.4475524475524475,0,1,0.7280867673529192,1,High Risk
16969,2011-06-01 12:10:00,2011-06-01 12:10:00,1,397.36,388,27,29,1,397.36,1.0,0.0,388.0,0.0,1,0,0.47279497898658773,0,Medium Risk
14628,2011-04-11 14:43:00,2010-01-25 14:40:00,4,1657.62,981,60,80,441,414.405,147.0,0.0,981.0,0.0,1,0,0.4039491222350598,0,Medium Risk
14314,2010-10-05 08:00:00,2010-10-05 08:00:00,1,109.8,36,2,268,1,109.8,1.0,2.0,36.0,0.0555555555555555,1,0,0.9129088578175083,1,High Risk
14452,2010-11-09 14:13:00,2010-07-06 13:13:00,2,399.9,169,62,233,126,199.95,126.0,0.0,169.0,0.0,1,0,0.8599277536913166,1,High Risk
17734,2011-04-20 10:04:00,2010-03-07 13:55:00,4,854.67,385,49,71,408,213.6675,136.0,0.0,385.0,0.0,1,0,0.5027348103131469,1,Medium Risk
12844,2010-09-23 16:23:00,2010-04-25 11:51:00,2,322.64,98,43,280,151,161.32,151.0,0.0,98.0,0.0,1,0,0.8423899254190796,1,High Risk
15555,2011-06-17 11:02:00,2009-12-06 11:58:00,28,8561.98,5696,514,13,557,305.785,20.62962962962963,291.0,5696.0,0.0510884831460674,3,0,0.006813487986740091,0,Low Risk
15123,2011-05-17 14:57:00,2010-03-16 09:49:00,4,3526.33,1838,113,44,427,881.5825,142.33333333333334,0.0,1838.0,0.0,0,1,0.29675408624383437,0,Low Risk
14993,2010-05-25 12:47:00,2010-05-25 12:47:00,1,36.13,21,9,401,1,36.13,1.0,0.0,21.0,0.0,0,1,0.8577750304313034,1,High Risk
17001,2011-06-19 15:47:00,2010-03-25 12:41:00,14,4861.62,2816,92,11,451,347.25857142857143,34.69230769230769,0.0,2816.0,0.0,2,0,0.034343297783031426,0,Low Risk
16763,2011-05-25 11:52:00,2009-12-01 15:26:00,2,964.7,492,44,36,539,482.35,539.0,1.0,492.0,0.0020325203252032,0,1,0.5082187811128954,1,Medium Risk
13901,2011-03-28 14:33:00,2010-01-05 09:29:00,12,3457.44,1913,178,94,447,288.12,40.63636363636363,18.0,1913.0,0.0094093047569262,3,0,0.2201002694643077,0,Low Risk
13531,2011-05-18 16:56:00,2009-12-03 15:20:00,6,1433.07,497,44,43,531,238.845,106.2,0.0,497.0,0.0,0,1,0.40262103746603106,0,Medium Risk
14850,2011-02-01 11:21:00,2010-05-20 13:28:00,7,1770.96,1393,129,149,256,252.99428571428567,42.66666666666666,16.0,1393.0,0.0114860014357501,0,1,0.43581883057557935,0,Medium Risk
14173,2011-05-04 14:03:00,2009-12-09 12:46:00,3,249.2,84,13,57,511,83.06666666666666,255.5,3.0,84.0,0.0357142857142857,0,1,0.7428891299987949,1,High Risk
18269,2010-12-08 13:53:00,2010-12-08 13:53:00,1,168.6,76,7,204,1,168.6,1.0,6.0,76.0,0.0789473684210526,0,1,0.9473414447645432,1,High Risk
15862,2011-05-19 14:08:00,2009-12-17 11:33:00,11,2170.42,1294,367,42,518,197.3109090909091,51.8,0.0,1294.0,0.0,1,0,0.26862003261191447,0,Low Risk
16769,2011-03-24 13:41:00,2009-12-14 11:10:00,4,1117.05,295,76,98,465,279.2625,155.0,0.0,295.0,0.0,0,1,0.5881426981943886,1,Medium Risk
16699,2010-11-24 14:38:00,2009-12-04 13:31:00,7,994.6,640,51,218,355,142.0857142857143,59.16666666666666,6.0,640.0,0.009375,0,1,0.6961291641782621,1,High Risk
12596,2011-04-11 13:22:00,2011-04-11 13:22:00,1,269.95,156,15,80,1,269.95,1.0,0.0,156.0,0.0,0,1,0.5034308268793409,1,Medium Risk
14943,2010-02-14 16:04:00,2010-02-14 16:04:00,1,107.62,46,5,501,1,107.62,1.0,0.0,46.0,0.0,0,1,0.9375741217149686,1,High Risk
15772,2010-10-17 13:33:00,2010-10-17 13:33:00,1,280.88,110,16,256,1,280.88,1.0,0.0,110.0,0.0,0,1,0.8585779996919761,1,High Risk
15376,2011-05-01 13:45:00,2011-05-01 13:45:00,1,642.37,371,57,60,1,642.37,1.0,0.0,371.0,0.0,1,0,0.4942866579717013,0,Medium Risk
12395,2011-06-30 16:52:00,2010-04-16 10:16:00,10,3436.16,2681,119,0,440,343.616,48.888888888888886,4.0,2681.0,0.0014919806042521,1,0,0.18710301846786614,0,Low Risk
14423,2011-05-05 15:12:00,2010-01-14 11:49:00,3,916.61,419,12,56,476,305.53666666666663,238.0,1.0,419.0,0.0023866348448687,0,1,0.5012420490710899,1,Medium Risk
15441,2010-11-08 15:50:00,2009-12-09 14:55:00,3,1254.21,587,45,234,334,418.07,167.0,0.0,587.0,0.0,0,1,0.6374958221660734,1,Medium Risk
13888,2011-05-05 14:41:00,2010-05-13 11:57:00,6,1635.48,615,110,56,357,272.58,71.4,0.0,615.0,0.0,1,0,0.35922976713581045,0,Medium Risk
17635,2010-10-11 15:12:00,2010-04-28 10:51:00,3,1265.58,770,60,262,166,421.86,83.0,7.0,770.0,0.009090909090909,0,1,0.6026232753150512,1,Medium Risk
14171,2009-12-09 13:50:00,2009-12-09 13:50:00,1,135.0,44,6,568,1,135.0,1.0,0.0,44.0,0.0,1,0,0.9632604604745073,1,High Risk
14413,2010-12-12 13:37:00,2010-01-19 14:27:00,4,764.52,277,93,200,326,191.13,108.66666666666669,0.0,277.0,0.0,0,1,0.7304023352338485,1,High Risk
18231,2011-05-31 14:18:00,2010-01-10 12:13:00,28,6854.17,2915,218,30,506,244.7917857142857,18.74074074074074,15.0,2915.0,0.0051457975986277,0,1,0.019377183069070873,0,Low Risk
13052,2011-05-11 14:12:00,2010-02-23 12:31:00,7,3119.33,1424,161,50,442,445.6185714285714,73.66666666666667,0.0,1424.0,0.0,0,1,0.17367890076579473,0,Low Risk
14296,2010-10-14 14:14:00,2010-05-14 14:34:00,2,456.4,314,27,259,152,228.2,152.0,1.0,314.0,0.0031847133757961,0,1,0.8255613833180748,1,High Risk
14128,2011-03-29 10:49:00,2010-06-06 14:05:00,2,592.25,519,34,93,295,296.125,295.0,3.0,519.0,0.0057803468208092,0,1,0.6107206127512673,1,Medium Risk
13268,2011-06-23 11:38:00,2011-03-17 13:20:00,6,2117.81,2490,206,7,97,352.9683333333333,19.4,21.0,2490.0,0.008433734939759,1,0,0.18672189667007008,0,Low Risk
18277,2010-11-07 15:52:00,2010-08-02 10:26:00,4,1069.67,381,48,235,97,267.4175,32.333333333333336,5.0,381.0,0.0131233595800524,0,1,0.6620194253819842,1,High Risk
15686,2010-10-15 13:50:00,2010-10-15 13:50:00,1,90.0,72,1,258,1,90.0,1.0,0.0,72.0,0.0,0,1,0.8990025330673642,1,High Risk
14840,2011-03-17 12:00:00,2010-06-18 15:42:00,2,362.71,179,20,105,271,181.355,271.0,6.0,179.0,0.0335195530726257,0,1,0.710501695938404,1,High Risk
18144,2011-05-11 13:20:00,2009-12-16 15:57:00,14,3609.85,1584,49,50,510,257.8464285714286,39.23076923076923,0.0,1584.0,0.0,3,0,0.07183024890156016,0,Low Risk
13368,2011-03-28 09:59:00,2010-10-12 10:43:00,4,1121.5,606,45,94,166,280.375,55.333333333333336,12.0,606.0,0.0198019801980198,0,1,0.4621080347387468,0,Medium Risk
14902,2010-11-09 10:29:00,2010-06-04 12:35:00,2,702.96,498,34,233,157,351.48,157.0,4.0,498.0,0.0080321285140562,0,1,0.6887741825428072,1,High Risk
15515,2010-11-17 13:39:00,2010-11-17 13:39:00,1,171.81,131,7,225,1,171.81,1.0,0.0,131.0,0.0,0,1,0.8929497516321369,1,High Risk
17771,2011-01-20 14:13:00,2010-04-29 13:21:00,3,257.4,196,36,161,266,85.8,133.0,0.0,196.0,0.0,0,1,0.6605771755101342,1,High Risk
18150,2011-05-22 10:47:00,2011-05-22 10:47:00,1,227.58,140,14,39,1,227.58,1.0,0.0,140.0,0.0,1,0,0.5231855135301737,1,Medium Risk
12721,2011-06-09 17:53:00,2010-08-25 11:07:00,6,3055.86,1829,146,21,288,509.31,57.6,19.0,1829.0,0.0103881902679059,1,0,0.1289192758493845,0,Low Risk
14394,2010-05-24 10:43:00,2010-05-24 10:43:00,1,93.8,58,6,402,1,93.8,1.0,0.0,58.0,0.0,0,1,0.9535052351847318,1,High Risk
14561,2011-06-30 13:43:00,2011-06-08 13:26:00,2,566.99,375,35,0,22,283.495,22.0,0.0,375.0,0.0,1,0,0.4464074030475506,0,Medium Risk
14790,2011-03-31 11:49:00,2009-12-11 14:37:00,7,1933.72,2079,54,91,474,276.2457142857143,79.0,0.0,2079.0,0.0,1,0,0.17767764982144293,0,Low Risk
12845,2011-03-17 13:34:00,2011-02-22 14:10:00,4,354.09,204,26,105,22,88.5225,7.333333333333333,0.0,204.0,0.0,0,1,0.6892955856534227,1,High Risk
13592,2011-05-18 09:13:00,2011-03-20 14:01:00,3,205.51,71,12,43,58,68.50333333333333,29.0,0.0,71.0,0.0,0,1,0.49371478069766456,0,Medium Risk
14878,2011-06-19 11:14:00,2010-02-21 11:14:00,22,3683.43,2244,150,11,483,167.42863636363634,23.0,253.0,2244.0,0.1127450980392156,1,0,0.09585414508613754,0,Low Risk
16114,2011-06-22 10:13:00,2011-06-22 10:13:00,1,135.75000000000003,43,8,8,1,135.75000000000003,1.0,0.0,43.0,0.0,0,1,0.47245853164038293,0,Medium Risk
15774,2010-10-17 12:59:00,2010-02-21 12:57:00,5,1017.54,378,69,256,238,203.508,59.5,1.0,378.0,0.0026455026455026,0,1,0.8378916464341696,1,High Risk
15678,2010-11-09 14:38:00,2010-07-05 12:49:00,2,1473.24,838,67,233,127,736.62,127.0,0.0,838.0,0.0,0,1,0.5359719372933509,1,Medium Risk
17265,2011-06-12 12:00:00,2011-06-12 12:00:00,1,377.84,214,72,18,1,377.84,1.0,0.0,214.0,0.0,1,0,0.4628749086126979,0,Medium Risk
14823,2011-06-12 13:12:00,2011-05-29 12:48:00,3,321.43,88,56,18,14,107.14333333333332,7.0,0.0,88.0,0.0,0,1,0.41273978908614933,0,Medium Risk
15965,2010-12-07 13:18:00,2009-12-03 11:45:00,10,2119.26,953,144,205,369,211.926,41.0,5.0,953.0,0.0052465897166841,0,1,0.6544092788402975,1,Medium Risk
14611,2010-09-22 09:19:00,2010-04-20 10:19:00,2,604.3299999999999,582,37,281,154,302.165,154.0,1.0,582.0,0.0017182130584192,0,1,0.7493026065146622,1,High Risk
15931,2010-10-07 16:46:00,2010-10-07 16:46:00,1,239.9,118,14,266,1,239.9,1.0,0.0,118.0,0.0,0,1,0.8532102001885958,1,High Risk
15727,2011-05-25 15:18:00,2010-01-24 12:12:00,12,7443.62,4260,344,36,486,620.3016666666666,44.18181818181818,0.0,4260.0,0.0,2,0,0.057777134046076775,0,Low Risk
13239,2011-03-23 10:25:00,2010-07-25 13:34:00,5,1594.69,1151,86,99,240,318.938,60.0,3.0,1187.0,0.0025273799494524,0,1,0.3283178031183638,0,Low Risk
16334,2010-08-04 16:38:00,2010-08-04 16:38:00,1,263.73,206,54,330,1,263.73,1.0,0.0,206.0,0.0,0,1,0.9051560134008324,1,High Risk
13628,2010-02-01 14:44:00,2010-02-01 14:44:00,1,310.14,106,16,514,1,310.14,1.0,0.0,106.0,0.0,0,1,0.8949742382166649,1,High Risk
17837,2011-06-29 16:44:00,2011-06-29 16:44:00,1,119.8,28,12,1,1,119.8,1.0,0.0,28.0,0.0,3,0,0.5191040666719127,1,Medium Risk
17750,2011-06-28 15:44:00,2011-06-28 15:44:00,1,288.08,407,38,2,1,288.08,1.0,0.0,407.0,0.0,5,0,0.4535248010850195,0,Medium Risk
12770,2011-05-13 09:33:00,2010-09-09 11:43:00,2,3246.45,1843,19,48,245,1623.225,245.0,72.0,1843.0,0.0390667390124796,0,1,0.5667911365294166,1,Medium Risk
17689,2010-11-16 13:22:00,2010-08-22 13:54:00,2,317.08,300,17,226,85,158.54,85.0,0.0,300.0,0.0,0,1,0.7907934061466062,1,High Risk
14972,2010-11-23 16:17:00,2010-11-23 16:17:00,1,30.300000000000004,12,2,219,1,30.300000000000004,1.0,0.0,12.0,0.0,1,0,0.9155116921374722,1,High Risk
16059,2011-06-29 10:50:00,2010-05-19 13:04:00,10,2545.01,1180,207,1,405,254.50100000000003,45.0,0.0,1180.0,0.0,1,0,0.18906483558638107,0,Low Risk
17159,2011-06-21 09:49:00,2010-03-04 14:53:00,3,1089.16,542,51,9,473,363.0533333333333,236.5,0.0,542.0,0.0,1,0,0.47917646038145695,0,Medium Risk
12606,2010-01-26 16:23:00,2010-01-26 16:23:00,1,21.0,1,1,520,1,21.0,1.0,0.0,1.0,0.0,0,1,0.8578619980186455,1,High Risk
14365,2010-11-10 09:52:00,2010-01-27 09:44:00,2,634.68,557,50,232,287,317.34,287.0,0.0,557.0,0.0,0,1,0.7530962862160394,1,High Risk
15623,2010-11-11 10:19:00,2009-12-10 14:46:00,7,2136.02,962,77,231,335,305.1457142857143,55.833333333333336,0.0,962.0,0.0,1,0,0.6354318066513781,1,Medium Risk
15157,2010-12-16 13:44:00,2009-12-10 14:44:00,3,1803.5,2152,81,196,370,601.1666666666666,185.0,72.0,2152.0,0.0334572490706319,1,0,0.5812176836183763,1,Medium Risk
16095,2010-09-09 16:54:00,2010-09-09 16:54:00,1,447.05,265,30,294,1,447.05,1.0,0.0,265.0,0.0,0,1,0.8452571060080554,1,High Risk
14201,2011-06-06 14:35:00,2010-04-30 13:00:00,7,857.2,518,32,24,402,122.45714285714288,67.0,12.0,518.0,0.0231660231660231,2,0,0.3068051203133356,0,Low Risk
14676,2011-05-16 15:28:00,2010-03-10 09:30:00,9,6957.07,7372,66,45,432,773.0077777777777,54.0,48.0,7372.0,0.0065111231687466,2,0,0.15296631509112715,0,Low Risk
14717,2009-12-06 13:05:00,2009-12-06 13:05:00,1,81.3,32,11,571,1,81.3,1.0,2.0,32.0,0.0625,0,1,0.9230079559981823,1,High Risk
17306,2011-06-17 09:12:00,2010-11-01 11:38:00,13,5625.68,8784,13,13,227,432.7446153846154,18.916666666666668,21.0,8784.0,0.0023907103825136,5,0,0.03474862919366354,0,Low Risk
17107,2011-05-15 12:21:00,2010-01-31 15:47:00,6,9372.6,4554,279,46,468,1562.1,93.6,11.0,4554.0,0.002415458937198,2,0,0.44667113397504543,0,Medium Risk
17006,2010-11-12 13:43:00,2010-03-05 13:33:00,4,853.49,300,77,230,252,213.3725,84.0,0.0,300.0,0.0,1,0,0.7937805225375908,1,High Risk
13710,2010-10-12 10:22:00,2010-04-06 12:54:00,2,329.04,160,7,261,188,164.52,188.0,0.0,160.0,0.0,0,1,0.8301883903101916,1,High Risk
16289,2010-09-03 14:02:00,2010-09-03 14:02:00,1,136.31,97,21,300,1,136.31,1.0,10.0,97.0,0.1030927835051546,0,1,0.9170899608029889,1,High Risk
17105,2011-02-06 14:46:00,2011-02-06 14:46:00,1,319.4,359,38,144,1,319.4,1.0,0.0,359.0,0.0,1,0,0.7237391897442869,1,High Risk
15554,2011-03-07 09:00:00,2011-03-07 09:00:00,1,217.2,74,14,115,1,217.2,1.0,0.0,74.0,0.0,0,1,0.8174545054605965,1,High Risk
15482,2011-06-27 10:29:00,2009-12-02 16:59:00,11,5465.9,2187,46,3,571,496.9,57.1,1.0,2187.0,0.0004572473708276,0,1,0.26161481344598697,0,Low Risk
13607,2010-11-02 11:48:00,2010-11-02 11:48:00,1,400.3,178,24,240,1,400.3,1.0,6.0,178.0,0.0337078651685393,0,1,0.8022553418045213,1,High Risk
17322,2010-11-28 14:41:00,2009-12-03 11:46:00,5,922.59,631,115,214,360,184.518,90.0,7.0,631.0,0.011093502377179,0,1,0.7102640084436237,1,High Risk
15570,2011-05-17 14:46:00,2010-03-28 14:04:00,21,7096.39,2949,392,44,415,337.92333333333335,20.75,10.0,2949.0,0.003390979993218,1,0,0.028180097898527497,0,Low Risk
14736,2010-08-11 15:21:00,2010-08-11 15:13:00,2,374.05,148,70,323,1,187.025,1.0,0.0,148.0,0.0,0,1,0.8821586417533398,1,High Risk
14695,2010-07-08 14:18:00,2009-12-07 11:05:00,3,1534.22,661,76,357,213,511.4066666666667,106.5,54.0,661.0,0.0816944024205748,0,1,0.7258600367051857,1,High Risk
12705,2011-05-22 14:03:00,2010-06-24 09:51:00,8,8057.91,4927,251,39,332,1007.23875,47.42857142857143,74.0,4927.0,0.0150192815100466,2,0,0.19428002791689117,0,Low Risk
13297,2010-11-19 13:49:00,2010-06-15 12:35:00,3,2278.77,1731,58,223,157,759.59,78.5,1.0,1731.0,0.0005777007510109,0,1,0.4274147116273538,0,Medium Risk
17304,2010-06-23 16:23:00,2010-06-23 16:23:00,1,111.5,73,5,372,1,111.5,1.0,0.0,73.0,0.0,0,1,0.9422913988031636,1,High Risk
